[    1311ms] [INFO] %cDownload the React DevTools for a better development experience: https://react.dev/link/react-devtools font-weight:bold @ http://localhost:3000/_next/static/chunks/node_modules_next_dist_1e8vcs8._.js:791
[    1380ms] [LOG] [HMR] connected @ http://localhost:3000/_next/static/chunks/node_modules_next_dist_1e8vcs8._.js:791
[    1492ms] [LOG] Loading Tawk.to widget... @ http://localhost:3000/_next/static/chunks/node_modules_next_dist_1e8vcs8._.js:791
[    1498ms] [LOG] Tawk.to already loaded @ http://localhost:3000/_next/static/chunks/node_modules_next_dist_1e8vcs8._.js:791
[    1565ms] [LOG] [Fast Refresh] rebuilding @ http://localhost:3000/_next/static/chunks/node_modules_next_dist_1e8vcs8._.js:791
[    1626ms] [LOG] [Fast Refresh] done in 171ms @ http://localhost:3000/_next/static/chunks/node_modules_next_dist_1e8vcs8._.js:791
[    1712ms] [LOG] Tawk.to script loaded successfully @ http://localhost:3000/_next/static/chunks/node_modules_next_dist_1e8vcs8._.js:791
[    2522ms] Uncaught TypeError: Cannot read properties of undefined (reading '$el')
    at <anonymous> (https://embed.tawk.to/_s/v4/app/6a7f7fd8722/js/twk-chunk-2d0c8092.js:0:1968)
[    3592ms] [LOG] Tawk.to widget fully loaded and ready @ http://localhost:3000/_next/static/chunks/node_modules_next_dist_1e8vcs8._.js:791
[    3592ms] [LOG] Tawk.to auto-popup already shown before, skipping @ http://localhost:3000/_next/static/chunks/node_modules_next_dist_1e8vcs8._.js:791
[  363858ms] [LOG] [Fast Refresh] rebuilding @ http://localhost:3000/_next/static/chunks/node_modules_next_dist_1e8vcs8._.js:791
[  363927ms] [LOG] [Fast Refresh] done in 16ms @ http://localhost:3000/_next/static/chunks/node_modules_next_dist_1e8vcs8._.js:791
[  364002ms] [LOG] [Fast Refresh] done in 16ms @ http://localhost:3000/_next/static/chunks/node_modules_next_dist_1e8vcs8._.js:791
[  364060ms] [LOG] [Fast Refresh] done in 16ms @ http://localhost:3000/_next/static/chunks/node_modules_next_dist_1e8vcs8._.js:791
[  364137ms] [LOG] [Fast Refresh] done in 16ms @ http://localhost:3000/_next/static/chunks/node_modules_next_dist_1e8vcs8._.js:791
[  364209ms] [LOG] [Fast Refresh] done in 16ms @ http://localhost:3000/_next/static/chunks/node_modules_next_dist_1e8vcs8._.js:791
[  364269ms] [LOG] [Fast Refresh] done in 16ms @ http://localhost:3000/_next/static/chunks/node_modules_next_dist_1e8vcs8._.js:791
[  364334ms] [LOG] [Fast Refresh] done in 16ms @ http://localhost:3000/_next/static/chunks/node_modules_next_dist_1e8vcs8._.js:791
[  364387ms] [LOG] [Fast Refresh] done in 16ms @ http://localhost:3000/_next/static/chunks/node_modules_next_dist_1e8vcs8._.js:791
[  364469ms] [LOG] [Fast Refresh] done in 16ms @ http://localhost:3000/_next/static/chunks/node_modules_next_dist_1e8vcs8._.js:791
[  364647ms] [LOG] [Fast Refresh] done in 16ms @ http://localhost:3000/_next/static/chunks/node_modules_next_dist_1e8vcs8._.js:791
[  364706ms] [LOG] [Fast Refresh] done in 16ms @ http://localhost:3000/_next/static/chunks/node_modules_next_dist_1e8vcs8._.js:791
[  364767ms] [LOG] [Fast Refresh] done in 16ms @ http://localhost:3000/_next/static/chunks/node_modules_next_dist_1e8vcs8._.js:791
[  364844ms] [LOG] [Fast Refresh] done in 16ms @ http://localhost:3000/_next/static/chunks/node_modules_next_dist_1e8vcs8._.js:791
[  364916ms] [LOG] [Fast Refresh] done in 16ms @ http://localhost:3000/_next/static/chunks/node_modules_next_dist_1e8vcs8._.js:791
[  364974ms] [LOG] [Fast Refresh] done in 16ms @ http://localhost:3000/_next/static/chunks/node_modules_next_dist_1e8vcs8._.js:791
[  365036ms] [LOG] [Fast Refresh] done in 16ms @ http://localhost:3000/_next/static/chunks/node_modules_next_dist_1e8vcs8._.js:791
[  365098ms] [LOG] [Fast Refresh] done in 16ms @ http://localhost:3000/_next/static/chunks/node_modules_next_dist_1e8vcs8._.js:791
[  365148ms] [LOG] [Fast Refresh] done in 16ms @ http://localhost:3000/_next/static/chunks/node_modules_next_dist_1e8vcs8._.js:791
[  365237ms] [LOG] [Fast Refresh] done in 16ms @ http://localhost:3000/_next/static/chunks/node_modules_next_dist_1e8vcs8._.js:791
[  365301ms] [LOG] [Fast Refresh] done in 16ms @ http://localhost:3000/_next/static/chunks/node_modules_next_dist_1e8vcs8._.js:791
[  365370ms] [LOG] [Fast Refresh] done in 16ms @ http://localhost:3000/_next/static/chunks/node_modules_next_dist_1e8vcs8._.js:791
[  365448ms] [LOG] [Fast Refresh] done in 16ms @ http://localhost:3000/_next/static/chunks/node_modules_next_dist_1e8vcs8._.js:791
[  365515ms] [LOG] [Fast Refresh] done in 16ms @ http://localhost:3000/_next/static/chunks/node_modules_next_dist_1e8vcs8._.js:791
[  365582ms] [LOG] [Fast Refresh] done in 16ms @ http://localhost:3000/_next/static/chunks/node_modules_next_dist_1e8vcs8._.js:791
[  365650ms] [LOG] [Fast Refresh] done in 16ms @ http://localhost:3000/_next/static/chunks/node_modules_next_dist_1e8vcs8._.js:791
[  365818ms] [LOG] [Fast Refresh] rebuilding @ http://localhost:3000/_next/static/chunks/node_modules_next_dist_1e8vcs8._.js:791
[  365903ms] [LOG] [Fast Refresh] done in 77ms @ http://localhost:3000/_next/static/chunks/node_modules_next_dist_1e8vcs8._.js:791
[  366098ms] [LOG] [Fast Refresh] done in 77ms @ http://localhost:3000/_next/static/chunks/node_modules_next_dist_1e8vcs8._.js:791
[  366215ms] [LOG] [Fast Refresh] done in 77ms @ http://localhost:3000/_next/static/chunks/node_modules_next_dist_1e8vcs8._.js:791
[  366374ms] [LOG] [Fast Refresh] done in 77ms @ http://localhost:3000/_next/static/chunks/node_modules_next_dist_1e8vcs8._.js:791
[  366521ms] [LOG] [Fast Refresh] done in 77ms @ http://localhost:3000/_next/static/chunks/node_modules_next_dist_1e8vcs8._.js:791
[  366584ms] [LOG] [Fast Refresh] done in 77ms @ http://localhost:3000/_next/static/chunks/node_modules_next_dist_1e8vcs8._.js:791
[  366663ms] [LOG] [Fast Refresh] done in 77ms @ http://localhost:3000/_next/static/chunks/node_modules_next_dist_1e8vcs8._.js:791
[  366822ms] [LOG] [Fast Refresh] done in 77ms @ http://localhost:3000/_next/static/chunks/node_modules_next_dist_1e8vcs8._.js:791
[  366932ms] [LOG] [Fast Refresh] done in 77ms @ http://localhost:3000/_next/static/chunks/node_modules_next_dist_1e8vcs8._.js:791
[  367005ms] [LOG] [Fast Refresh] done in 77ms @ http://localhost:3000/_next/static/chunks/node_modules_next_dist_1e8vcs8._.js:791
[  367066ms] [LOG] [Fast Refresh] done in 77ms @ http://localhost:3000/_next/static/chunks/node_modules_next_dist_1e8vcs8._.js:791
[  367128ms] [LOG] [Fast Refresh] done in 77ms @ http://localhost:3000/_next/static/chunks/node_modules_next_dist_1e8vcs8._.js:791
[  367189ms] [LOG] [Fast Refresh] done in 77ms @ http://localhost:3000/_next/static/chunks/node_modules_next_dist_1e8vcs8._.js:791
[  367253ms] [LOG] [Fast Refresh] done in 77ms @ http://localhost:3000/_next/static/chunks/node_modules_next_dist_1e8vcs8._.js:791
[  367317ms] [LOG] [Fast Refresh] done in 77ms @ http://localhost:3000/_next/static/chunks/node_modules_next_dist_1e8vcs8._.js:791
[  367379ms] [LOG] [Fast Refresh] done in 77ms @ http://localhost:3000/_next/static/chunks/node_modules_next_dist_1e8vcs8._.js:791
[  367443ms] [LOG] [Fast Refresh] done in 77ms @ http://localhost:3000/_next/static/chunks/node_modules_next_dist_1e8vcs8._.js:791
[  367504ms] [LOG] [Fast Refresh] done in 77ms @ http://localhost:3000/_next/static/chunks/node_modules_next_dist_1e8vcs8._.js:791
[  367645ms] [LOG] [Fast Refresh] done in 77ms @ http://localhost:3000/_next/static/chunks/node_modules_next_dist_1e8vcs8._.js:791
[  367708ms] [LOG] [Fast Refresh] done in 77ms @ http://localhost:3000/_next/static/chunks/node_modules_next_dist_1e8vcs8._.js:791
[  367772ms] [LOG] [Fast Refresh] done in 77ms @ http://localhost:3000/_next/static/chunks/node_modules_next_dist_1e8vcs8._.js:791
[  367826ms] [LOG] [Fast Refresh] done in 77ms @ http://localhost:3000/_next/static/chunks/node_modules_next_dist_1e8vcs8._.js:791
[  367887ms] [LOG] [Fast Refresh] done in 77ms @ http://localhost:3000/_next/static/chunks/node_modules_next_dist_1e8vcs8._.js:791
[  367983ms] [LOG] [Fast Refresh] done in 77ms @ http://localhost:3000/_next/static/chunks/node_modules_next_dist_1e8vcs8._.js:791
[  368043ms] [LOG] [Fast Refresh] done in 77ms @ http://localhost:3000/_next/static/chunks/node_modules_next_dist_1e8vcs8._.js:791
[  368105ms] [LOG] [Fast Refresh] done in 77ms @ http://localhost:3000/_next/static/chunks/node_modules_next_dist_1e8vcs8._.js:791
[  368168ms] [LOG] [Fast Refresh] done in 77ms @ http://localhost:3000/_next/static/chunks/node_modules_next_dist_1e8vcs8._.js:791
[  368230ms] [LOG] [Fast Refresh] done in 77ms @ http://localhost:3000/_next/static/chunks/node_modules_next_dist_1e8vcs8._.js:791
[  368293ms] [LOG] [Fast Refresh] done in 77ms @ http://localhost:3000/_next/static/chunks/node_modules_next_dist_1e8vcs8._.js:791
[  368354ms] [LOG] [Fast Refresh] done in 77ms @ http://localhost:3000/_next/static/chunks/node_modules_next_dist_1e8vcs8._.js:791
[  368405ms] [LOG] [Fast Refresh] done in 77ms @ http://localhost:3000/_next/static/chunks/node_modules_next_dist_1e8vcs8._.js:791
[  368467ms] [LOG] [Fast Refresh] done in 77ms @ http://localhost:3000/_next/static/chunks/node_modules_next_dist_1e8vcs8._.js:791
[  368529ms] [LOG] [Fast Refresh] done in 77ms @ http://localhost:3000/_next/static/chunks/node_modules_next_dist_1e8vcs8._.js:791
[  368587ms] [LOG] [Fast Refresh] done in 77ms @ http://localhost:3000/_next/static/chunks/node_modules_next_dist_1e8vcs8._.js:791
[  368642ms] [LOG] [Fast Refresh] done in 77ms @ http://localhost:3000/_next/static/chunks/node_modules_next_dist_1e8vcs8._.js:791
[  368705ms] [LOG] [Fast Refresh] done in 77ms @ http://localhost:3000/_next/static/chunks/node_modules_next_dist_1e8vcs8._.js:791
[  368767ms] [LOG] [Fast Refresh] done in 77ms @ http://localhost:3000/_next/static/chunks/node_modules_next_dist_1e8vcs8._.js:791
[  368829ms] [LOG] [Fast Refresh] done in 77ms @ http://localhost:3000/_next/static/chunks/node_modules_next_dist_1e8vcs8._.js:791
[  368891ms] [LOG] [Fast Refresh] done in 77ms @ http://localhost:3000/_next/static/chunks/node_modules_next_dist_1e8vcs8._.js:791
[  368953ms] [LOG] [Fast Refresh] done in 77ms @ http://localhost:3000/_next/static/chunks/node_modules_next_dist_1e8vcs8._.js:791
[  369015ms] [LOG] [Fast Refresh] done in 77ms @ http://localhost:3000/_next/static/chunks/node_modules_next_dist_1e8vcs8._.js:791
[  369076ms] [LOG] [Fast Refresh] done in 77ms @ http://localhost:3000/_next/static/chunks/node_modules_next_dist_1e8vcs8._.js:791
[  369139ms] [LOG] [Fast Refresh] done in 77ms @ http://localhost:3000/_next/static/chunks/node_modules_next_dist_1e8vcs8._.js:791
[  369200ms] [LOG] [Fast Refresh] done in 77ms @ http://localhost:3000/_next/static/chunks/node_modules_next_dist_1e8vcs8._.js:791
[  369263ms] [LOG] [Fast Refresh] done in 77ms @ http://localhost:3000/_next/static/chunks/node_modules_next_dist_1e8vcs8._.js:791
[  369328ms] [LOG] [Fast Refresh] done in 77ms @ http://localhost:3000/_next/static/chunks/node_modules_next_dist_1e8vcs8._.js:791
[  369389ms] [LOG] [Fast Refresh] done in 77ms @ http://localhost:3000/_next/static/chunks/node_modules_next_dist_1e8vcs8._.js:791
[  369451ms] [LOG] [Fast Refresh] done in 77ms @ http://localhost:3000/_next/static/chunks/node_modules_next_dist_1e8vcs8._.js:791
[  369514ms] [LOG] [Fast Refresh] done in 77ms @ http://localhost:3000/_next/static/chunks/node_modules_next_dist_1e8vcs8._.js:791
[  369577ms] [LOG] [Fast Refresh] done in 77ms @ http://localhost:3000/_next/static/chunks/node_modules_next_dist_1e8vcs8._.js:791
[  369640ms] [LOG] [Fast Refresh] done in 77ms @ http://localhost:3000/_next/static/chunks/node_modules_next_dist_1e8vcs8._.js:791
[  369702ms] [LOG] [Fast Refresh] done in 77ms @ http://localhost:3000/_next/static/chunks/node_modules_next_dist_1e8vcs8._.js:791
[  369764ms] [LOG] [Fast Refresh] done in 77ms @ http://localhost:3000/_next/static/chunks/node_modules_next_dist_1e8vcs8._.js:791
[  369826ms] [LOG] [Fast Refresh] done in 77ms @ http://localhost:3000/_next/static/chunks/node_modules_next_dist_1e8vcs8._.js:791
[  369888ms] [LOG] [Fast Refresh] done in 77ms @ http://localhost:3000/_next/static/chunks/node_modules_next_dist_1e8vcs8._.js:791
[  369950ms] [LOG] [Fast Refresh] done in 77ms @ http://localhost:3000/_next/static/chunks/node_modules_next_dist_1e8vcs8._.js:791
[  370012ms] [LOG] [Fast Refresh] done in 77ms @ http://localhost:3000/_next/static/chunks/node_modules_next_dist_1e8vcs8._.js:791
[  370075ms] [LOG] [Fast Refresh] done in 77ms @ http://localhost:3000/_next/static/chunks/node_modules_next_dist_1e8vcs8._.js:791
[  370138ms] [LOG] [Fast Refresh] done in 77ms @ http://localhost:3000/_next/static/chunks/node_modules_next_dist_1e8vcs8._.js:791
[  370200ms] [LOG] [Fast Refresh] done in 77ms @ http://localhost:3000/_next/static/chunks/node_modules_next_dist_1e8vcs8._.js:791
[  370261ms] [LOG] [Fast Refresh] done in 77ms @ http://localhost:3000/_next/static/chunks/node_modules_next_dist_1e8vcs8._.js:791
[  370324ms] [LOG] [Fast Refresh] done in 77ms @ http://localhost:3000/_next/static/chunks/node_modules_next_dist_1e8vcs8._.js:791
[  370387ms] [LOG] [Fast Refresh] done in 77ms @ http://localhost:3000/_next/static/chunks/node_modules_next_dist_1e8vcs8._.js:791
[  370449ms] [LOG] [Fast Refresh] done in 77ms @ http://localhost:3000/_next/static/chunks/node_modules_next_dist_1e8vcs8._.js:791
[  370511ms] [LOG] [Fast Refresh] done in 77ms @ http://localhost:3000/_next/static/chunks/node_modules_next_dist_1e8vcs8._.js:791
[  370575ms] [LOG] [Fast Refresh] done in 77ms @ http://localhost:3000/_next/static/chunks/node_modules_next_dist_1e8vcs8._.js:791
[  370638ms] [LOG] [Fast Refresh] done in 77ms @ http://localhost:3000/_next/static/chunks/node_modules_next_dist_1e8vcs8._.js:791
[  370699ms] [LOG] [Fast Refresh] done in 77ms @ http://localhost:3000/_next/static/chunks/node_modules_next_dist_1e8vcs8._.js:791
[  370762ms] [LOG] [Fast Refresh] done in 77ms @ http://localhost:3000/_next/static/chunks/node_modules_next_dist_1e8vcs8._.js:791
[  370824ms] [LOG] [Fast Refresh] done in 77ms @ http://localhost:3000/_next/static/chunks/node_modules_next_dist_1e8vcs8._.js:791
[  370887ms] [LOG] [Fast Refresh] done in 77ms @ http://localhost:3000/_next/static/chunks/node_modules_next_dist_1e8vcs8._.js:791
[  370950ms] [LOG] [Fast Refresh] done in 77ms @ http://localhost:3000/_next/static/chunks/node_modules_next_dist_1e8vcs8._.js:791
[  371012ms] [LOG] [Fast Refresh] done in 77ms @ http://localhost:3000/_next/static/chunks/node_modules_next_dist_1e8vcs8._.js:791
[  371074ms] [LOG] [Fast Refresh] done in 77ms @ http://localhost:3000/_next/static/chunks/node_modules_next_dist_1e8vcs8._.js:791
[  371134ms] [LOG] [Fast Refresh] done in 77ms @ http://localhost:3000/_next/static/chunks/node_modules_next_dist_1e8vcs8._.js:791
[  371196ms] [LOG] [Fast Refresh] done in 77ms @ http://localhost:3000/_next/static/chunks/node_modules_next_dist_1e8vcs8._.js:791
[  371251ms] [LOG] [Fast Refresh] done in 77ms @ http://localhost:3000/_next/static/chunks/node_modules_next_dist_1e8vcs8._.js:791
[  371317ms] [LOG] [Fast Refresh] done in 77ms @ http://localhost:3000/_next/static/chunks/node_modules_next_dist_1e8vcs8._.js:791
[  371377ms] [LOG] [Fast Refresh] done in 77ms @ http://localhost:3000/_next/static/chunks/node_modules_next_dist_1e8vcs8._.js:791
[  371438ms] [LOG] [Fast Refresh] done in 77ms @ http://localhost:3000/_next/static/chunks/node_modules_next_dist_1e8vcs8._.js:791
[  371500ms] [LOG] [Fast Refresh] done in 77ms @ http://localhost:3000/_next/static/chunks/node_modules_next_dist_1e8vcs8._.js:791
[  371562ms] [LOG] [Fast Refresh] done in 77ms @ http://localhost:3000/_next/static/chunks/node_modules_next_dist_1e8vcs8._.js:791
[  371628ms] [LOG] [Fast Refresh] done in 77ms @ http://localhost:3000/_next/static/chunks/node_modules_next_dist_1e8vcs8._.js:791
[  371686ms] [LOG] [Fast Refresh] done in 77ms @ http://localhost:3000/_next/static/chunks/node_modules_next_dist_1e8vcs8._.js:791
[  371779ms] [LOG] [Fast Refresh] done in 77ms @ http://localhost:3000/_next/static/chunks/node_modules_next_dist_1e8vcs8._.js:791
[  372127ms] [LOG] [Fast Refresh] done in 77ms @ http://localhost:3000/_next/static/chunks/node_modules_next_dist_1e8vcs8._.js:791
[  372192ms] [LOG] [Fast Refresh] done in 77ms @ http://localhost:3000/_next/static/chunks/node_modules_next_dist_1e8vcs8._.js:791
[  372244ms] [LOG] [Fast Refresh] done in 77ms @ http://localhost:3000/_next/static/chunks/node_modules_next_dist_1e8vcs8._.js:791
[  372292ms] [LOG] [Fast Refresh] done in 77ms @ http://localhost:3000/_next/static/chunks/node_modules_next_dist_1e8vcs8._.js:791
[  372354ms] [LOG] [Fast Refresh] done in 77ms @ http://localhost:3000/_next/static/chunks/node_modules_next_dist_1e8vcs8._.js:791
[  372416ms] [LOG] [Fast Refresh] done in 77ms @ http://localhost:3000/_next/static/chunks/node_modules_next_dist_1e8vcs8._.js:791
[  372479ms] [LOG] [Fast Refresh] done in 77ms @ http://localhost:3000/_next/static/chunks/node_modules_next_dist_1e8vcs8._.js:791
[  372540ms] [LOG] [Fast Refresh] done in 77ms @ http://localhost:3000/_next/static/chunks/node_modules_next_dist_1e8vcs8._.js:791
[  372603ms] [LOG] [Fast Refresh] done in 77ms @ http://localhost:3000/_next/static/chunks/node_modules_next_dist_1e8vcs8._.js:791
[  372665ms] [LOG] [Fast Refresh] done in 77ms @ http://localhost:3000/_next/static/chunks/node_modules_next_dist_1e8vcs8._.js:791
[  372727ms] [LOG] [Fast Refresh] done in 77ms @ http://localhost:3000/_next/static/chunks/node_modules_next_dist_1e8vcs8._.js:791
[  372791ms] [LOG] [Fast Refresh] done in 77ms @ http://localhost:3000/_next/static/chunks/node_modules_next_dist_1e8vcs8._.js:791
[  372851ms] [LOG] [Fast Refresh] done in 77ms @ http://localhost:3000/_next/static/chunks/node_modules_next_dist_1e8vcs8._.js:791
[  372914ms] [LOG] [Fast Refresh] done in 77ms @ http://localhost:3000/_next/static/chunks/node_modules_next_dist_1e8vcs8._.js:791
[  372974ms] [LOG] [Fast Refresh] done in 77ms @ http://localhost:3000/_next/static/chunks/node_modules_next_dist_1e8vcs8._.js:791
[  373036ms] [LOG] [Fast Refresh] done in 77ms @ http://localhost:3000/_next/static/chunks/node_modules_next_dist_1e8vcs8._.js:791
[  373091ms] [LOG] [Fast Refresh] done in 77ms @ http://localhost:3000/_next/static/chunks/node_modules_next_dist_1e8vcs8._.js:791
[  373151ms] [LOG] [Fast Refresh] done in 77ms @ http://localhost:3000/_next/static/chunks/node_modules_next_dist_1e8vcs8._.js:791
[  373214ms] [LOG] [Fast Refresh] done in 77ms @ http://localhost:3000/_next/static/chunks/node_modules_next_dist_1e8vcs8._.js:791
[  373275ms] [LOG] [Fast Refresh] done in 77ms @ http://localhost:3000/_next/static/chunks/node_modules_next_dist_1e8vcs8._.js:791
[  373339ms] [LOG] [Fast Refresh] done in 77ms @ http://localhost:3000/_next/static/chunks/node_modules_next_dist_1e8vcs8._.js:791
[  373394ms] [LOG] [Fast Refresh] done in 77ms @ http://localhost:3000/_next/static/chunks/node_modules_next_dist_1e8vcs8._.js:791
[  373442ms] [LOG] [Fast Refresh] done in 77ms @ http://localhost:3000/_next/static/chunks/node_modules_next_dist_1e8vcs8._.js:791
[  373493ms] [LOG] [Fast Refresh] done in 77ms @ http://localhost:3000/_next/static/chunks/node_modules_next_dist_1e8vcs8._.js:791
[  373555ms] [LOG] [Fast Refresh] done in 77ms @ http://localhost:3000/_next/static/chunks/node_modules_next_dist_1e8vcs8._.js:791
[  373616ms] [LOG] [Fast Refresh] done in 77ms @ http://localhost:3000/_next/static/chunks/node_modules_next_dist_1e8vcs8._.js:791
[  373679ms] [LOG] [Fast Refresh] done in 77ms @ http://localhost:3000/_next/static/chunks/node_modules_next_dist_1e8vcs8._.js:791
[  373740ms] [LOG] [Fast Refresh] done in 77ms @ http://localhost:3000/_next/static/chunks/node_modules_next_dist_1e8vcs8._.js:791
[  373803ms] [LOG] [Fast Refresh] done in 77ms @ http://localhost:3000/_next/static/chunks/node_modules_next_dist_1e8vcs8._.js:791
[  373858ms] [LOG] [Fast Refresh] done in 77ms @ http://localhost:3000/_next/static/chunks/node_modules_next_dist_1e8vcs8._.js:791
[  373920ms] [LOG] [Fast Refresh] done in 77ms @ http://localhost:3000/_next/static/chunks/node_modules_next_dist_1e8vcs8._.js:791
[  373983ms] [LOG] [Fast Refresh] done in 77ms @ http://localhost:3000/_next/static/chunks/node_modules_next_dist_1e8vcs8._.js:791
[  374043ms] [LOG] [Fast Refresh] done in 77ms @ http://localhost:3000/_next/static/chunks/node_modules_next_dist_1e8vcs8._.js:791
[  374091ms] [LOG] [Fast Refresh] done in 77ms @ http://localhost:3000/_next/static/chunks/node_modules_next_dist_1e8vcs8._.js:791
[  374156ms] [LOG] [Fast Refresh] done in 77ms @ http://localhost:3000/_next/static/chunks/node_modules_next_dist_1e8vcs8._.js:791
[  374222ms] [LOG] [Fast Refresh] done in 77ms @ http://localhost:3000/_next/static/chunks/node_modules_next_dist_1e8vcs8._.js:791
[  374291ms] [LOG] [Fast Refresh] done in 77ms @ http://localhost:3000/_next/static/chunks/node_modules_next_dist_1e8vcs8._.js:791
[  374350ms] [LOG] [Fast Refresh] done in 77ms @ http://localhost:3000/_next/static/chunks/node_modules_next_dist_1e8vcs8._.js:791
[  374413ms] [LOG] [Fast Refresh] done in 77ms @ http://localhost:3000/_next/static/chunks/node_modules_next_dist_1e8vcs8._.js:791
[  374475ms] [LOG] [Fast Refresh] done in 77ms @ http://localhost:3000/_next/static/chunks/node_modules_next_dist_1e8vcs8._.js:791
[  374537ms] [LOG] [Fast Refresh] done in 77ms @ http://localhost:3000/_next/static/chunks/node_modules_next_dist_1e8vcs8._.js:791
[  374600ms] [LOG] [Fast Refresh] done in 77ms @ http://localhost:3000/_next/static/chunks/node_modules_next_dist_1e8vcs8._.js:791
[  374661ms] [LOG] [Fast Refresh] done in 77ms @ http://localhost:3000/_next/static/chunks/node_modules_next_dist_1e8vcs8._.js:791
[  374722ms] [LOG] [Fast Refresh] done in 77ms @ http://localhost:3000/_next/static/chunks/node_modules_next_dist_1e8vcs8._.js:791
[  374786ms] [LOG] [Fast Refresh] done in 77ms @ http://localhost:3000/_next/static/chunks/node_modules_next_dist_1e8vcs8._.js:791
[  374852ms] [LOG] [Fast Refresh] done in 77ms @ http://localhost:3000/_next/static/chunks/node_modules_next_dist_1e8vcs8._.js:791
[  374915ms] [LOG] [Fast Refresh] done in 77ms @ http://localhost:3000/_next/static/chunks/node_modules_next_dist_1e8vcs8._.js:791
[  374979ms] [LOG] [Fast Refresh] done in 77ms @ http://localhost:3000/_next/static/chunks/node_modules_next_dist_1e8vcs8._.js:791
[  375041ms] [LOG] [Fast Refresh] done in 77ms @ http://localhost:3000/_next/static/chunks/node_modules_next_dist_1e8vcs8._.js:791
[  375097ms] [LOG] [Fast Refresh] done in 77ms @ http://localhost:3000/_next/static/chunks/node_modules_next_dist_1e8vcs8._.js:791
[  375157ms] [LOG] [Fast Refresh] done in 77ms @ http://localhost:3000/_next/static/chunks/node_modules_next_dist_1e8vcs8._.js:791
[  375218ms] [LOG] [Fast Refresh] done in 77ms @ http://localhost:3000/_next/static/chunks/node_modules_next_dist_1e8vcs8._.js:791
[  375297ms] [LOG] [Fast Refresh] done in 77ms @ http://localhost:3000/_next/static/chunks/node_modules_next_dist_1e8vcs8._.js:791
[  375364ms] [LOG] [Fast Refresh] done in 77ms @ http://localhost:3000/_next/static/chunks/node_modules_next_dist_1e8vcs8._.js:791
[  375425ms] [LOG] [Fast Refresh] done in 77ms @ http://localhost:3000/_next/static/chunks/node_modules_next_dist_1e8vcs8._.js:791
[  375487ms] [LOG] [Fast Refresh] done in 77ms @ http://localhost:3000/_next/static/chunks/node_modules_next_dist_1e8vcs8._.js:791
[  375548ms] [LOG] [Fast Refresh] done in 77ms @ http://localhost:3000/_next/static/chunks/node_modules_next_dist_1e8vcs8._.js:791
[  375610ms] [LOG] [Fast Refresh] done in 77ms @ http://localhost:3000/_next/static/chunks/node_modules_next_dist_1e8vcs8._.js:791
[  375672ms] [LOG] [Fast Refresh] done in 77ms @ http://localhost:3000/_next/static/chunks/node_modules_next_dist_1e8vcs8._.js:791
[  375733ms] [LOG] [Fast Refresh] done in 77ms @ http://localhost:3000/_next/static/chunks/node_modules_next_dist_1e8vcs8._.js:791
[  375795ms] [LOG] [Fast Refresh] done in 77ms @ http://localhost:3000/_next/static/chunks/node_modules_next_dist_1e8vcs8._.js:791
[  375851ms] [LOG] [Fast Refresh] done in 77ms @ http://localhost:3000/_next/static/chunks/node_modules_next_dist_1e8vcs8._.js:791
[  375913ms] [LOG] [Fast Refresh] done in 77ms @ http://localhost:3000/_next/static/chunks/node_modules_next_dist_1e8vcs8._.js:791
[  375975ms] [LOG] [Fast Refresh] done in 77ms @ http://localhost:3000/_next/static/chunks/node_modules_next_dist_1e8vcs8._.js:791
[  376037ms] [LOG] [Fast Refresh] done in 77ms @ http://localhost:3000/_next/static/chunks/node_modules_next_dist_1e8vcs8._.js:791
[  376085ms] [LOG] [Fast Refresh] done in 77ms @ http://localhost:3000/_next/static/chunks/node_modules_next_dist_1e8vcs8._.js:791
[  376146ms] [LOG] [Fast Refresh] done in 77ms @ http://localhost:3000/_next/static/chunks/node_modules_next_dist_1e8vcs8._.js:791
[  376209ms] [LOG] [Fast Refresh] done in 77ms @ http://localhost:3000/_next/static/chunks/node_modules_next_dist_1e8vcs8._.js:791
[  376271ms] [LOG] [Fast Refresh] done in 77ms @ http://localhost:3000/_next/static/chunks/node_modules_next_dist_1e8vcs8._.js:791
[  376333ms] [LOG] [Fast Refresh] done in 77ms @ http://localhost:3000/_next/static/chunks/node_modules_next_dist_1e8vcs8._.js:791
[  376387ms] [LOG] [Fast Refresh] done in 77ms @ http://localhost:3000/_next/static/chunks/node_modules_next_dist_1e8vcs8._.js:791
[  376447ms] [LOG] [Fast Refresh] done in 77ms @ http://localhost:3000/_next/static/chunks/node_modules_next_dist_1e8vcs8._.js:791
[  376512ms] [LOG] [Fast Refresh] done in 77ms @ http://localhost:3000/_next/static/chunks/node_modules_next_dist_1e8vcs8._.js:791
[  376573ms] [LOG] [Fast Refresh] done in 77ms @ http://localhost:3000/_next/static/chunks/node_modules_next_dist_1e8vcs8._.js:791
[  376635ms] [LOG] [Fast Refresh] done in 77ms @ http://localhost:3000/_next/static/chunks/node_modules_next_dist_1e8vcs8._.js:791
[  376692ms] [LOG] [Fast Refresh] done in 77ms @ http://localhost:3000/_next/static/chunks/node_modules_next_dist_1e8vcs8._.js:791
[  376754ms] [LOG] [Fast Refresh] done in 77ms @ http://localhost:3000/_next/static/chunks/node_modules_next_dist_1e8vcs8._.js:791
[  376816ms] [LOG] [Fast Refresh] done in 77ms @ http://localhost:3000/_next/static/chunks/node_modules_next_dist_1e8vcs8._.js:791
[  376877ms] [LOG] [Fast Refresh] done in 77ms @ http://localhost:3000/_next/static/chunks/node_modules_next_dist_1e8vcs8._.js:791
[  376940ms] [LOG] [Fast Refresh] done in 77ms @ http://localhost:3000/_next/static/chunks/node_modules_next_dist_1e8vcs8._.js:791
[  377001ms] [LOG] [Fast Refresh] done in 77ms @ http://localhost:3000/_next/static/chunks/node_modules_next_dist_1e8vcs8._.js:791
[  377062ms] [LOG] [Fast Refresh] done in 77ms @ http://localhost:3000/_next/static/chunks/node_modules_next_dist_1e8vcs8._.js:791
[  377124ms] [LOG] [Fast Refresh] done in 77ms @ http://localhost:3000/_next/static/chunks/node_modules_next_dist_1e8vcs8._.js:791
[  377186ms] [LOG] [Fast Refresh] done in 77ms @ http://localhost:3000/_next/static/chunks/node_modules_next_dist_1e8vcs8._.js:791
[  377248ms] [LOG] [Fast Refresh] done in 77ms @ http://localhost:3000/_next/static/chunks/node_modules_next_dist_1e8vcs8._.js:791
[  377297ms] [LOG] [Fast Refresh] done in 77ms @ http://localhost:3000/_next/static/chunks/node_modules_next_dist_1e8vcs8._.js:791
[  377360ms] [LOG] [Fast Refresh] done in 77ms @ http://localhost:3000/_next/static/chunks/node_modules_next_dist_1e8vcs8._.js:791
[  377416ms] [LOG] [Fast Refresh] done in 77ms @ http://localhost:3000/_next/static/chunks/node_modules_next_dist_1e8vcs8._.js:791
[  377478ms] [LOG] [Fast Refresh] done in 77ms @ http://localhost:3000/_next/static/chunks/node_modules_next_dist_1e8vcs8._.js:791
[  377540ms] [LOG] [Fast Refresh] done in 77ms @ http://localhost:3000/_next/static/chunks/node_modules_next_dist_1e8vcs8._.js:791
[  377604ms] [LOG] [Fast Refresh] done in 77ms @ http://localhost:3000/_next/static/chunks/node_modules_next_dist_1e8vcs8._.js:791
[  377666ms] [LOG] [Fast Refresh] done in 77ms @ http://localhost:3000/_next/static/chunks/node_modules_next_dist_1e8vcs8._.js:791
[  377729ms] [LOG] [Fast Refresh] done in 77ms @ http://localhost:3000/_next/static/chunks/node_modules_next_dist_1e8vcs8._.js:791
[  377790ms] [LOG] [Fast Refresh] done in 77ms @ http://localhost:3000/_next/static/chunks/node_modules_next_dist_1e8vcs8._.js:791
[  377852ms] [LOG] [Fast Refresh] done in 77ms @ http://localhost:3000/_next/static/chunks/node_modules_next_dist_1e8vcs8._.js:791
[  377915ms] [LOG] [Fast Refresh] done in 77ms @ http://localhost:3000/_next/static/chunks/node_modules_next_dist_1e8vcs8._.js:791
[  377972ms] [LOG] [Fast Refresh] done in 77ms @ http://localhost:3000/_next/static/chunks/node_modules_next_dist_1e8vcs8._.js:791
[  378019ms] [LOG] [Fast Refresh] done in 77ms @ http://localhost:3000/_next/static/chunks/node_modules_next_dist_1e8vcs8._.js:791
[  378081ms] [LOG] [Fast Refresh] done in 77ms @ http://localhost:3000/_next/static/chunks/node_modules_next_dist_1e8vcs8._.js:791
[  378143ms] [LOG] [Fast Refresh] done in 77ms @ http://localhost:3000/_next/static/chunks/node_modules_next_dist_1e8vcs8._.js:791
[  378204ms] [LOG] [Fast Refresh] done in 77ms @ http://localhost:3000/_next/static/chunks/node_modules_next_dist_1e8vcs8._.js:791
[  378268ms] [LOG] [Fast Refresh] done in 77ms @ http://localhost:3000/_next/static/chunks/node_modules_next_dist_1e8vcs8._.js:791
[  378328ms] [LOG] [Fast Refresh] done in 77ms @ http://localhost:3000/_next/static/chunks/node_modules_next_dist_1e8vcs8._.js:791
[  378390ms] [LOG] [Fast Refresh] done in 77ms @ http://localhost:3000/_next/static/chunks/node_modules_next_dist_1e8vcs8._.js:791
[  378452ms] [LOG] [Fast Refresh] done in 77ms @ http://localhost:3000/_next/static/chunks/node_modules_next_dist_1e8vcs8._.js:791
[  378514ms] [LOG] [Fast Refresh] done in 77ms @ http://localhost:3000/_next/static/chunks/node_modules_next_dist_1e8vcs8._.js:791
[  378576ms] [LOG] [Fast Refresh] done in 77ms @ http://localhost:3000/_next/static/chunks/node_modules_next_dist_1e8vcs8._.js:791
[  378640ms] [LOG] [Fast Refresh] done in 77ms @ http://localhost:3000/_next/static/chunks/node_modules_next_dist_1e8vcs8._.js:791
[  378702ms] [LOG] [Fast Refresh] done in 77ms @ http://localhost:3000/_next/static/chunks/node_modules_next_dist_1e8vcs8._.js:791
[  378764ms] [LOG] [Fast Refresh] done in 77ms @ http://localhost:3000/_next/static/chunks/node_modules_next_dist_1e8vcs8._.js:791
[  378827ms] [LOG] [Fast Refresh] done in 77ms @ http://localhost:3000/_next/static/chunks/node_modules_next_dist_1e8vcs8._.js:791
[  378889ms] [LOG] [Fast Refresh] done in 77ms @ http://localhost:3000/_next/static/chunks/node_modules_next_dist_1e8vcs8._.js:791
[  378940ms] [LOG] [Fast Refresh] done in 77ms @ http://localhost:3000/_next/static/chunks/node_modules_next_dist_1e8vcs8._.js:791
[  379011ms] [LOG] [Fast Refresh] done in 77ms @ http://localhost:3000/_next/static/chunks/node_modules_next_dist_1e8vcs8._.js:791
[  379071ms] [LOG] [Fast Refresh] done in 77ms @ http://localhost:3000/_next/static/chunks/node_modules_next_dist_1e8vcs8._.js:791
[  379131ms] [LOG] [Fast Refresh] done in 77ms @ http://localhost:3000/_next/static/chunks/node_modules_next_dist_1e8vcs8._.js:791
[  379191ms] [LOG] [Fast Refresh] done in 77ms @ http://localhost:3000/_next/static/chunks/node_modules_next_dist_1e8vcs8._.js:791
[  379240ms] [LOG] [Fast Refresh] done in 77ms @ http://localhost:3000/_next/static/chunks/node_modules_next_dist_1e8vcs8._.js:791
[  379302ms] [LOG] [Fast Refresh] done in 77ms @ http://localhost:3000/_next/static/chunks/node_modules_next_dist_1e8vcs8._.js:791
[  379370ms] [LOG] [Fast Refresh] done in 77ms @ http://localhost:3000/_next/static/chunks/node_modules_next_dist_1e8vcs8._.js:791
[  379433ms] [LOG] [Fast Refresh] done in 77ms @ http://localhost:3000/_next/static/chunks/node_modules_next_dist_1e8vcs8._.js:791
[  379495ms] [LOG] [Fast Refresh] done in 77ms @ http://localhost:3000/_next/static/chunks/node_modules_next_dist_1e8vcs8._.js:791
[  379559ms] [LOG] [Fast Refresh] done in 77ms @ http://localhost:3000/_next/static/chunks/node_modules_next_dist_1e8vcs8._.js:791
[  379621ms] [LOG] [Fast Refresh] done in 77ms @ http://localhost:3000/_next/static/chunks/node_modules_next_dist_1e8vcs8._.js:791
[  379684ms] [LOG] [Fast Refresh] done in 77ms @ http://localhost:3000/_next/static/chunks/node_modules_next_dist_1e8vcs8._.js:791
[  379760ms] [LOG] [Fast Refresh] done in 77ms @ http://localhost:3000/_next/static/chunks/node_modules_next_dist_1e8vcs8._.js:791
[  379822ms] [LOG] [Fast Refresh] done in 77ms @ http://localhost:3000/_next/static/chunks/node_modules_next_dist_1e8vcs8._.js:791
[  379885ms] [LOG] [Fast Refresh] done in 77ms @ http://localhost:3000/_next/static/chunks/node_modules_next_dist_1e8vcs8._.js:791
[  379948ms] [LOG] [Fast Refresh] done in 77ms @ http://localhost:3000/_next/static/chunks/node_modules_next_dist_1e8vcs8._.js:791
[  380010ms] [LOG] [Fast Refresh] done in 77ms @ http://localhost:3000/_next/static/chunks/node_modules_next_dist_1e8vcs8._.js:791
[  380075ms] [LOG] [Fast Refresh] done in 77ms @ http://localhost:3000/_next/static/chunks/node_modules_next_dist_1e8vcs8._.js:791
[  380135ms] [LOG] [Fast Refresh] done in 77ms @ http://localhost:3000/_next/static/chunks/node_modules_next_dist_1e8vcs8._.js:791
[  380192ms] [LOG] [Fast Refresh] done in 77ms @ http://localhost:3000/_next/static/chunks/node_modules_next_dist_1e8vcs8._.js:791
[  380260ms] [LOG] [Fast Refresh] done in 77ms @ http://localhost:3000/_next/static/chunks/node_modules_next_dist_1e8vcs8._.js:791
[  380322ms] [LOG] [Fast Refresh] done in 77ms @ http://localhost:3000/_next/static/chunks/node_modules_next_dist_1e8vcs8._.js:791
[  380383ms] [LOG] [Fast Refresh] done in 77ms @ http://localhost:3000/_next/static/chunks/node_modules_next_dist_1e8vcs8._.js:791
[  380445ms] [LOG] [Fast Refresh] done in 77ms @ http://localhost:3000/_next/static/chunks/node_modules_next_dist_1e8vcs8._.js:791
[  380507ms] [LOG] [Fast Refresh] done in 77ms @ http://localhost:3000/_next/static/chunks/node_modules_next_dist_1e8vcs8._.js:791
[  380569ms] [LOG] [Fast Refresh] done in 77ms @ http://localhost:3000/_next/static/chunks/node_modules_next_dist_1e8vcs8._.js:791
[  380617ms] [LOG] [Fast Refresh] done in 77ms @ http://localhost:3000/_next/static/chunks/node_modules_next_dist_1e8vcs8._.js:791
[  380679ms] [LOG] [Fast Refresh] done in 77ms @ http://localhost:3000/_next/static/chunks/node_modules_next_dist_1e8vcs8._.js:791
[  380739ms] [LOG] [Fast Refresh] done in 77ms @ http://localhost:3000/_next/static/chunks/node_modules_next_dist_1e8vcs8._.js:791
[  380802ms] [LOG] [Fast Refresh] done in 77ms @ http://localhost:3000/_next/static/chunks/node_modules_next_dist_1e8vcs8._.js:791
[  380865ms] [LOG] [Fast Refresh] done in 77ms @ http://localhost:3000/_next/static/chunks/node_modules_next_dist_1e8vcs8._.js:791
[  380929ms] [LOG] [Fast Refresh] done in 77ms @ http://localhost:3000/_next/static/chunks/node_modules_next_dist_1e8vcs8._.js:791
[  380993ms] [LOG] [Fast Refresh] done in 77ms @ http://localhost:3000/_next/static/chunks/node_modules_next_dist_1e8vcs8._.js:791
[  381055ms] [LOG] [Fast Refresh] done in 77ms @ http://localhost:3000/_next/static/chunks/node_modules_next_dist_1e8vcs8._.js:791
[  381117ms] [LOG] [Fast Refresh] done in 77ms @ http://localhost:3000/_next/static/chunks/node_modules_next_dist_1e8vcs8._.js:791
[  381178ms] [LOG] [Fast Refresh] done in 77ms @ http://localhost:3000/_next/static/chunks/node_modules_next_dist_1e8vcs8._.js:791
[  381240ms] [LOG] [Fast Refresh] done in 77ms @ http://localhost:3000/_next/static/chunks/node_modules_next_dist_1e8vcs8._.js:791
[  381302ms] [LOG] [Fast Refresh] done in 77ms @ http://localhost:3000/_next/static/chunks/node_modules_next_dist_1e8vcs8._.js:791
[  381365ms] [LOG] [Fast Refresh] done in 77ms @ http://localhost:3000/_next/static/chunks/node_modules_next_dist_1e8vcs8._.js:791
[  381412ms] [LOG] [Fast Refresh] done in 77ms @ http://localhost:3000/_next/static/chunks/node_modules_next_dist_1e8vcs8._.js:791
[  381476ms] [LOG] [Fast Refresh] done in 77ms @ http://localhost:3000/_next/static/chunks/node_modules_next_dist_1e8vcs8._.js:791
[  381539ms] [LOG] [Fast Refresh] done in 77ms @ http://localhost:3000/_next/static/chunks/node_modules_next_dist_1e8vcs8._.js:791
[  381601ms] [LOG] [Fast Refresh] done in 77ms @ http://localhost:3000/_next/static/chunks/node_modules_next_dist_1e8vcs8._.js:791
[  381662ms] [LOG] [Fast Refresh] done in 77ms @ http://localhost:3000/_next/static/chunks/node_modules_next_dist_1e8vcs8._.js:791
[  381723ms] [LOG] [Fast Refresh] done in 77ms @ http://localhost:3000/_next/static/chunks/node_modules_next_dist_1e8vcs8._.js:791
[  381785ms] [LOG] [Fast Refresh] done in 77ms @ http://localhost:3000/_next/static/chunks/node_modules_next_dist_1e8vcs8._.js:791
[  381849ms] [LOG] [Fast Refresh] done in 77ms @ http://localhost:3000/_next/static/chunks/node_modules_next_dist_1e8vcs8._.js:791
[  381911ms] [LOG] [Fast Refresh] done in 77ms @ http://localhost:3000/_next/static/chunks/node_modules_next_dist_1e8vcs8._.js:791
[  381972ms] [LOG] [Fast Refresh] done in 77ms @ http://localhost:3000/_next/static/chunks/node_modules_next_dist_1e8vcs8._.js:791
[  382035ms] [LOG] [Fast Refresh] done in 77ms @ http://localhost:3000/_next/static/chunks/node_modules_next_dist_1e8vcs8._.js:791
[  382096ms] [LOG] [Fast Refresh] done in 77ms @ http://localhost:3000/_next/static/chunks/node_modules_next_dist_1e8vcs8._.js:791
[  382159ms] [LOG] [Fast Refresh] done in 77ms @ http://localhost:3000/_next/static/chunks/node_modules_next_dist_1e8vcs8._.js:791
[  382220ms] [LOG] [Fast Refresh] done in 77ms @ http://localhost:3000/_next/static/chunks/node_modules_next_dist_1e8vcs8._.js:791
[  382283ms] [LOG] [Fast Refresh] done in 77ms @ http://localhost:3000/_next/static/chunks/node_modules_next_dist_1e8vcs8._.js:791
[  382345ms] [LOG] [Fast Refresh] done in 77ms @ http://localhost:3000/_next/static/chunks/node_modules_next_dist_1e8vcs8._.js:791
[  382395ms] [LOG] [Fast Refresh] done in 77ms @ http://localhost:3000/_next/static/chunks/node_modules_next_dist_1e8vcs8._.js:791
[  382458ms] [LOG] [Fast Refresh] done in 77ms @ http://localhost:3000/_next/static/chunks/node_modules_next_dist_1e8vcs8._.js:791
[  382521ms] [LOG] [Fast Refresh] done in 77ms @ http://localhost:3000/_next/static/chunks/node_modules_next_dist_1e8vcs8._.js:791
[  382583ms] [LOG] [Fast Refresh] done in 77ms @ http://localhost:3000/_next/static/chunks/node_modules_next_dist_1e8vcs8._.js:791
[  382644ms] [LOG] [Fast Refresh] done in 77ms @ http://localhost:3000/_next/static/chunks/node_modules_next_dist_1e8vcs8._.js:791
[  382707ms] [LOG] [Fast Refresh] done in 77ms @ http://localhost:3000/_next/static/chunks/node_modules_next_dist_1e8vcs8._.js:791
[  382758ms] [LOG] [Fast Refresh] done in 77ms @ http://localhost:3000/_next/static/chunks/node_modules_next_dist_1e8vcs8._.js:791
[  382817ms] [LOG] [Fast Refresh] done in 77ms @ http://localhost:3000/_next/static/chunks/node_modules_next_dist_1e8vcs8._.js:791
[  382879ms] [LOG] [Fast Refresh] done in 77ms @ http://localhost:3000/_next/static/chunks/node_modules_next_dist_1e8vcs8._.js:791
[  382942ms] [LOG] [Fast Refresh] done in 77ms @ http://localhost:3000/_next/static/chunks/node_modules_next_dist_1e8vcs8._.js:791
[  383003ms] [LOG] [Fast Refresh] done in 77ms @ http://localhost:3000/_next/static/chunks/node_modules_next_dist_1e8vcs8._.js:791
[  383065ms] [LOG] [Fast Refresh] done in 77ms @ http://localhost:3000/_next/static/chunks/node_modules_next_dist_1e8vcs8._.js:791
[  383127ms] [LOG] [Fast Refresh] done in 77ms @ http://localhost:3000/_next/static/chunks/node_modules_next_dist_1e8vcs8._.js:791
[  383190ms] [LOG] [Fast Refresh] done in 77ms @ http://localhost:3000/_next/static/chunks/node_modules_next_dist_1e8vcs8._.js:791
[  383251ms] [LOG] [Fast Refresh] done in 77ms @ http://localhost:3000/_next/static/chunks/node_modules_next_dist_1e8vcs8._.js:791
[  383312ms] [LOG] [Fast Refresh] done in 77ms @ http://localhost:3000/_next/static/chunks/node_modules_next_dist_1e8vcs8._.js:791
[  383375ms] [LOG] [Fast Refresh] done in 77ms @ http://localhost:3000/_next/static/chunks/node_modules_next_dist_1e8vcs8._.js:791
[  383437ms] [LOG] [Fast Refresh] done in 77ms @ http://localhost:3000/_next/static/chunks/node_modules_next_dist_1e8vcs8._.js:791
[  383499ms] [LOG] [Fast Refresh] done in 77ms @ http://localhost:3000/_next/static/chunks/node_modules_next_dist_1e8vcs8._.js:791
[  383562ms] [LOG] [Fast Refresh] done in 77ms @ http://localhost:3000/_next/static/chunks/node_modules_next_dist_1e8vcs8._.js:791
[  383624ms] [LOG] [Fast Refresh] done in 77ms @ http://localhost:3000/_next/static/chunks/node_modules_next_dist_1e8vcs8._.js:791
[  383678ms] [LOG] [Fast Refresh] done in 77ms @ http://localhost:3000/_next/static/chunks/node_modules_next_dist_1e8vcs8._.js:791
[  383740ms] [LOG] [Fast Refresh] done in 77ms @ http://localhost:3000/_next/static/chunks/node_modules_next_dist_1e8vcs8._.js:791
[  383801ms] [LOG] [Fast Refresh] done in 77ms @ http://localhost:3000/_next/static/chunks/node_modules_next_dist_1e8vcs8._.js:791
[  383864ms] [LOG] [Fast Refresh] done in 77ms @ http://localhost:3000/_next/static/chunks/node_modules_next_dist_1e8vcs8._.js:791
[  383925ms] [LOG] [Fast Refresh] done in 77ms @ http://localhost:3000/_next/static/chunks/node_modules_next_dist_1e8vcs8._.js:791
[  383972ms] [LOG] [Fast Refresh] done in 77ms @ http://localhost:3000/_next/static/chunks/node_modules_next_dist_1e8vcs8._.js:791
[  384035ms] [LOG] [Fast Refresh] done in 77ms @ http://localhost:3000/_next/static/chunks/node_modules_next_dist_1e8vcs8._.js:791
[  384096ms] [LOG] [Fast Refresh] done in 77ms @ http://localhost:3000/_next/static/chunks/node_modules_next_dist_1e8vcs8._.js:791
[  384158ms] [LOG] [Fast Refresh] done in 77ms @ http://localhost:3000/_next/static/chunks/node_modules_next_dist_1e8vcs8._.js:791
[  384221ms] [LOG] [Fast Refresh] done in 77ms @ http://localhost:3000/_next/static/chunks/node_modules_next_dist_1e8vcs8._.js:791
[  384283ms] [LOG] [Fast Refresh] done in 77ms @ http://localhost:3000/_next/static/chunks/node_modules_next_dist_1e8vcs8._.js:791
[  384346ms] [LOG] [Fast Refresh] done in 77ms @ http://localhost:3000/_next/static/chunks/node_modules_next_dist_1e8vcs8._.js:791
[  384407ms] [LOG] [Fast Refresh] done in 77ms @ http://localhost:3000/_next/static/chunks/node_modules_next_dist_1e8vcs8._.js:791
[  384455ms] [LOG] [Fast Refresh] done in 77ms @ http://localhost:3000/_next/static/chunks/node_modules_next_dist_1e8vcs8._.js:791
[  384503ms] [LOG] [Fast Refresh] done in 77ms @ http://localhost:3000/_next/static/chunks/node_modules_next_dist_1e8vcs8._.js:791
[  384558ms] [LOG] [Fast Refresh] done in 77ms @ http://localhost:3000/_next/static/chunks/node_modules_next_dist_1e8vcs8._.js:791
[  384621ms] [LOG] [Fast Refresh] done in 77ms @ http://localhost:3000/_next/static/chunks/node_modules_next_dist_1e8vcs8._.js:791
[  384683ms] [LOG] [Fast Refresh] done in 77ms @ http://localhost:3000/_next/static/chunks/node_modules_next_dist_1e8vcs8._.js:791
[  384745ms] [LOG] [Fast Refresh] done in 77ms @ http://localhost:3000/_next/static/chunks/node_modules_next_dist_1e8vcs8._.js:791
[  384807ms] [LOG] [Fast Refresh] done in 77ms @ http://localhost:3000/_next/static/chunks/node_modules_next_dist_1e8vcs8._.js:791
[  384870ms] [LOG] [Fast Refresh] done in 77ms @ http://localhost:3000/_next/static/chunks/node_modules_next_dist_1e8vcs8._.js:791
[  384933ms] [LOG] [Fast Refresh] done in 77ms @ http://localhost:3000/_next/static/chunks/node_modules_next_dist_1e8vcs8._.js:791
[  384994ms] [LOG] [Fast Refresh] done in 77ms @ http://localhost:3000/_next/static/chunks/node_modules_next_dist_1e8vcs8._.js:791
[  385057ms] [LOG] [Fast Refresh] done in 77ms @ http://localhost:3000/_next/static/chunks/node_modules_next_dist_1e8vcs8._.js:791
[  385104ms] [LOG] [Fast Refresh] done in 77ms @ http://localhost:3000/_next/static/chunks/node_modules_next_dist_1e8vcs8._.js:791
[  385167ms] [LOG] [Fast Refresh] done in 77ms @ http://localhost:3000/_next/static/chunks/node_modules_next_dist_1e8vcs8._.js:791
[  385228ms] [LOG] [Fast Refresh] done in 77ms @ http://localhost:3000/_next/static/chunks/node_modules_next_dist_1e8vcs8._.js:791
[  385291ms] [LOG] [Fast Refresh] done in 77ms @ http://localhost:3000/_next/static/chunks/node_modules_next_dist_1e8vcs8._.js:791
[  385339ms] [LOG] [Fast Refresh] done in 77ms @ http://localhost:3000/_next/static/chunks/node_modules_next_dist_1e8vcs8._.js:791
[  385402ms] [LOG] [Fast Refresh] done in 77ms @ http://localhost:3000/_next/static/chunks/node_modules_next_dist_1e8vcs8._.js:791
[  385464ms] [LOG] [Fast Refresh] done in 77ms @ http://localhost:3000/_next/static/chunks/node_modules_next_dist_1e8vcs8._.js:791
[  385526ms] [LOG] [Fast Refresh] done in 77ms @ http://localhost:3000/_next/static/chunks/node_modules_next_dist_1e8vcs8._.js:791
[  385589ms] [LOG] [Fast Refresh] done in 77ms @ http://localhost:3000/_next/static/chunks/node_modules_next_dist_1e8vcs8._.js:791
[  385651ms] [LOG] [Fast Refresh] done in 77ms @ http://localhost:3000/_next/static/chunks/node_modules_next_dist_1e8vcs8._.js:791
[  385713ms] [LOG] [Fast Refresh] done in 77ms @ http://localhost:3000/_next/static/chunks/node_modules_next_dist_1e8vcs8._.js:791
[  385775ms] [LOG] [Fast Refresh] done in 77ms @ http://localhost:3000/_next/static/chunks/node_modules_next_dist_1e8vcs8._.js:791
[  385838ms] [LOG] [Fast Refresh] done in 77ms @ http://localhost:3000/_next/static/chunks/node_modules_next_dist_1e8vcs8._.js:791
[  385900ms] [LOG] [Fast Refresh] done in 77ms @ http://localhost:3000/_next/static/chunks/node_modules_next_dist_1e8vcs8._.js:791
[  385962ms] [LOG] [Fast Refresh] done in 77ms @ http://localhost:3000/_next/static/chunks/node_modules_next_dist_1e8vcs8._.js:791
[  386024ms] [LOG] [Fast Refresh] done in 77ms @ http://localhost:3000/_next/static/chunks/node_modules_next_dist_1e8vcs8._.js:791
[  386086ms] [LOG] [Fast Refresh] done in 77ms @ http://localhost:3000/_next/static/chunks/node_modules_next_dist_1e8vcs8._.js:791
[  386149ms] [LOG] [Fast Refresh] done in 77ms @ http://localhost:3000/_next/static/chunks/node_modules_next_dist_1e8vcs8._.js:791
[  386211ms] [LOG] [Fast Refresh] done in 77ms @ http://localhost:3000/_next/static/chunks/node_modules_next_dist_1e8vcs8._.js:791
[  386273ms] [LOG] [Fast Refresh] done in 77ms @ http://localhost:3000/_next/static/chunks/node_modules_next_dist_1e8vcs8._.js:791
[  386335ms] [LOG] [Fast Refresh] done in 77ms @ http://localhost:3000/_next/static/chunks/node_modules_next_dist_1e8vcs8._.js:791
[  386397ms] [LOG] [Fast Refresh] done in 77ms @ http://localhost:3000/_next/static/chunks/node_modules_next_dist_1e8vcs8._.js:791
[  386459ms] [LOG] [Fast Refresh] done in 77ms @ http://localhost:3000/_next/static/chunks/node_modules_next_dist_1e8vcs8._.js:791
[  386520ms] [LOG] [Fast Refresh] done in 77ms @ http://localhost:3000/_next/static/chunks/node_modules_next_dist_1e8vcs8._.js:791
[  386580ms] [LOG] [Fast Refresh] done in 77ms @ http://localhost:3000/_next/static/chunks/node_modules_next_dist_1e8vcs8._.js:791
[  386643ms] [LOG] [Fast Refresh] done in 77ms @ http://localhost:3000/_next/static/chunks/node_modules_next_dist_1e8vcs8._.js:791
[  386705ms] [LOG] [Fast Refresh] done in 77ms @ http://localhost:3000/_next/static/chunks/node_modules_next_dist_1e8vcs8._.js:791
[  386767ms] [LOG] [Fast Refresh] done in 77ms @ http://localhost:3000/_next/static/chunks/node_modules_next_dist_1e8vcs8._.js:791
[  386830ms] [LOG] [Fast Refresh] done in 77ms @ http://localhost:3000/_next/static/chunks/node_modules_next_dist_1e8vcs8._.js:791
[  386891ms] [LOG] [Fast Refresh] done in 77ms @ http://localhost:3000/_next/static/chunks/node_modules_next_dist_1e8vcs8._.js:791
[  386952ms] [LOG] [Fast Refresh] done in 77ms @ http://localhost:3000/_next/static/chunks/node_modules_next_dist_1e8vcs8._.js:791
[  387014ms] [LOG] [Fast Refresh] done in 77ms @ http://localhost:3000/_next/static/chunks/node_modules_next_dist_1e8vcs8._.js:791
[  387077ms] [LOG] [Fast Refresh] done in 77ms @ http://localhost:3000/_next/static/chunks/node_modules_next_dist_1e8vcs8._.js:791
[  387139ms] [LOG] [Fast Refresh] done in 77ms @ http://localhost:3000/_next/static/chunks/node_modules_next_dist_1e8vcs8._.js:791
[  387203ms] [LOG] [Fast Refresh] done in 77ms @ http://localhost:3000/_next/static/chunks/node_modules_next_dist_1e8vcs8._.js:791
[  387265ms] [LOG] [Fast Refresh] done in 77ms @ http://localhost:3000/_next/static/chunks/node_modules_next_dist_1e8vcs8._.js:791
[  387327ms] [LOG] [Fast Refresh] done in 77ms @ http://localhost:3000/_next/static/chunks/node_modules_next_dist_1e8vcs8._.js:791
[  387389ms] [LOG] [Fast Refresh] done in 77ms @ http://localhost:3000/_next/static/chunks/node_modules_next_dist_1e8vcs8._.js:791
[  387452ms] [LOG] [Fast Refresh] done in 77ms @ http://localhost:3000/_next/static/chunks/node_modules_next_dist_1e8vcs8._.js:791
[  387515ms] [LOG] [Fast Refresh] done in 77ms @ http://localhost:3000/_next/static/chunks/node_modules_next_dist_1e8vcs8._.js:791
[  387576ms] [LOG] [Fast Refresh] done in 77ms @ http://localhost:3000/_next/static/chunks/node_modules_next_dist_1e8vcs8._.js:791
[  387631ms] [LOG] [Fast Refresh] done in 77ms @ http://localhost:3000/_next/static/chunks/node_modules_next_dist_1e8vcs8._.js:791
[  387693ms] [LOG] [Fast Refresh] done in 77ms @ http://localhost:3000/_next/static/chunks/node_modules_next_dist_1e8vcs8._.js:791
[  387754ms] [LOG] [Fast Refresh] done in 77ms @ http://localhost:3000/_next/static/chunks/node_modules_next_dist_1e8vcs8._.js:791
[  387810ms] [LOG] [Fast Refresh] done in 77ms @ http://localhost:3000/_next/static/chunks/node_modules_next_dist_1e8vcs8._.js:791
[  387873ms] [LOG] [Fast Refresh] done in 77ms @ http://localhost:3000/_next/static/chunks/node_modules_next_dist_1e8vcs8._.js:791
[  387935ms] [LOG] [Fast Refresh] done in 77ms @ http://localhost:3000/_next/static/chunks/node_modules_next_dist_1e8vcs8._.js:791
[  387998ms] [LOG] [Fast Refresh] done in 77ms @ http://localhost:3000/_next/static/chunks/node_modules_next_dist_1e8vcs8._.js:791
[  388062ms] [LOG] [Fast Refresh] done in 77ms @ http://localhost:3000/_next/static/chunks/node_modules_next_dist_1e8vcs8._.js:791
[  388122ms] [LOG] [Fast Refresh] done in 77ms @ http://localhost:3000/_next/static/chunks/node_modules_next_dist_1e8vcs8._.js:791
[  388185ms] [LOG] [Fast Refresh] done in 77ms @ http://localhost:3000/_next/static/chunks/node_modules_next_dist_1e8vcs8._.js:791
[  388249ms] [LOG] [Fast Refresh] done in 77ms @ http://localhost:3000/_next/static/chunks/node_modules_next_dist_1e8vcs8._.js:791
[  388311ms] [LOG] [Fast Refresh] done in 77ms @ http://localhost:3000/_next/static/chunks/node_modules_next_dist_1e8vcs8._.js:791
[  388374ms] [LOG] [Fast Refresh] done in 77ms @ http://localhost:3000/_next/static/chunks/node_modules_next_dist_1e8vcs8._.js:791
[  388436ms] [LOG] [Fast Refresh] done in 77ms @ http://localhost:3000/_next/static/chunks/node_modules_next_dist_1e8vcs8._.js:791
[  388499ms] [LOG] [Fast Refresh] done in 77ms @ http://localhost:3000/_next/static/chunks/node_modules_next_dist_1e8vcs8._.js:791
[  388562ms] [LOG] [Fast Refresh] done in 77ms @ http://localhost:3000/_next/static/chunks/node_modules_next_dist_1e8vcs8._.js:791
[  388624ms] [LOG] [Fast Refresh] done in 77ms @ http://localhost:3000/_next/static/chunks/node_modules_next_dist_1e8vcs8._.js:791
[  388687ms] [LOG] [Fast Refresh] done in 77ms @ http://localhost:3000/_next/static/chunks/node_modules_next_dist_1e8vcs8._.js:791
[  388736ms] [LOG] [Fast Refresh] done in 77ms @ http://localhost:3000/_next/static/chunks/node_modules_next_dist_1e8vcs8._.js:791
[  388798ms] [LOG] [Fast Refresh] done in 77ms @ http://localhost:3000/_next/static/chunks/node_modules_next_dist_1e8vcs8._.js:791
[  388860ms] [LOG] [Fast Refresh] done in 77ms @ http://localhost:3000/_next/static/chunks/node_modules_next_dist_1e8vcs8._.js:791
[  388922ms] [LOG] [Fast Refresh] done in 77ms @ http://localhost:3000/_next/static/chunks/node_modules_next_dist_1e8vcs8._.js:791
[  388985ms] [LOG] [Fast Refresh] done in 77ms @ http://localhost:3000/_next/static/chunks/node_modules_next_dist_1e8vcs8._.js:791
[  389047ms] [LOG] [Fast Refresh] done in 77ms @ http://localhost:3000/_next/static/chunks/node_modules_next_dist_1e8vcs8._.js:791
[  389109ms] [LOG] [Fast Refresh] done in 77ms @ http://localhost:3000/_next/static/chunks/node_modules_next_dist_1e8vcs8._.js:791
[  389170ms] [LOG] [Fast Refresh] done in 77ms @ http://localhost:3000/_next/static/chunks/node_modules_next_dist_1e8vcs8._.js:791
[  389224ms] [LOG] [Fast Refresh] done in 77ms @ http://localhost:3000/_next/static/chunks/node_modules_next_dist_1e8vcs8._.js:791
[  389286ms] [LOG] [Fast Refresh] done in 77ms @ http://localhost:3000/_next/static/chunks/node_modules_next_dist_1e8vcs8._.js:791
[  389350ms] [LOG] [Fast Refresh] done in 77ms @ http://localhost:3000/_next/static/chunks/node_modules_next_dist_1e8vcs8._.js:791
[  389414ms] [LOG] [Fast Refresh] done in 77ms @ http://localhost:3000/_next/static/chunks/node_modules_next_dist_1e8vcs8._.js:791
[  389476ms] [LOG] [Fast Refresh] done in 77ms @ http://localhost:3000/_next/static/chunks/node_modules_next_dist_1e8vcs8._.js:791
[  389539ms] [LOG] [Fast Refresh] done in 77ms @ http://localhost:3000/_next/static/chunks/node_modules_next_dist_1e8vcs8._.js:791
[  389602ms] [LOG] [Fast Refresh] done in 77ms @ http://localhost:3000/_next/static/chunks/node_modules_next_dist_1e8vcs8._.js:791
[  389664ms] [LOG] [Fast Refresh] done in 77ms @ http://localhost:3000/_next/static/chunks/node_modules_next_dist_1e8vcs8._.js:791
[  389728ms] [LOG] [Fast Refresh] done in 77ms @ http://localhost:3000/_next/static/chunks/node_modules_next_dist_1e8vcs8._.js:791
[  389868ms] [LOG] [Fast Refresh] done in 77ms @ http://localhost:3000/_next/static/chunks/node_modules_next_dist_1e8vcs8._.js:791
[  389925ms] [LOG] [Fast Refresh] done in 77ms @ http://localhost:3000/_next/static/chunks/node_modules_next_dist_1e8vcs8._.js:791
[  389988ms] [LOG] [Fast Refresh] done in 77ms @ http://localhost:3000/_next/static/chunks/node_modules_next_dist_1e8vcs8._.js:791
[  390039ms] [LOG] [Fast Refresh] done in 77ms @ http://localhost:3000/_next/static/chunks/node_modules_next_dist_1e8vcs8._.js:791
[  390102ms] [LOG] [Fast Refresh] done in 77ms @ http://localhost:3000/_next/static/chunks/node_modules_next_dist_1e8vcs8._.js:791
[  390165ms] [LOG] [Fast Refresh] done in 77ms @ http://localhost:3000/_next/static/chunks/node_modules_next_dist_1e8vcs8._.js:791
[  390228ms] [LOG] [Fast Refresh] done in 77ms @ http://localhost:3000/_next/static/chunks/node_modules_next_dist_1e8vcs8._.js:791
[  390289ms] [LOG] [Fast Refresh] done in 77ms @ http://localhost:3000/_next/static/chunks/node_modules_next_dist_1e8vcs8._.js:791
[  390351ms] [LOG] [Fast Refresh] done in 77ms @ http://localhost:3000/_next/static/chunks/node_modules_next_dist_1e8vcs8._.js:791
[  390410ms] [LOG] [Fast Refresh] done in 77ms @ http://localhost:3000/_next/static/chunks/node_modules_next_dist_1e8vcs8._.js:791
[  390472ms] [LOG] [Fast Refresh] done in 77ms @ http://localhost:3000/_next/static/chunks/node_modules_next_dist_1e8vcs8._.js:791
[  390535ms] [LOG] [Fast Refresh] done in 77ms @ http://localhost:3000/_next/static/chunks/node_modules_next_dist_1e8vcs8._.js:791
[  390599ms] [LOG] [Fast Refresh] done in 77ms @ http://localhost:3000/_next/static/chunks/node_modules_next_dist_1e8vcs8._.js:791
[  390659ms] [LOG] [Fast Refresh] done in 77ms @ http://localhost:3000/_next/static/chunks/node_modules_next_dist_1e8vcs8._.js:791
[  390722ms] [LOG] [Fast Refresh] done in 77ms @ http://localhost:3000/_next/static/chunks/node_modules_next_dist_1e8vcs8._.js:791
[  390784ms] [LOG] [Fast Refresh] done in 77ms @ http://localhost:3000/_next/static/chunks/node_modules_next_dist_1e8vcs8._.js:791
[  390847ms] [LOG] [Fast Refresh] done in 77ms @ http://localhost:3000/_next/static/chunks/node_modules_next_dist_1e8vcs8._.js:791
[  390910ms] [LOG] [Fast Refresh] done in 77ms @ http://localhost:3000/_next/static/chunks/node_modules_next_dist_1e8vcs8._.js:791
[  390971ms] [LOG] [Fast Refresh] done in 77ms @ http://localhost:3000/_next/static/chunks/node_modules_next_dist_1e8vcs8._.js:791
[  391033ms] [LOG] [Fast Refresh] done in 77ms @ http://localhost:3000/_next/static/chunks/node_modules_next_dist_1e8vcs8._.js:791
[  391096ms] [LOG] [Fast Refresh] done in 77ms @ http://localhost:3000/_next/static/chunks/node_modules_next_dist_1e8vcs8._.js:791
[  391157ms] [LOG] [Fast Refresh] done in 77ms @ http://localhost:3000/_next/static/chunks/node_modules_next_dist_1e8vcs8._.js:791
[  391219ms] [LOG] [Fast Refresh] done in 77ms @ http://localhost:3000/_next/static/chunks/node_modules_next_dist_1e8vcs8._.js:791
[  391281ms] [LOG] [Fast Refresh] done in 77ms @ http://localhost:3000/_next/static/chunks/node_modules_next_dist_1e8vcs8._.js:791
[  391344ms] [LOG] [Fast Refresh] done in 77ms @ http://localhost:3000/_next/static/chunks/node_modules_next_dist_1e8vcs8._.js:791
[  391406ms] [LOG] [Fast Refresh] done in 77ms @ http://localhost:3000/_next/static/chunks/node_modules_next_dist_1e8vcs8._.js:791
[  391468ms] [LOG] [Fast Refresh] done in 77ms @ http://localhost:3000/_next/static/chunks/node_modules_next_dist_1e8vcs8._.js:791
[  391530ms] [LOG] [Fast Refresh] done in 77ms @ http://localhost:3000/_next/static/chunks/node_modules_next_dist_1e8vcs8._.js:791
[  391593ms] [LOG] [Fast Refresh] done in 77ms @ http://localhost:3000/_next/static/chunks/node_modules_next_dist_1e8vcs8._.js:791
[  391639ms] [LOG] [Fast Refresh] done in 77ms @ http://localhost:3000/_next/static/chunks/node_modules_next_dist_1e8vcs8._.js:791
[  391701ms] [LOG] [Fast Refresh] done in 77ms @ http://localhost:3000/_next/static/chunks/node_modules_next_dist_1e8vcs8._.js:791
[  391763ms] [LOG] [Fast Refresh] done in 77ms @ http://localhost:3000/_next/static/chunks/node_modules_next_dist_1e8vcs8._.js:791
[  391825ms] [LOG] [Fast Refresh] done in 77ms @ http://localhost:3000/_next/static/chunks/node_modules_next_dist_1e8vcs8._.js:791
[  391887ms] [LOG] [Fast Refresh] done in 77ms @ http://localhost:3000/_next/static/chunks/node_modules_next_dist_1e8vcs8._.js:791
[  391949ms] [LOG] [Fast Refresh] done in 77ms @ http://localhost:3000/_next/static/chunks/node_modules_next_dist_1e8vcs8._.js:791
[  392012ms] [LOG] [Fast Refresh] done in 77ms @ http://localhost:3000/_next/static/chunks/node_modules_next_dist_1e8vcs8._.js:791
[  392060ms] [LOG] [Fast Refresh] done in 77ms @ http://localhost:3000/_next/static/chunks/node_modules_next_dist_1e8vcs8._.js:791
[  392121ms] [LOG] [Fast Refresh] done in 77ms @ http://localhost:3000/_next/static/chunks/node_modules_next_dist_1e8vcs8._.js:791
[  392184ms] [LOG] [Fast Refresh] done in 77ms @ http://localhost:3000/_next/static/chunks/node_modules_next_dist_1e8vcs8._.js:791
[  392246ms] [LOG] [Fast Refresh] done in 77ms @ http://localhost:3000/_next/static/chunks/node_modules_next_dist_1e8vcs8._.js:791
[  392308ms] [LOG] [Fast Refresh] done in 77ms @ http://localhost:3000/_next/static/chunks/node_modules_next_dist_1e8vcs8._.js:791
[  392371ms] [LOG] [Fast Refresh] done in 77ms @ http://localhost:3000/_next/static/chunks/node_modules_next_dist_1e8vcs8._.js:791
[  392419ms] [LOG] [Fast Refresh] done in 77ms @ http://localhost:3000/_next/static/chunks/node_modules_next_dist_1e8vcs8._.js:791
[  392485ms] [LOG] [Fast Refresh] done in 77ms @ http://localhost:3000/_next/static/chunks/node_modules_next_dist_1e8vcs8._.js:791
[  392544ms] [LOG] [Fast Refresh] done in 77ms @ http://localhost:3000/_next/static/chunks/node_modules_next_dist_1e8vcs8._.js:791
[  392607ms] [LOG] [Fast Refresh] done in 77ms @ http://localhost:3000/_next/static/chunks/node_modules_next_dist_1e8vcs8._.js:791
[  392670ms] [LOG] [Fast Refresh] done in 77ms @ http://localhost:3000/_next/static/chunks/node_modules_next_dist_1e8vcs8._.js:791
[  392734ms] [LOG] [Fast Refresh] done in 77ms @ http://localhost:3000/_next/static/chunks/node_modules_next_dist_1e8vcs8._.js:791
[  392797ms] [LOG] [Fast Refresh] done in 77ms @ http://localhost:3000/_next/static/chunks/node_modules_next_dist_1e8vcs8._.js:791
[  392857ms] [LOG] [Fast Refresh] done in 77ms @ http://localhost:3000/_next/static/chunks/node_modules_next_dist_1e8vcs8._.js:791
[  392920ms] [LOG] [Fast Refresh] done in 77ms @ http://localhost:3000/_next/static/chunks/node_modules_next_dist_1e8vcs8._.js:791
[  392982ms] [LOG] [Fast Refresh] done in 77ms @ http://localhost:3000/_next/static/chunks/node_modules_next_dist_1e8vcs8._.js:791
[  393045ms] [LOG] [Fast Refresh] done in 77ms @ http://localhost:3000/_next/static/chunks/node_modules_next_dist_1e8vcs8._.js:791
[  393107ms] [LOG] [Fast Refresh] done in 77ms @ http://localhost:3000/_next/static/chunks/node_modules_next_dist_1e8vcs8._.js:791
[  393169ms] [LOG] [Fast Refresh] done in 77ms @ http://localhost:3000/_next/static/chunks/node_modules_next_dist_1e8vcs8._.js:791
[  393233ms] [LOG] [Fast Refresh] done in 77ms @ http://localhost:3000/_next/static/chunks/node_modules_next_dist_1e8vcs8._.js:791
[  393296ms] [LOG] [Fast Refresh] done in 77ms @ http://localhost:3000/_next/static/chunks/node_modules_next_dist_1e8vcs8._.js:791
[  393360ms] [LOG] [Fast Refresh] done in 77ms @ http://localhost:3000/_next/static/chunks/node_modules_next_dist_1e8vcs8._.js:791
[  393421ms] [LOG] [Fast Refresh] done in 77ms @ http://localhost:3000/_next/static/chunks/node_modules_next_dist_1e8vcs8._.js:791
[  393482ms] [LOG] [Fast Refresh] done in 77ms @ http://localhost:3000/_next/static/chunks/node_modules_next_dist_1e8vcs8._.js:791
[  393544ms] [LOG] [Fast Refresh] done in 77ms @ http://localhost:3000/_next/static/chunks/node_modules_next_dist_1e8vcs8._.js:791
[  393606ms] [LOG] [Fast Refresh] done in 77ms @ http://localhost:3000/_next/static/chunks/node_modules_next_dist_1e8vcs8._.js:791
[  393668ms] [LOG] [Fast Refresh] done in 77ms @ http://localhost:3000/_next/static/chunks/node_modules_next_dist_1e8vcs8._.js:791
[  393731ms] [LOG] [Fast Refresh] done in 77ms @ http://localhost:3000/_next/static/chunks/node_modules_next_dist_1e8vcs8._.js:791
[  393793ms] [LOG] [Fast Refresh] done in 77ms @ http://localhost:3000/_next/static/chunks/node_modules_next_dist_1e8vcs8._.js:791
[  393856ms] [LOG] [Fast Refresh] done in 77ms @ http://localhost:3000/_next/static/chunks/node_modules_next_dist_1e8vcs8._.js:791
[  393919ms] [LOG] [Fast Refresh] done in 77ms @ http://localhost:3000/_next/static/chunks/node_modules_next_dist_1e8vcs8._.js:791
[  393981ms] [LOG] [Fast Refresh] done in 77ms @ http://localhost:3000/_next/static/chunks/node_modules_next_dist_1e8vcs8._.js:791
[  394043ms] [LOG] [Fast Refresh] done in 77ms @ http://localhost:3000/_next/static/chunks/node_modules_next_dist_1e8vcs8._.js:791
[  394105ms] [LOG] [Fast Refresh] done in 77ms @ http://localhost:3000/_next/static/chunks/node_modules_next_dist_1e8vcs8._.js:791
[  394168ms] [LOG] [Fast Refresh] done in 77ms @ http://localhost:3000/_next/static/chunks/node_modules_next_dist_1e8vcs8._.js:791
[  394230ms] [LOG] [Fast Refresh] done in 77ms @ http://localhost:3000/_next/static/chunks/node_modules_next_dist_1e8vcs8._.js:791
[  394293ms] [LOG] [Fast Refresh] done in 77ms @ http://localhost:3000/_next/static/chunks/node_modules_next_dist_1e8vcs8._.js:791
[  394355ms] [LOG] [Fast Refresh] done in 77ms @ http://localhost:3000/_next/static/chunks/node_modules_next_dist_1e8vcs8._.js:791
[  394418ms] [LOG] [Fast Refresh] done in 77ms @ http://localhost:3000/_next/static/chunks/node_modules_next_dist_1e8vcs8._.js:791
[  394476ms] [LOG] [Fast Refresh] done in 77ms @ http://localhost:3000/_next/static/chunks/node_modules_next_dist_1e8vcs8._.js:791
[  394538ms] [LOG] [Fast Refresh] done in 77ms @ http://localhost:3000/_next/static/chunks/node_modules_next_dist_1e8vcs8._.js:791
[  394600ms] [LOG] [Fast Refresh] done in 77ms @ http://localhost:3000/_next/static/chunks/node_modules_next_dist_1e8vcs8._.js:791
[  394648ms] [LOG] [Fast Refresh] done in 77ms @ http://localhost:3000/_next/static/chunks/node_modules_next_dist_1e8vcs8._.js:791
[  394710ms] [LOG] [Fast Refresh] done in 77ms @ http://localhost:3000/_next/static/chunks/node_modules_next_dist_1e8vcs8._.js:791
[  394773ms] [LOG] [Fast Refresh] done in 77ms @ http://localhost:3000/_next/static/chunks/node_modules_next_dist_1e8vcs8._.js:791
[  394835ms] [LOG] [Fast Refresh] done in 77ms @ http://localhost:3000/_next/static/chunks/node_modules_next_dist_1e8vcs8._.js:791
[  394897ms] [LOG] [Fast Refresh] done in 77ms @ http://localhost:3000/_next/static/chunks/node_modules_next_dist_1e8vcs8._.js:791
[  394960ms] [LOG] [Fast Refresh] done in 77ms @ http://localhost:3000/_next/static/chunks/node_modules_next_dist_1e8vcs8._.js:791
[  395022ms] [LOG] [Fast Refresh] done in 77ms @ http://localhost:3000/_next/static/chunks/node_modules_next_dist_1e8vcs8._.js:791
[  395083ms] [LOG] [Fast Refresh] done in 77ms @ http://localhost:3000/_next/static/chunks/node_modules_next_dist_1e8vcs8._.js:791
[  395146ms] [LOG] [Fast Refresh] done in 77ms @ http://localhost:3000/_next/static/chunks/node_modules_next_dist_1e8vcs8._.js:791
[  395210ms] [LOG] [Fast Refresh] done in 77ms @ http://localhost:3000/_next/static/chunks/node_modules_next_dist_1e8vcs8._.js:791
[  395271ms] [LOG] [Fast Refresh] done in 77ms @ http://localhost:3000/_next/static/chunks/node_modules_next_dist_1e8vcs8._.js:791
[  395333ms] [LOG] [Fast Refresh] done in 77ms @ http://localhost:3000/_next/static/chunks/node_modules_next_dist_1e8vcs8._.js:791
[  395395ms] [LOG] [Fast Refresh] done in 77ms @ http://localhost:3000/_next/static/chunks/node_modules_next_dist_1e8vcs8._.js:791
[  395457ms] [LOG] [Fast Refresh] done in 77ms @ http://localhost:3000/_next/static/chunks/node_modules_next_dist_1e8vcs8._.js:791
[  395519ms] [LOG] [Fast Refresh] done in 77ms @ http://localhost:3000/_next/static/chunks/node_modules_next_dist_1e8vcs8._.js:791
[  395581ms] [LOG] [Fast Refresh] done in 77ms @ http://localhost:3000/_next/static/chunks/node_modules_next_dist_1e8vcs8._.js:791
[  395643ms] [LOG] [Fast Refresh] done in 77ms @ http://localhost:3000/_next/static/chunks/node_modules_next_dist_1e8vcs8._.js:791
[  395706ms] [LOG] [Fast Refresh] done in 77ms @ http://localhost:3000/_next/static/chunks/node_modules_next_dist_1e8vcs8._.js:791
[  395769ms] [LOG] [Fast Refresh] done in 77ms @ http://localhost:3000/_next/static/chunks/node_modules_next_dist_1e8vcs8._.js:791
[  395831ms] [LOG] [Fast Refresh] done in 77ms @ http://localhost:3000/_next/static/chunks/node_modules_next_dist_1e8vcs8._.js:791
[  395892ms] [LOG] [Fast Refresh] done in 77ms @ http://localhost:3000/_next/static/chunks/node_modules_next_dist_1e8vcs8._.js:791
[  395955ms] [LOG] [Fast Refresh] done in 77ms @ http://localhost:3000/_next/static/chunks/node_modules_next_dist_1e8vcs8._.js:791
[  396011ms] [LOG] [Fast Refresh] done in 77ms @ http://localhost:3000/_next/static/chunks/node_modules_next_dist_1e8vcs8._.js:791
[  396052ms] [LOG] [Fast Refresh] done in 77ms @ http://localhost:3000/_next/static/chunks/node_modules_next_dist_1e8vcs8._.js:791
[  396121ms] [LOG] [Fast Refresh] done in 77ms @ http://localhost:3000/_next/static/chunks/node_modules_next_dist_1e8vcs8._.js:791
[  396220ms] [LOG] [Fast Refresh] done in 77ms @ http://localhost:3000/_next/static/chunks/node_modules_next_dist_1e8vcs8._.js:791
[  396279ms] [LOG] [Fast Refresh] done in 77ms @ http://localhost:3000/_next/static/chunks/node_modules_next_dist_1e8vcs8._.js:791
[  396342ms] [LOG] [Fast Refresh] done in 77ms @ http://localhost:3000/_next/static/chunks/node_modules_next_dist_1e8vcs8._.js:791
[  396404ms] [LOG] [Fast Refresh] done in 77ms @ http://localhost:3000/_next/static/chunks/node_modules_next_dist_1e8vcs8._.js:791
[  396467ms] [LOG] [Fast Refresh] done in 77ms @ http://localhost:3000/_next/static/chunks/node_modules_next_dist_1e8vcs8._.js:791
[  396532ms] [LOG] [Fast Refresh] done in 77ms @ http://localhost:3000/_next/static/chunks/node_modules_next_dist_1e8vcs8._.js:791
[  396595ms] [LOG] [Fast Refresh] done in 77ms @ http://localhost:3000/_next/static/chunks/node_modules_next_dist_1e8vcs8._.js:791
[  396662ms] [LOG] [Fast Refresh] done in 77ms @ http://localhost:3000/_next/static/chunks/node_modules_next_dist_1e8vcs8._.js:791
[  396724ms] [LOG] [Fast Refresh] done in 77ms @ http://localhost:3000/_next/static/chunks/node_modules_next_dist_1e8vcs8._.js:791
[  396785ms] [LOG] [Fast Refresh] done in 77ms @ http://localhost:3000/_next/static/chunks/node_modules_next_dist_1e8vcs8._.js:791
[  396868ms] [LOG] [Fast Refresh] done in 77ms @ http://localhost:3000/_next/static/chunks/node_modules_next_dist_1e8vcs8._.js:791
[  396929ms] [LOG] [Fast Refresh] done in 77ms @ http://localhost:3000/_next/static/chunks/node_modules_next_dist_1e8vcs8._.js:791
[  396987ms] [LOG] [Fast Refresh] done in 77ms @ http://localhost:3000/_next/static/chunks/node_modules_next_dist_1e8vcs8._.js:791
[  397054ms] [LOG] [Fast Refresh] done in 77ms @ http://localhost:3000/_next/static/chunks/node_modules_next_dist_1e8vcs8._.js:791
[  397118ms] [LOG] [Fast Refresh] done in 77ms @ http://localhost:3000/_next/static/chunks/node_modules_next_dist_1e8vcs8._.js:791
[  397215ms] [LOG] [Fast Refresh] done in 77ms @ http://localhost:3000/_next/static/chunks/node_modules_next_dist_1e8vcs8._.js:791
[  397346ms] [LOG] [Fast Refresh] done in 77ms @ http://localhost:3000/_next/static/chunks/node_modules_next_dist_1e8vcs8._.js:791
[  397441ms] [LOG] [Fast Refresh] done in 77ms @ http://localhost:3000/_next/static/chunks/node_modules_next_dist_1e8vcs8._.js:791
[  397502ms] [LOG] [Fast Refresh] done in 77ms @ http://localhost:3000/_next/static/chunks/node_modules_next_dist_1e8vcs8._.js:791
[  397563ms] [LOG] [Fast Refresh] done in 77ms @ http://localhost:3000/_next/static/chunks/node_modules_next_dist_1e8vcs8._.js:791
[  397626ms] [LOG] [Fast Refresh] done in 77ms @ http://localhost:3000/_next/static/chunks/node_modules_next_dist_1e8vcs8._.js:791
[  397689ms] [LOG] [Fast Refresh] done in 77ms @ http://localhost:3000/_next/static/chunks/node_modules_next_dist_1e8vcs8._.js:791
[  397751ms] [LOG] [Fast Refresh] done in 77ms @ http://localhost:3000/_next/static/chunks/node_modules_next_dist_1e8vcs8._.js:791
[  397814ms] [LOG] [Fast Refresh] done in 77ms @ http://localhost:3000/_next/static/chunks/node_modules_next_dist_1e8vcs8._.js:791
[  397875ms] [LOG] [Fast Refresh] done in 77ms @ http://localhost:3000/_next/static/chunks/node_modules_next_dist_1e8vcs8._.js:791
[  397938ms] [LOG] [Fast Refresh] done in 77ms @ http://localhost:3000/_next/static/chunks/node_modules_next_dist_1e8vcs8._.js:791
[  397984ms] [LOG] [Fast Refresh] done in 77ms @ http://localhost:3000/_next/static/chunks/node_modules_next_dist_1e8vcs8._.js:791
[  398046ms] [LOG] [Fast Refresh] done in 77ms @ http://localhost:3000/_next/static/chunks/node_modules_next_dist_1e8vcs8._.js:791
[  398108ms] [LOG] [Fast Refresh] done in 77ms @ http://localhost:3000/_next/static/chunks/node_modules_next_dist_1e8vcs8._.js:791
[  398169ms] [LOG] [Fast Refresh] done in 77ms @ http://localhost:3000/_next/static/chunks/node_modules_next_dist_1e8vcs8._.js:791
[  398232ms] [LOG] [Fast Refresh] done in 77ms @ http://localhost:3000/_next/static/chunks/node_modules_next_dist_1e8vcs8._.js:791
[  398294ms] [LOG] [Fast Refresh] done in 77ms @ http://localhost:3000/_next/static/chunks/node_modules_next_dist_1e8vcs8._.js:791
[  398356ms] [LOG] [Fast Refresh] done in 77ms @ http://localhost:3000/_next/static/chunks/node_modules_next_dist_1e8vcs8._.js:791
[  398411ms] [LOG] [Fast Refresh] done in 77ms @ http://localhost:3000/_next/static/chunks/node_modules_next_dist_1e8vcs8._.js:791
[  398472ms] [LOG] [Fast Refresh] done in 77ms @ http://localhost:3000/_next/static/chunks/node_modules_next_dist_1e8vcs8._.js:791
[  398534ms] [LOG] [Fast Refresh] done in 77ms @ http://localhost:3000/_next/static/chunks/node_modules_next_dist_1e8vcs8._.js:791
[  398595ms] [LOG] [Fast Refresh] done in 77ms @ http://localhost:3000/_next/static/chunks/node_modules_next_dist_1e8vcs8._.js:791
[  398657ms] [LOG] [Fast Refresh] done in 77ms @ http://localhost:3000/_next/static/chunks/node_modules_next_dist_1e8vcs8._.js:791
[  398721ms] [LOG] [Fast Refresh] done in 77ms @ http://localhost:3000/_next/static/chunks/node_modules_next_dist_1e8vcs8._.js:791
[  398784ms] [LOG] [Fast Refresh] done in 77ms @ http://localhost:3000/_next/static/chunks/node_modules_next_dist_1e8vcs8._.js:791
[  398847ms] [LOG] [Fast Refresh] done in 77ms @ http://localhost:3000/_next/static/chunks/node_modules_next_dist_1e8vcs8._.js:791
[  398909ms] [LOG] [Fast Refresh] done in 77ms @ http://localhost:3000/_next/static/chunks/node_modules_next_dist_1e8vcs8._.js:791
[  398971ms] [LOG] [Fast Refresh] done in 77ms @ http://localhost:3000/_next/static/chunks/node_modules_next_dist_1e8vcs8._.js:791
[  399032ms] [LOG] [Fast Refresh] done in 77ms @ http://localhost:3000/_next/static/chunks/node_modules_next_dist_1e8vcs8._.js:791
[  399094ms] [LOG] [Fast Refresh] done in 77ms @ http://localhost:3000/_next/static/chunks/node_modules_next_dist_1e8vcs8._.js:791
[  399156ms] [LOG] [Fast Refresh] done in 77ms @ http://localhost:3000/_next/static/chunks/node_modules_next_dist_1e8vcs8._.js:791
[  399217ms] [LOG] [Fast Refresh] done in 77ms @ http://localhost:3000/_next/static/chunks/node_modules_next_dist_1e8vcs8._.js:791
[  399279ms] [LOG] [Fast Refresh] done in 77ms @ http://localhost:3000/_next/static/chunks/node_modules_next_dist_1e8vcs8._.js:791
[  399341ms] [LOG] [Fast Refresh] done in 77ms @ http://localhost:3000/_next/static/chunks/node_modules_next_dist_1e8vcs8._.js:791
[  399403ms] [LOG] [Fast Refresh] done in 77ms @ http://localhost:3000/_next/static/chunks/node_modules_next_dist_1e8vcs8._.js:791
[  399465ms] [LOG] [Fast Refresh] done in 77ms @ http://localhost:3000/_next/static/chunks/node_modules_next_dist_1e8vcs8._.js:791
[  399529ms] [LOG] [Fast Refresh] done in 77ms @ http://localhost:3000/_next/static/chunks/node_modules_next_dist_1e8vcs8._.js:791
[  399592ms] [LOG] [Fast Refresh] done in 77ms @ http://localhost:3000/_next/static/chunks/node_modules_next_dist_1e8vcs8._.js:791
[  399653ms] [LOG] [Fast Refresh] done in 77ms @ http://localhost:3000/_next/static/chunks/node_modules_next_dist_1e8vcs8._.js:791
[  399716ms] [LOG] [Fast Refresh] done in 77ms @ http://localhost:3000/_next/static/chunks/node_modules_next_dist_1e8vcs8._.js:791
[  399778ms] [LOG] [Fast Refresh] done in 77ms @ http://localhost:3000/_next/static/chunks/node_modules_next_dist_1e8vcs8._.js:791
[  399841ms] [LOG] [Fast Refresh] done in 77ms @ http://localhost:3000/_next/static/chunks/node_modules_next_dist_1e8vcs8._.js:791
[  399904ms] [LOG] [Fast Refresh] done in 77ms @ http://localhost:3000/_next/static/chunks/node_modules_next_dist_1e8vcs8._.js:791
[  399965ms] [LOG] [Fast Refresh] done in 77ms @ http://localhost:3000/_next/static/chunks/node_modules_next_dist_1e8vcs8._.js:791
[  400028ms] [LOG] [Fast Refresh] done in 77ms @ http://localhost:3000/_next/static/chunks/node_modules_next_dist_1e8vcs8._.js:791
[  400089ms] [LOG] [Fast Refresh] done in 77ms @ http://localhost:3000/_next/static/chunks/node_modules_next_dist_1e8vcs8._.js:791
[  400151ms] [LOG] [Fast Refresh] done in 77ms @ http://localhost:3000/_next/static/chunks/node_modules_next_dist_1e8vcs8._.js:791
[  400213ms] [LOG] [Fast Refresh] done in 77ms @ http://localhost:3000/_next/static/chunks/node_modules_next_dist_1e8vcs8._.js:791
[  400276ms] [LOG] [Fast Refresh] done in 77ms @ http://localhost:3000/_next/static/chunks/node_modules_next_dist_1e8vcs8._.js:791
[  400337ms] [LOG] [Fast Refresh] done in 77ms @ http://localhost:3000/_next/static/chunks/node_modules_next_dist_1e8vcs8._.js:791
[  400399ms] [LOG] [Fast Refresh] done in 77ms @ http://localhost:3000/_next/static/chunks/node_modules_next_dist_1e8vcs8._.js:791
[  400461ms] [LOG] [Fast Refresh] done in 77ms @ http://localhost:3000/_next/static/chunks/node_modules_next_dist_1e8vcs8._.js:791
[  400524ms] [LOG] [Fast Refresh] done in 77ms @ http://localhost:3000/_next/static/chunks/node_modules_next_dist_1e8vcs8._.js:791
[  400586ms] [LOG] [Fast Refresh] done in 77ms @ http://localhost:3000/_next/static/chunks/node_modules_next_dist_1e8vcs8._.js:791
[  400648ms] [LOG] [Fast Refresh] done in 77ms @ http://localhost:3000/_next/static/chunks/node_modules_next_dist_1e8vcs8._.js:791
[  400710ms] [LOG] [Fast Refresh] done in 77ms @ http://localhost:3000/_next/static/chunks/node_modules_next_dist_1e8vcs8._.js:791
[  400773ms] [LOG] [Fast Refresh] done in 77ms @ http://localhost:3000/_next/static/chunks/node_modules_next_dist_1e8vcs8._.js:791
[  400834ms] [LOG] [Fast Refresh] done in 77ms @ http://localhost:3000/_next/static/chunks/node_modules_next_dist_1e8vcs8._.js:791
[  400895ms] [LOG] [Fast Refresh] done in 77ms @ http://localhost:3000/_next/static/chunks/node_modules_next_dist_1e8vcs8._.js:791
[  400958ms] [LOG] [Fast Refresh] done in 77ms @ http://localhost:3000/_next/static/chunks/node_modules_next_dist_1e8vcs8._.js:791
[  401019ms] [LOG] [Fast Refresh] done in 77ms @ http://localhost:3000/_next/static/chunks/node_modules_next_dist_1e8vcs8._.js:791
[  401081ms] [LOG] [Fast Refresh] done in 77ms @ http://localhost:3000/_next/static/chunks/node_modules_next_dist_1e8vcs8._.js:791
[  401145ms] [LOG] [Fast Refresh] done in 77ms @ http://localhost:3000/_next/static/chunks/node_modules_next_dist_1e8vcs8._.js:791
[  401206ms] [LOG] [Fast Refresh] done in 77ms @ http://localhost:3000/_next/static/chunks/node_modules_next_dist_1e8vcs8._.js:791
[  401268ms] [LOG] [Fast Refresh] done in 77ms @ http://localhost:3000/_next/static/chunks/node_modules_next_dist_1e8vcs8._.js:791
[  401330ms] [LOG] [Fast Refresh] done in 77ms @ http://localhost:3000/_next/static/chunks/node_modules_next_dist_1e8vcs8._.js:791
[  401393ms] [LOG] [Fast Refresh] done in 77ms @ http://localhost:3000/_next/static/chunks/node_modules_next_dist_1e8vcs8._.js:791
[  401457ms] [LOG] [Fast Refresh] done in 77ms @ http://localhost:3000/_next/static/chunks/node_modules_next_dist_1e8vcs8._.js:791
[  401519ms] [LOG] [Fast Refresh] done in 77ms @ http://localhost:3000/_next/static/chunks/node_modules_next_dist_1e8vcs8._.js:791
[  401567ms] [LOG] [Fast Refresh] done in 77ms @ http://localhost:3000/_next/static/chunks/node_modules_next_dist_1e8vcs8._.js:791
[  401630ms] [LOG] [Fast Refresh] done in 77ms @ http://localhost:3000/_next/static/chunks/node_modules_next_dist_1e8vcs8._.js:791
[  401692ms] [LOG] [Fast Refresh] done in 77ms @ http://localhost:3000/_next/static/chunks/node_modules_next_dist_1e8vcs8._.js:791
[  401767ms] [LOG] [Fast Refresh] done in 77ms @ http://localhost:3000/_next/static/chunks/node_modules_next_dist_1e8vcs8._.js:791
[  401842ms] [LOG] [Fast Refresh] done in 77ms @ http://localhost:3000/_next/static/chunks/node_modules_next_dist_1e8vcs8._.js:791
[  401912ms] [LOG] [Fast Refresh] done in 77ms @ http://localhost:3000/_next/static/chunks/node_modules_next_dist_1e8vcs8._.js:791
[  401975ms] [LOG] [Fast Refresh] done in 77ms @ http://localhost:3000/_next/static/chunks/node_modules_next_dist_1e8vcs8._.js:791
[  402037ms] [LOG] [Fast Refresh] done in 77ms @ http://localhost:3000/_next/static/chunks/node_modules_next_dist_1e8vcs8._.js:791
[  402100ms] [LOG] [Fast Refresh] done in 77ms @ http://localhost:3000/_next/static/chunks/node_modules_next_dist_1e8vcs8._.js:791
[  402162ms] [LOG] [Fast Refresh] done in 77ms @ http://localhost:3000/_next/static/chunks/node_modules_next_dist_1e8vcs8._.js:791
[  402224ms] [LOG] [Fast Refresh] done in 77ms @ http://localhost:3000/_next/static/chunks/node_modules_next_dist_1e8vcs8._.js:791
[  402287ms] [LOG] [Fast Refresh] done in 77ms @ http://localhost:3000/_next/static/chunks/node_modules_next_dist_1e8vcs8._.js:791
[  402349ms] [LOG] [Fast Refresh] done in 77ms @ http://localhost:3000/_next/static/chunks/node_modules_next_dist_1e8vcs8._.js:791
[  402412ms] [LOG] [Fast Refresh] done in 77ms @ http://localhost:3000/_next/static/chunks/node_modules_next_dist_1e8vcs8._.js:791
[  402460ms] [LOG] [Fast Refresh] done in 77ms @ http://localhost:3000/_next/static/chunks/node_modules_next_dist_1e8vcs8._.js:791
[  402522ms] [LOG] [Fast Refresh] done in 77ms @ http://localhost:3000/_next/static/chunks/node_modules_next_dist_1e8vcs8._.js:791
[  402584ms] [LOG] [Fast Refresh] done in 77ms @ http://localhost:3000/_next/static/chunks/node_modules_next_dist_1e8vcs8._.js:791
[  402644ms] [LOG] [Fast Refresh] done in 77ms @ http://localhost:3000/_next/static/chunks/node_modules_next_dist_1e8vcs8._.js:791
[  402692ms] [LOG] [Fast Refresh] done in 77ms @ http://localhost:3000/_next/static/chunks/node_modules_next_dist_1e8vcs8._.js:791
[  402754ms] [LOG] [Fast Refresh] done in 77ms @ http://localhost:3000/_next/static/chunks/node_modules_next_dist_1e8vcs8._.js:791
[  402817ms] [LOG] [Fast Refresh] done in 77ms @ http://localhost:3000/_next/static/chunks/node_modules_next_dist_1e8vcs8._.js:791
[  402881ms] [LOG] [Fast Refresh] done in 77ms @ http://localhost:3000/_next/static/chunks/node_modules_next_dist_1e8vcs8._.js:791
[  402942ms] [LOG] [Fast Refresh] done in 77ms @ http://localhost:3000/_next/static/chunks/node_modules_next_dist_1e8vcs8._.js:791
[  403004ms] [LOG] [Fast Refresh] done in 77ms @ http://localhost:3000/_next/static/chunks/node_modules_next_dist_1e8vcs8._.js:791
[  403067ms] [LOG] [Fast Refresh] done in 77ms @ http://localhost:3000/_next/static/chunks/node_modules_next_dist_1e8vcs8._.js:791
[  403129ms] [LOG] [Fast Refresh] done in 77ms @ http://localhost:3000/_next/static/chunks/node_modules_next_dist_1e8vcs8._.js:791
[  403192ms] [LOG] [Fast Refresh] done in 77ms @ http://localhost:3000/_next/static/chunks/node_modules_next_dist_1e8vcs8._.js:791
[  403255ms] [LOG] [Fast Refresh] done in 77ms @ http://localhost:3000/_next/static/chunks/node_modules_next_dist_1e8vcs8._.js:791
[  403355ms] [LOG] [Fast Refresh] done in 77ms @ http://localhost:3000/_next/static/chunks/node_modules_next_dist_1e8vcs8._.js:791
[  403418ms] [LOG] [Fast Refresh] done in 77ms @ http://localhost:3000/_next/static/chunks/node_modules_next_dist_1e8vcs8._.js:791
[  403481ms] [LOG] [Fast Refresh] done in 77ms @ http://localhost:3000/_next/static/chunks/node_modules_next_dist_1e8vcs8._.js:791
[  403544ms] [LOG] [Fast Refresh] done in 77ms @ http://localhost:3000/_next/static/chunks/node_modules_next_dist_1e8vcs8._.js:791
[  403613ms] [LOG] [Fast Refresh] done in 77ms @ http://localhost:3000/_next/static/chunks/node_modules_next_dist_1e8vcs8._.js:791
[  403675ms] [LOG] [Fast Refresh] done in 77ms @ http://localhost:3000/_next/static/chunks/node_modules_next_dist_1e8vcs8._.js:791
[  403734ms] [LOG] [Fast Refresh] done in 77ms @ http://localhost:3000/_next/static/chunks/node_modules_next_dist_1e8vcs8._.js:791
[  403798ms] [LOG] [Fast Refresh] done in 77ms @ http://localhost:3000/_next/static/chunks/node_modules_next_dist_1e8vcs8._.js:791
[  403863ms] [LOG] [Fast Refresh] done in 77ms @ http://localhost:3000/_next/static/chunks/node_modules_next_dist_1e8vcs8._.js:791
[  403925ms] [LOG] [Fast Refresh] done in 77ms @ http://localhost:3000/_next/static/chunks/node_modules_next_dist_1e8vcs8._.js:791
[  403988ms] [LOG] [Fast Refresh] done in 77ms @ http://localhost:3000/_next/static/chunks/node_modules_next_dist_1e8vcs8._.js:791
[  404051ms] [LOG] [Fast Refresh] done in 77ms @ http://localhost:3000/_next/static/chunks/node_modules_next_dist_1e8vcs8._.js:791
[  404113ms] [LOG] [Fast Refresh] done in 77ms @ http://localhost:3000/_next/static/chunks/node_modules_next_dist_1e8vcs8._.js:791
[  404175ms] [LOG] [Fast Refresh] done in 77ms @ http://localhost:3000/_next/static/chunks/node_modules_next_dist_1e8vcs8._.js:791
[  404239ms] [LOG] [Fast Refresh] done in 77ms @ http://localhost:3000/_next/static/chunks/node_modules_next_dist_1e8vcs8._.js:791
[  404301ms] [LOG] [Fast Refresh] done in 77ms @ http://localhost:3000/_next/static/chunks/node_modules_next_dist_1e8vcs8._.js:791
[  404367ms] [LOG] [Fast Refresh] done in 77ms @ http://localhost:3000/_next/static/chunks/node_modules_next_dist_1e8vcs8._.js:791
[  404427ms] [LOG] [Fast Refresh] done in 77ms @ http://localhost:3000/_next/static/chunks/node_modules_next_dist_1e8vcs8._.js:791
[  404488ms] [LOG] [Fast Refresh] done in 77ms @ http://localhost:3000/_next/static/chunks/node_modules_next_dist_1e8vcs8._.js:791
[  404591ms] [LOG] [Fast Refresh] done in 77ms @ http://localhost:3000/_next/static/chunks/node_modules_next_dist_1e8vcs8._.js:791
[  404649ms] [LOG] [Fast Refresh] done in 77ms @ http://localhost:3000/_next/static/chunks/node_modules_next_dist_1e8vcs8._.js:791
[  404711ms] [LOG] [Fast Refresh] done in 77ms @ http://localhost:3000/_next/static/chunks/node_modules_next_dist_1e8vcs8._.js:791
[  404775ms] [LOG] [Fast Refresh] done in 77ms @ http://localhost:3000/_next/static/chunks/node_modules_next_dist_1e8vcs8._.js:791
[  404837ms] [LOG] [Fast Refresh] done in 77ms @ http://localhost:3000/_next/static/chunks/node_modules_next_dist_1e8vcs8._.js:791
[  404899ms] [LOG] [Fast Refresh] done in 77ms @ http://localhost:3000/_next/static/chunks/node_modules_next_dist_1e8vcs8._.js:791
[  404961ms] [LOG] [Fast Refresh] done in 77ms @ http://localhost:3000/_next/static/chunks/node_modules_next_dist_1e8vcs8._.js:791
[  405024ms] [LOG] [Fast Refresh] done in 77ms @ http://localhost:3000/_next/static/chunks/node_modules_next_dist_1e8vcs8._.js:791
[  405086ms] [LOG] [Fast Refresh] done in 77ms @ http://localhost:3000/_next/static/chunks/node_modules_next_dist_1e8vcs8._.js:791
[  405134ms] [LOG] [Fast Refresh] done in 77ms @ http://localhost:3000/_next/static/chunks/node_modules_next_dist_1e8vcs8._.js:791
[  405195ms] [LOG] [Fast Refresh] done in 77ms @ http://localhost:3000/_next/static/chunks/node_modules_next_dist_1e8vcs8._.js:791
[  405257ms] [LOG] [Fast Refresh] done in 77ms @ http://localhost:3000/_next/static/chunks/node_modules_next_dist_1e8vcs8._.js:791
[  405321ms] [LOG] [Fast Refresh] done in 77ms @ http://localhost:3000/_next/static/chunks/node_modules_next_dist_1e8vcs8._.js:791
[  405383ms] [LOG] [Fast Refresh] done in 77ms @ http://localhost:3000/_next/static/chunks/node_modules_next_dist_1e8vcs8._.js:791
[  405446ms] [LOG] [Fast Refresh] done in 77ms @ http://localhost:3000/_next/static/chunks/node_modules_next_dist_1e8vcs8._.js:791
[  405508ms] [LOG] [Fast Refresh] done in 77ms @ http://localhost:3000/_next/static/chunks/node_modules_next_dist_1e8vcs8._.js:791
[  405555ms] [LOG] [Fast Refresh] done in 77ms @ http://localhost:3000/_next/static/chunks/node_modules_next_dist_1e8vcs8._.js:791
[  405618ms] [LOG] [Fast Refresh] done in 77ms @ http://localhost:3000/_next/static/chunks/node_modules_next_dist_1e8vcs8._.js:791
[  405681ms] [LOG] [Fast Refresh] done in 77ms @ http://localhost:3000/_next/static/chunks/node_modules_next_dist_1e8vcs8._.js:791
[  405744ms] [LOG] [Fast Refresh] done in 77ms @ http://localhost:3000/_next/static/chunks/node_modules_next_dist_1e8vcs8._.js:791
[  405807ms] [LOG] [Fast Refresh] done in 77ms @ http://localhost:3000/_next/static/chunks/node_modules_next_dist_1e8vcs8._.js:791
[  405869ms] [LOG] [Fast Refresh] done in 77ms @ http://localhost:3000/_next/static/chunks/node_modules_next_dist_1e8vcs8._.js:791
[  405933ms] [LOG] [Fast Refresh] done in 77ms @ http://localhost:3000/_next/static/chunks/node_modules_next_dist_1e8vcs8._.js:791
[  405996ms] [LOG] [Fast Refresh] done in 77ms @ http://localhost:3000/_next/static/chunks/node_modules_next_dist_1e8vcs8._.js:791
[  406060ms] [LOG] [Fast Refresh] done in 77ms @ http://localhost:3000/_next/static/chunks/node_modules_next_dist_1e8vcs8._.js:791
[  406123ms] [LOG] [Fast Refresh] done in 77ms @ http://localhost:3000/_next/static/chunks/node_modules_next_dist_1e8vcs8._.js:791
[  406171ms] [LOG] [Fast Refresh] done in 77ms @ http://localhost:3000/_next/static/chunks/node_modules_next_dist_1e8vcs8._.js:791
[  406233ms] [LOG] [Fast Refresh] done in 77ms @ http://localhost:3000/_next/static/chunks/node_modules_next_dist_1e8vcs8._.js:791
[  406294ms] [LOG] [Fast Refresh] done in 77ms @ http://localhost:3000/_next/static/chunks/node_modules_next_dist_1e8vcs8._.js:791
[  406357ms] [LOG] [Fast Refresh] done in 77ms @ http://localhost:3000/_next/static/chunks/node_modules_next_dist_1e8vcs8._.js:791
[  406420ms] [LOG] [Fast Refresh] done in 77ms @ http://localhost:3000/_next/static/chunks/node_modules_next_dist_1e8vcs8._.js:791
[  406483ms] [LOG] [Fast Refresh] done in 77ms @ http://localhost:3000/_next/static/chunks/node_modules_next_dist_1e8vcs8._.js:791
[  406546ms] [LOG] [Fast Refresh] done in 77ms @ http://localhost:3000/_next/static/chunks/node_modules_next_dist_1e8vcs8._.js:791
[  406595ms] [LOG] [Fast Refresh] done in 77ms @ http://localhost:3000/_next/static/chunks/node_modules_next_dist_1e8vcs8._.js:791
[  406658ms] [LOG] [Fast Refresh] done in 77ms @ http://localhost:3000/_next/static/chunks/node_modules_next_dist_1e8vcs8._.js:791
[  406720ms] [LOG] [Fast Refresh] done in 77ms @ http://localhost:3000/_next/static/chunks/node_modules_next_dist_1e8vcs8._.js:791
[  406783ms] [LOG] [Fast Refresh] done in 77ms @ http://localhost:3000/_next/static/chunks/node_modules_next_dist_1e8vcs8._.js:791
[  406845ms] [LOG] [Fast Refresh] done in 77ms @ http://localhost:3000/_next/static/chunks/node_modules_next_dist_1e8vcs8._.js:791
[  406908ms] [LOG] [Fast Refresh] done in 77ms @ http://localhost:3000/_next/static/chunks/node_modules_next_dist_1e8vcs8._.js:791
[  406969ms] [LOG] [Fast Refresh] done in 77ms @ http://localhost:3000/_next/static/chunks/node_modules_next_dist_1e8vcs8._.js:791
[  407031ms] [LOG] [Fast Refresh] done in 77ms @ http://localhost:3000/_next/static/chunks/node_modules_next_dist_1e8vcs8._.js:791
[  407079ms] [LOG] [Fast Refresh] done in 77ms @ http://localhost:3000/_next/static/chunks/node_modules_next_dist_1e8vcs8._.js:791
[  407141ms] [LOG] [Fast Refresh] done in 77ms @ http://localhost:3000/_next/static/chunks/node_modules_next_dist_1e8vcs8._.js:791
[  407188ms] [LOG] [Fast Refresh] done in 77ms @ http://localhost:3000/_next/static/chunks/node_modules_next_dist_1e8vcs8._.js:791
[  407250ms] [LOG] [Fast Refresh] done in 77ms @ http://localhost:3000/_next/static/chunks/node_modules_next_dist_1e8vcs8._.js:791
[  407311ms] [LOG] [Fast Refresh] done in 77ms @ http://localhost:3000/_next/static/chunks/node_modules_next_dist_1e8vcs8._.js:791
[  407373ms] [LOG] [Fast Refresh] done in 77ms @ http://localhost:3000/_next/static/chunks/node_modules_next_dist_1e8vcs8._.js:791
[  407435ms] [LOG] [Fast Refresh] done in 77ms @ http://localhost:3000/_next/static/chunks/node_modules_next_dist_1e8vcs8._.js:791
[  407498ms] [LOG] [Fast Refresh] done in 77ms @ http://localhost:3000/_next/static/chunks/node_modules_next_dist_1e8vcs8._.js:791
[  407559ms] [LOG] [Fast Refresh] done in 77ms @ http://localhost:3000/_next/static/chunks/node_modules_next_dist_1e8vcs8._.js:791
[  407622ms] [LOG] [Fast Refresh] done in 77ms @ http://localhost:3000/_next/static/chunks/node_modules_next_dist_1e8vcs8._.js:791
[  407684ms] [LOG] [Fast Refresh] done in 77ms @ http://localhost:3000/_next/static/chunks/node_modules_next_dist_1e8vcs8._.js:791
[  407745ms] [LOG] [Fast Refresh] done in 77ms @ http://localhost:3000/_next/static/chunks/node_modules_next_dist_1e8vcs8._.js:791
[  407809ms] [LOG] [Fast Refresh] done in 77ms @ http://localhost:3000/_next/static/chunks/node_modules_next_dist_1e8vcs8._.js:791
[  407871ms] [LOG] [Fast Refresh] done in 77ms @ http://localhost:3000/_next/static/chunks/node_modules_next_dist_1e8vcs8._.js:791
[  407932ms] [LOG] [Fast Refresh] done in 77ms @ http://localhost:3000/_next/static/chunks/node_modules_next_dist_1e8vcs8._.js:791
[  407995ms] [LOG] [Fast Refresh] done in 77ms @ http://localhost:3000/_next/static/chunks/node_modules_next_dist_1e8vcs8._.js:791
[  408058ms] [LOG] [Fast Refresh] done in 77ms @ http://localhost:3000/_next/static/chunks/node_modules_next_dist_1e8vcs8._.js:791
[  408122ms] [LOG] [Fast Refresh] done in 77ms @ http://localhost:3000/_next/static/chunks/node_modules_next_dist_1e8vcs8._.js:791
[  408184ms] [LOG] [Fast Refresh] done in 77ms @ http://localhost:3000/_next/static/chunks/node_modules_next_dist_1e8vcs8._.js:791
[  408246ms] [LOG] [Fast Refresh] done in 77ms @ http://localhost:3000/_next/static/chunks/node_modules_next_dist_1e8vcs8._.js:791
[  408295ms] [LOG] [Fast Refresh] done in 77ms @ http://localhost:3000/_next/static/chunks/node_modules_next_dist_1e8vcs8._.js:791
[  408343ms] [LOG] [Fast Refresh] done in 77ms @ http://localhost:3000/_next/static/chunks/node_modules_next_dist_1e8vcs8._.js:791
[  408405ms] [LOG] [Fast Refresh] done in 77ms @ http://localhost:3000/_next/static/chunks/node_modules_next_dist_1e8vcs8._.js:791
[  408468ms] [LOG] [Fast Refresh] done in 77ms @ http://localhost:3000/_next/static/chunks/node_modules_next_dist_1e8vcs8._.js:791
[  408530ms] [LOG] [Fast Refresh] done in 77ms @ http://localhost:3000/_next/static/chunks/node_modules_next_dist_1e8vcs8._.js:791
[  408594ms] [LOG] [Fast Refresh] done in 77ms @ http://localhost:3000/_next/static/chunks/node_modules_next_dist_1e8vcs8._.js:791
[  408655ms] [LOG] [Fast Refresh] done in 77ms @ http://localhost:3000/_next/static/chunks/node_modules_next_dist_1e8vcs8._.js:791
[  408718ms] [LOG] [Fast Refresh] done in 77ms @ http://localhost:3000/_next/static/chunks/node_modules_next_dist_1e8vcs8._.js:791
[  408780ms] [LOG] [Fast Refresh] done in 77ms @ http://localhost:3000/_next/static/chunks/node_modules_next_dist_1e8vcs8._.js:791
[  408842ms] [LOG] [Fast Refresh] done in 77ms @ http://localhost:3000/_next/static/chunks/node_modules_next_dist_1e8vcs8._.js:791
[  408905ms] [LOG] [Fast Refresh] done in 77ms @ http://localhost:3000/_next/static/chunks/node_modules_next_dist_1e8vcs8._.js:791
[  408968ms] [LOG] [Fast Refresh] done in 77ms @ http://localhost:3000/_next/static/chunks/node_modules_next_dist_1e8vcs8._.js:791
[  409030ms] [LOG] [Fast Refresh] done in 77ms @ http://localhost:3000/_next/static/chunks/node_modules_next_dist_1e8vcs8._.js:791
[  409091ms] [LOG] [Fast Refresh] done in 77ms @ http://localhost:3000/_next/static/chunks/node_modules_next_dist_1e8vcs8._.js:791
[  409154ms] [LOG] [Fast Refresh] done in 77ms @ http://localhost:3000/_next/static/chunks/node_modules_next_dist_1e8vcs8._.js:791
[  409217ms] [LOG] [Fast Refresh] done in 77ms @ http://localhost:3000/_next/static/chunks/node_modules_next_dist_1e8vcs8._.js:791
[  409278ms] [LOG] [Fast Refresh] done in 77ms @ http://localhost:3000/_next/static/chunks/node_modules_next_dist_1e8vcs8._.js:791
[  409341ms] [LOG] [Fast Refresh] done in 77ms @ http://localhost:3000/_next/static/chunks/node_modules_next_dist_1e8vcs8._.js:791
[  409403ms] [LOG] [Fast Refresh] done in 77ms @ http://localhost:3000/_next/static/chunks/node_modules_next_dist_1e8vcs8._.js:791
[  409464ms] [LOG] [Fast Refresh] done in 77ms @ http://localhost:3000/_next/static/chunks/node_modules_next_dist_1e8vcs8._.js:791
[  409528ms] [LOG] [Fast Refresh] done in 77ms @ http://localhost:3000/_next/static/chunks/node_modules_next_dist_1e8vcs8._.js:791
[  409599ms] [LOG] [Fast Refresh] done in 77ms @ http://localhost:3000/_next/static/chunks/node_modules_next_dist_1e8vcs8._.js:791
[  409657ms] [LOG] [Fast Refresh] done in 77ms @ http://localhost:3000/_next/static/chunks/node_modules_next_dist_1e8vcs8._.js:791
[  409721ms] [LOG] [Fast Refresh] done in 77ms @ http://localhost:3000/_next/static/chunks/node_modules_next_dist_1e8vcs8._.js:791
[  409784ms] [LOG] [Fast Refresh] done in 77ms @ http://localhost:3000/_next/static/chunks/node_modules_next_dist_1e8vcs8._.js:791
[  409847ms] [LOG] [Fast Refresh] done in 77ms @ http://localhost:3000/_next/static/chunks/node_modules_next_dist_1e8vcs8._.js:791
[  409908ms] [LOG] [Fast Refresh] done in 77ms @ http://localhost:3000/_next/static/chunks/node_modules_next_dist_1e8vcs8._.js:791
[  409959ms] [LOG] [Fast Refresh] done in 77ms @ http://localhost:3000/_next/static/chunks/node_modules_next_dist_1e8vcs8._.js:791
[  410021ms] [LOG] [Fast Refresh] done in 77ms @ http://localhost:3000/_next/static/chunks/node_modules_next_dist_1e8vcs8._.js:791
[  410082ms] [LOG] [Fast Refresh] done in 77ms @ http://localhost:3000/_next/static/chunks/node_modules_next_dist_1e8vcs8._.js:791
[  410145ms] [LOG] [Fast Refresh] done in 77ms @ http://localhost:3000/_next/static/chunks/node_modules_next_dist_1e8vcs8._.js:791
[  410207ms] [LOG] [Fast Refresh] done in 77ms @ http://localhost:3000/_next/static/chunks/node_modules_next_dist_1e8vcs8._.js:791
[  410270ms] [LOG] [Fast Refresh] done in 77ms @ http://localhost:3000/_next/static/chunks/node_modules_next_dist_1e8vcs8._.js:791
[  410331ms] [LOG] [Fast Refresh] done in 77ms @ http://localhost:3000/_next/static/chunks/node_modules_next_dist_1e8vcs8._.js:791
[  410395ms] [LOG] [Fast Refresh] done in 77ms @ http://localhost:3000/_next/static/chunks/node_modules_next_dist_1e8vcs8._.js:791
[  410442ms] [LOG] [Fast Refresh] done in 77ms @ http://localhost:3000/_next/static/chunks/node_modules_next_dist_1e8vcs8._.js:791
[  410506ms] [LOG] [Fast Refresh] done in 77ms @ http://localhost:3000/_next/static/chunks/node_modules_next_dist_1e8vcs8._.js:791
[  410568ms] [LOG] [Fast Refresh] done in 77ms @ http://localhost:3000/_next/static/chunks/node_modules_next_dist_1e8vcs8._.js:791
[  410632ms] [LOG] [Fast Refresh] done in 77ms @ http://localhost:3000/_next/static/chunks/node_modules_next_dist_1e8vcs8._.js:791
[  410696ms] [LOG] [Fast Refresh] done in 77ms @ http://localhost:3000/_next/static/chunks/node_modules_next_dist_1e8vcs8._.js:791
[  410759ms] [LOG] [Fast Refresh] done in 77ms @ http://localhost:3000/_next/static/chunks/node_modules_next_dist_1e8vcs8._.js:791
[  410821ms] [LOG] [Fast Refresh] done in 77ms @ http://localhost:3000/_next/static/chunks/node_modules_next_dist_1e8vcs8._.js:791
[  410902ms] [LOG] [Fast Refresh] done in 77ms @ http://localhost:3000/_next/static/chunks/node_modules_next_dist_1e8vcs8._.js:791
[  410996ms] [LOG] [Fast Refresh] done in 77ms @ http://localhost:3000/_next/static/chunks/node_modules_next_dist_1e8vcs8._.js:791
[  411070ms] [LOG] [Fast Refresh] done in 77ms @ http://localhost:3000/_next/static/chunks/node_modules_next_dist_1e8vcs8._.js:791
[  411124ms] [LOG] [Fast Refresh] done in 77ms @ http://localhost:3000/_next/static/chunks/node_modules_next_dist_1e8vcs8._.js:791
[  411188ms] [LOG] [Fast Refresh] done in 77ms @ http://localhost:3000/_next/static/chunks/node_modules_next_dist_1e8vcs8._.js:791
[  411249ms] [LOG] [Fast Refresh] done in 77ms @ http://localhost:3000/_next/static/chunks/node_modules_next_dist_1e8vcs8._.js:791
[  411311ms] [LOG] [Fast Refresh] done in 77ms @ http://localhost:3000/_next/static/chunks/node_modules_next_dist_1e8vcs8._.js:791
[  411377ms] [LOG] [Fast Refresh] done in 77ms @ http://localhost:3000/_next/static/chunks/node_modules_next_dist_1e8vcs8._.js:791
[  411438ms] [LOG] [Fast Refresh] done in 77ms @ http://localhost:3000/_next/static/chunks/node_modules_next_dist_1e8vcs8._.js:791
[  411502ms] [LOG] [Fast Refresh] done in 77ms @ http://localhost:3000/_next/static/chunks/node_modules_next_dist_1e8vcs8._.js:791
[  411567ms] [LOG] [Fast Refresh] done in 77ms @ http://localhost:3000/_next/static/chunks/node_modules_next_dist_1e8vcs8._.js:791
[  411629ms] [LOG] [Fast Refresh] done in 77ms @ http://localhost:3000/_next/static/chunks/node_modules_next_dist_1e8vcs8._.js:791
[  411697ms] [LOG] [Fast Refresh] done in 77ms @ http://localhost:3000/_next/static/chunks/node_modules_next_dist_1e8vcs8._.js:791
[  411756ms] [LOG] [Fast Refresh] done in 77ms @ http://localhost:3000/_next/static/chunks/node_modules_next_dist_1e8vcs8._.js:791
[  411819ms] [LOG] [Fast Refresh] done in 77ms @ http://localhost:3000/_next/static/chunks/node_modules_next_dist_1e8vcs8._.js:791
[  411881ms] [LOG] [Fast Refresh] done in 77ms @ http://localhost:3000/_next/static/chunks/node_modules_next_dist_1e8vcs8._.js:791
[  411944ms] [LOG] [Fast Refresh] done in 77ms @ http://localhost:3000/_next/static/chunks/node_modules_next_dist_1e8vcs8._.js:791
[  412008ms] [LOG] [Fast Refresh] done in 77ms @ http://localhost:3000/_next/static/chunks/node_modules_next_dist_1e8vcs8._.js:791
[  412071ms] [LOG] [Fast Refresh] done in 77ms @ http://localhost:3000/_next/static/chunks/node_modules_next_dist_1e8vcs8._.js:791
[  412135ms] [LOG] [Fast Refresh] done in 77ms @ http://localhost:3000/_next/static/chunks/node_modules_next_dist_1e8vcs8._.js:791
[  412198ms] [LOG] [Fast Refresh] done in 77ms @ http://localhost:3000/_next/static/chunks/node_modules_next_dist_1e8vcs8._.js:791
[  412261ms] [LOG] [Fast Refresh] done in 77ms @ http://localhost:3000/_next/static/chunks/node_modules_next_dist_1e8vcs8._.js:791
[  412323ms] [LOG] [Fast Refresh] done in 77ms @ http://localhost:3000/_next/static/chunks/node_modules_next_dist_1e8vcs8._.js:791
[  412386ms] [LOG] [Fast Refresh] done in 77ms @ http://localhost:3000/_next/static/chunks/node_modules_next_dist_1e8vcs8._.js:791
[  412447ms] [LOG] [Fast Refresh] done in 77ms @ http://localhost:3000/_next/static/chunks/node_modules_next_dist_1e8vcs8._.js:791
[  412511ms] [LOG] [Fast Refresh] done in 77ms @ http://localhost:3000/_next/static/chunks/node_modules_next_dist_1e8vcs8._.js:791
[  412574ms] [LOG] [Fast Refresh] done in 77ms @ http://localhost:3000/_next/static/chunks/node_modules_next_dist_1e8vcs8._.js:791
[  412638ms] [LOG] [Fast Refresh] done in 77ms @ http://localhost:3000/_next/static/chunks/node_modules_next_dist_1e8vcs8._.js:791
[  412702ms] [LOG] [Fast Refresh] done in 77ms @ http://localhost:3000/_next/static/chunks/node_modules_next_dist_1e8vcs8._.js:791
[  412763ms] [LOG] [Fast Refresh] done in 77ms @ http://localhost:3000/_next/static/chunks/node_modules_next_dist_1e8vcs8._.js:791
[  412826ms] [LOG] [Fast Refresh] done in 77ms @ http://localhost:3000/_next/static/chunks/node_modules_next_dist_1e8vcs8._.js:791
[  412889ms] [LOG] [Fast Refresh] done in 77ms @ http://localhost:3000/_next/static/chunks/node_modules_next_dist_1e8vcs8._.js:791
[  412953ms] [LOG] [Fast Refresh] done in 77ms @ http://localhost:3000/_next/static/chunks/node_modules_next_dist_1e8vcs8._.js:791
[  413015ms] [LOG] [Fast Refresh] done in 77ms @ http://localhost:3000/_next/static/chunks/node_modules_next_dist_1e8vcs8._.js:791
[  413078ms] [LOG] [Fast Refresh] done in 77ms @ http://localhost:3000/_next/static/chunks/node_modules_next_dist_1e8vcs8._.js:791
[  413141ms] [LOG] [Fast Refresh] done in 77ms @ http://localhost:3000/_next/static/chunks/node_modules_next_dist_1e8vcs8._.js:791
[  413204ms] [LOG] [Fast Refresh] done in 77ms @ http://localhost:3000/_next/static/chunks/node_modules_next_dist_1e8vcs8._.js:791
[  413266ms] [LOG] [Fast Refresh] done in 77ms @ http://localhost:3000/_next/static/chunks/node_modules_next_dist_1e8vcs8._.js:791
[  413329ms] [LOG] [Fast Refresh] done in 77ms @ http://localhost:3000/_next/static/chunks/node_modules_next_dist_1e8vcs8._.js:791
[  413392ms] [LOG] [Fast Refresh] done in 77ms @ http://localhost:3000/_next/static/chunks/node_modules_next_dist_1e8vcs8._.js:791
[  413454ms] [LOG] [Fast Refresh] done in 77ms @ http://localhost:3000/_next/static/chunks/node_modules_next_dist_1e8vcs8._.js:791
[  413517ms] [LOG] [Fast Refresh] done in 77ms @ http://localhost:3000/_next/static/chunks/node_modules_next_dist_1e8vcs8._.js:791
[  413579ms] [LOG] [Fast Refresh] done in 77ms @ http://localhost:3000/_next/static/chunks/node_modules_next_dist_1e8vcs8._.js:791
[  413643ms] [LOG] [Fast Refresh] done in 77ms @ http://localhost:3000/_next/static/chunks/node_modules_next_dist_1e8vcs8._.js:791
[  413705ms] [LOG] [Fast Refresh] done in 77ms @ http://localhost:3000/_next/static/chunks/node_modules_next_dist_1e8vcs8._.js:791
[  413767ms] [LOG] [Fast Refresh] done in 77ms @ http://localhost:3000/_next/static/chunks/node_modules_next_dist_1e8vcs8._.js:791
[  413831ms] [LOG] [Fast Refresh] done in 77ms @ http://localhost:3000/_next/static/chunks/node_modules_next_dist_1e8vcs8._.js:791
[  413892ms] [LOG] [Fast Refresh] done in 77ms @ http://localhost:3000/_next/static/chunks/node_modules_next_dist_1e8vcs8._.js:791
[  413955ms] [LOG] [Fast Refresh] done in 77ms @ http://localhost:3000/_next/static/chunks/node_modules_next_dist_1e8vcs8._.js:791
[  414017ms] [LOG] [Fast Refresh] done in 77ms @ http://localhost:3000/_next/static/chunks/node_modules_next_dist_1e8vcs8._.js:791
[  414079ms] [LOG] [Fast Refresh] done in 77ms @ http://localhost:3000/_next/static/chunks/node_modules_next_dist_1e8vcs8._.js:791
[  414141ms] [LOG] [Fast Refresh] done in 77ms @ http://localhost:3000/_next/static/chunks/node_modules_next_dist_1e8vcs8._.js:791
[  414205ms] [LOG] [Fast Refresh] done in 77ms @ http://localhost:3000/_next/static/chunks/node_modules_next_dist_1e8vcs8._.js:791
[  414267ms] [LOG] [Fast Refresh] done in 77ms @ http://localhost:3000/_next/static/chunks/node_modules_next_dist_1e8vcs8._.js:791
[  414328ms] [LOG] [Fast Refresh] done in 77ms @ http://localhost:3000/_next/static/chunks/node_modules_next_dist_1e8vcs8._.js:791
[  414391ms] [LOG] [Fast Refresh] done in 77ms @ http://localhost:3000/_next/static/chunks/node_modules_next_dist_1e8vcs8._.js:791
[  414454ms] [LOG] [Fast Refresh] done in 77ms @ http://localhost:3000/_next/static/chunks/node_modules_next_dist_1e8vcs8._.js:791
[  414516ms] [LOG] [Fast Refresh] done in 77ms @ http://localhost:3000/_next/static/chunks/node_modules_next_dist_1e8vcs8._.js:791
[  414578ms] [LOG] [Fast Refresh] done in 77ms @ http://localhost:3000/_next/static/chunks/node_modules_next_dist_1e8vcs8._.js:791
[  414625ms] [LOG] [Fast Refresh] done in 77ms @ http://localhost:3000/_next/static/chunks/node_modules_next_dist_1e8vcs8._.js:791
[  414688ms] [LOG] [Fast Refresh] done in 77ms @ http://localhost:3000/_next/static/chunks/node_modules_next_dist_1e8vcs8._.js:791
[  414752ms] [LOG] [Fast Refresh] done in 77ms @ http://localhost:3000/_next/static/chunks/node_modules_next_dist_1e8vcs8._.js:791
[  414814ms] [LOG] [Fast Refresh] done in 77ms @ http://localhost:3000/_next/static/chunks/node_modules_next_dist_1e8vcs8._.js:791
[  414876ms] [LOG] [Fast Refresh] done in 77ms @ http://localhost:3000/_next/static/chunks/node_modules_next_dist_1e8vcs8._.js:791
[  414940ms] [LOG] [Fast Refresh] done in 77ms @ http://localhost:3000/_next/static/chunks/node_modules_next_dist_1e8vcs8._.js:791
[  415003ms] [LOG] [Fast Refresh] done in 77ms @ http://localhost:3000/_next/static/chunks/node_modules_next_dist_1e8vcs8._.js:791
[  415066ms] [LOG] [Fast Refresh] done in 77ms @ http://localhost:3000/_next/static/chunks/node_modules_next_dist_1e8vcs8._.js:791
[  415128ms] [LOG] [Fast Refresh] done in 77ms @ http://localhost:3000/_next/static/chunks/node_modules_next_dist_1e8vcs8._.js:791
[  415190ms] [LOG] [Fast Refresh] done in 77ms @ http://localhost:3000/_next/static/chunks/node_modules_next_dist_1e8vcs8._.js:791
[  415254ms] [LOG] [Fast Refresh] done in 77ms @ http://localhost:3000/_next/static/chunks/node_modules_next_dist_1e8vcs8._.js:791
[  415316ms] [LOG] [Fast Refresh] done in 77ms @ http://localhost:3000/_next/static/chunks/node_modules_next_dist_1e8vcs8._.js:791
[  415379ms] [LOG] [Fast Refresh] done in 77ms @ http://localhost:3000/_next/static/chunks/node_modules_next_dist_1e8vcs8._.js:791
[  415427ms] [LOG] [Fast Refresh] done in 77ms @ http://localhost:3000/_next/static/chunks/node_modules_next_dist_1e8vcs8._.js:791
[  415489ms] [LOG] [Fast Refresh] done in 77ms @ http://localhost:3000/_next/static/chunks/node_modules_next_dist_1e8vcs8._.js:791
[  415552ms] [LOG] [Fast Refresh] done in 77ms @ http://localhost:3000/_next/static/chunks/node_modules_next_dist_1e8vcs8._.js:791
[  415617ms] [LOG] [Fast Refresh] done in 77ms @ http://localhost:3000/_next/static/chunks/node_modules_next_dist_1e8vcs8._.js:791
[  415679ms] [LOG] [Fast Refresh] done in 77ms @ http://localhost:3000/_next/static/chunks/node_modules_next_dist_1e8vcs8._.js:791
[  415742ms] [LOG] [Fast Refresh] done in 77ms @ http://localhost:3000/_next/static/chunks/node_modules_next_dist_1e8vcs8._.js:791
[  415805ms] [LOG] [Fast Refresh] done in 77ms @ http://localhost:3000/_next/static/chunks/node_modules_next_dist_1e8vcs8._.js:791
[  415868ms] [LOG] [Fast Refresh] done in 77ms @ http://localhost:3000/_next/static/chunks/node_modules_next_dist_1e8vcs8._.js:791
[  415930ms] [LOG] [Fast Refresh] done in 77ms @ http://localhost:3000/_next/static/chunks/node_modules_next_dist_1e8vcs8._.js:791
[  415993ms] [LOG] [Fast Refresh] done in 77ms @ http://localhost:3000/_next/static/chunks/node_modules_next_dist_1e8vcs8._.js:791
[  416056ms] [LOG] [Fast Refresh] done in 77ms @ http://localhost:3000/_next/static/chunks/node_modules_next_dist_1e8vcs8._.js:791
[  416118ms] [LOG] [Fast Refresh] done in 77ms @ http://localhost:3000/_next/static/chunks/node_modules_next_dist_1e8vcs8._.js:791
[  416181ms] [LOG] [Fast Refresh] done in 77ms @ http://localhost:3000/_next/static/chunks/node_modules_next_dist_1e8vcs8._.js:791
[  416244ms] [LOG] [Fast Refresh] done in 77ms @ http://localhost:3000/_next/static/chunks/node_modules_next_dist_1e8vcs8._.js:791
[  416291ms] [LOG] [Fast Refresh] done in 77ms @ http://localhost:3000/_next/static/chunks/node_modules_next_dist_1e8vcs8._.js:791
[  416340ms] [LOG] [Fast Refresh] done in 77ms @ http://localhost:3000/_next/static/chunks/node_modules_next_dist_1e8vcs8._.js:791
[  416404ms] [LOG] [Fast Refresh] done in 77ms @ http://localhost:3000/_next/static/chunks/node_modules_next_dist_1e8vcs8._.js:791
[  416465ms] [LOG] [Fast Refresh] done in 77ms @ http://localhost:3000/_next/static/chunks/node_modules_next_dist_1e8vcs8._.js:791
[  416528ms] [LOG] [Fast Refresh] done in 77ms @ http://localhost:3000/_next/static/chunks/node_modules_next_dist_1e8vcs8._.js:791
[  416590ms] [LOG] [Fast Refresh] done in 77ms @ http://localhost:3000/_next/static/chunks/node_modules_next_dist_1e8vcs8._.js:791
[  416653ms] [LOG] [Fast Refresh] done in 77ms @ http://localhost:3000/_next/static/chunks/node_modules_next_dist_1e8vcs8._.js:791
[  416715ms] [LOG] [Fast Refresh] done in 77ms @ http://localhost:3000/_next/static/chunks/node_modules_next_dist_1e8vcs8._.js:791
[  416777ms] [LOG] [Fast Refresh] done in 77ms @ http://localhost:3000/_next/static/chunks/node_modules_next_dist_1e8vcs8._.js:791
[  416839ms] [LOG] [Fast Refresh] done in 77ms @ http://localhost:3000/_next/static/chunks/node_modules_next_dist_1e8vcs8._.js:791
[  416901ms] [LOG] [Fast Refresh] done in 77ms @ http://localhost:3000/_next/static/chunks/node_modules_next_dist_1e8vcs8._.js:791
[  416964ms] [LOG] [Fast Refresh] done in 77ms @ http://localhost:3000/_next/static/chunks/node_modules_next_dist_1e8vcs8._.js:791
[  417026ms] [LOG] [Fast Refresh] done in 77ms @ http://localhost:3000/_next/static/chunks/node_modules_next_dist_1e8vcs8._.js:791
[  417089ms] [LOG] [Fast Refresh] done in 77ms @ http://localhost:3000/_next/static/chunks/node_modules_next_dist_1e8vcs8._.js:791
[  417150ms] [LOG] [Fast Refresh] done in 77ms @ http://localhost:3000/_next/static/chunks/node_modules_next_dist_1e8vcs8._.js:791
[  417212ms] [LOG] [Fast Refresh] done in 77ms @ http://localhost:3000/_next/static/chunks/node_modules_next_dist_1e8vcs8._.js:791
[  417274ms] [LOG] [Fast Refresh] done in 77ms @ http://localhost:3000/_next/static/chunks/node_modules_next_dist_1e8vcs8._.js:791
[  417337ms] [LOG] [Fast Refresh] done in 77ms @ http://localhost:3000/_next/static/chunks/node_modules_next_dist_1e8vcs8._.js:791
[  417400ms] [LOG] [Fast Refresh] done in 77ms @ http://localhost:3000/_next/static/chunks/node_modules_next_dist_1e8vcs8._.js:791
[  417463ms] [LOG] [Fast Refresh] done in 77ms @ http://localhost:3000/_next/static/chunks/node_modules_next_dist_1e8vcs8._.js:791
[  417526ms] [LOG] [Fast Refresh] done in 77ms @ http://localhost:3000/_next/static/chunks/node_modules_next_dist_1e8vcs8._.js:791
[  417588ms] [LOG] [Fast Refresh] done in 77ms @ http://localhost:3000/_next/static/chunks/node_modules_next_dist_1e8vcs8._.js:791
[  417653ms] [LOG] [Fast Refresh] done in 77ms @ http://localhost:3000/_next/static/chunks/node_modules_next_dist_1e8vcs8._.js:791
[  417714ms] [LOG] [Fast Refresh] done in 77ms @ http://localhost:3000/_next/static/chunks/node_modules_next_dist_1e8vcs8._.js:791
[  417777ms] [LOG] [Fast Refresh] done in 77ms @ http://localhost:3000/_next/static/chunks/node_modules_next_dist_1e8vcs8._.js:791
[  417841ms] [LOG] [Fast Refresh] done in 77ms @ http://localhost:3000/_next/static/chunks/node_modules_next_dist_1e8vcs8._.js:791
[  417904ms] [LOG] [Fast Refresh] done in 77ms @ http://localhost:3000/_next/static/chunks/node_modules_next_dist_1e8vcs8._.js:791
[  417966ms] [LOG] [Fast Refresh] done in 77ms @ http://localhost:3000/_next/static/chunks/node_modules_next_dist_1e8vcs8._.js:791
[  418028ms] [LOG] [Fast Refresh] done in 77ms @ http://localhost:3000/_next/static/chunks/node_modules_next_dist_1e8vcs8._.js:791
[  418091ms] [LOG] [Fast Refresh] done in 77ms @ http://localhost:3000/_next/static/chunks/node_modules_next_dist_1e8vcs8._.js:791
[  418155ms] [LOG] [Fast Refresh] done in 77ms @ http://localhost:3000/_next/static/chunks/node_modules_next_dist_1e8vcs8._.js:791
[  418217ms] [LOG] [Fast Refresh] done in 77ms @ http://localhost:3000/_next/static/chunks/node_modules_next_dist_1e8vcs8._.js:791
[  418279ms] [LOG] [Fast Refresh] done in 77ms @ http://localhost:3000/_next/static/chunks/node_modules_next_dist_1e8vcs8._.js:791
[  418341ms] [LOG] [Fast Refresh] done in 77ms @ http://localhost:3000/_next/static/chunks/node_modules_next_dist_1e8vcs8._.js:791
[  418403ms] [LOG] [Fast Refresh] done in 77ms @ http://localhost:3000/_next/static/chunks/node_modules_next_dist_1e8vcs8._.js:791
[  418465ms] [LOG] [Fast Refresh] done in 77ms @ http://localhost:3000/_next/static/chunks/node_modules_next_dist_1e8vcs8._.js:791
[  418530ms] [LOG] [Fast Refresh] done in 77ms @ http://localhost:3000/_next/static/chunks/node_modules_next_dist_1e8vcs8._.js:791
[  418593ms] [LOG] [Fast Refresh] done in 77ms @ http://localhost:3000/_next/static/chunks/node_modules_next_dist_1e8vcs8._.js:791
[  418656ms] [LOG] [Fast Refresh] done in 77ms @ http://localhost:3000/_next/static/chunks/node_modules_next_dist_1e8vcs8._.js:791
[  418722ms] [LOG] [Fast Refresh] done in 77ms @ http://localhost:3000/_next/static/chunks/node_modules_next_dist_1e8vcs8._.js:791
[  418784ms] [LOG] [Fast Refresh] done in 77ms @ http://localhost:3000/_next/static/chunks/node_modules_next_dist_1e8vcs8._.js:791
[  418842ms] [LOG] [Fast Refresh] done in 77ms @ http://localhost:3000/_next/static/chunks/node_modules_next_dist_1e8vcs8._.js:791
[  418904ms] [LOG] [Fast Refresh] done in 77ms @ http://localhost:3000/_next/static/chunks/node_modules_next_dist_1e8vcs8._.js:791
[  418968ms] [LOG] [Fast Refresh] done in 77ms @ http://localhost:3000/_next/static/chunks/node_modules_next_dist_1e8vcs8._.js:791
[  419029ms] [LOG] [Fast Refresh] done in 77ms @ http://localhost:3000/_next/static/chunks/node_modules_next_dist_1e8vcs8._.js:791
[  419092ms] [LOG] [Fast Refresh] done in 77ms @ http://localhost:3000/_next/static/chunks/node_modules_next_dist_1e8vcs8._.js:791
[  419155ms] [LOG] [Fast Refresh] done in 77ms @ http://localhost:3000/_next/static/chunks/node_modules_next_dist_1e8vcs8._.js:791
[  419218ms] [LOG] [Fast Refresh] done in 77ms @ http://localhost:3000/_next/static/chunks/node_modules_next_dist_1e8vcs8._.js:791
[  419281ms] [LOG] [Fast Refresh] done in 77ms @ http://localhost:3000/_next/static/chunks/node_modules_next_dist_1e8vcs8._.js:791
[  419348ms] [LOG] [Fast Refresh] done in 77ms @ http://localhost:3000/_next/static/chunks/node_modules_next_dist_1e8vcs8._.js:791
[  419421ms] [LOG] [Fast Refresh] done in 77ms @ http://localhost:3000/_next/static/chunks/node_modules_next_dist_1e8vcs8._.js:791
[  419483ms] [LOG] [Fast Refresh] done in 77ms @ http://localhost:3000/_next/static/chunks/node_modules_next_dist_1e8vcs8._.js:791
[  419546ms] [LOG] [Fast Refresh] done in 77ms @ http://localhost:3000/_next/static/chunks/node_modules_next_dist_1e8vcs8._.js:791
[  419608ms] [LOG] [Fast Refresh] done in 77ms @ http://localhost:3000/_next/static/chunks/node_modules_next_dist_1e8vcs8._.js:791
[  419656ms] [LOG] [Fast Refresh] done in 77ms @ http://localhost:3000/_next/static/chunks/node_modules_next_dist_1e8vcs8._.js:791
[  419718ms] [LOG] [Fast Refresh] done in 77ms @ http://localhost:3000/_next/static/chunks/node_modules_next_dist_1e8vcs8._.js:791
[  419780ms] [LOG] [Fast Refresh] done in 77ms @ http://localhost:3000/_next/static/chunks/node_modules_next_dist_1e8vcs8._.js:791
[  419843ms] [LOG] [Fast Refresh] done in 77ms @ http://localhost:3000/_next/static/chunks/node_modules_next_dist_1e8vcs8._.js:791
[  419907ms] [LOG] [Fast Refresh] done in 77ms @ http://localhost:3000/_next/static/chunks/node_modules_next_dist_1e8vcs8._.js:791
[  419969ms] [LOG] [Fast Refresh] done in 77ms @ http://localhost:3000/_next/static/chunks/node_modules_next_dist_1e8vcs8._.js:791
[  420031ms] [LOG] [Fast Refresh] done in 77ms @ http://localhost:3000/_next/static/chunks/node_modules_next_dist_1e8vcs8._.js:791
[  420092ms] [LOG] [Fast Refresh] done in 77ms @ http://localhost:3000/_next/static/chunks/node_modules_next_dist_1e8vcs8._.js:791
[  420154ms] [LOG] [Fast Refresh] done in 77ms @ http://localhost:3000/_next/static/chunks/node_modules_next_dist_1e8vcs8._.js:791
[  420217ms] [LOG] [Fast Refresh] done in 77ms @ http://localhost:3000/_next/static/chunks/node_modules_next_dist_1e8vcs8._.js:791
[  420279ms] [LOG] [Fast Refresh] done in 77ms @ http://localhost:3000/_next/static/chunks/node_modules_next_dist_1e8vcs8._.js:791
[  420341ms] [LOG] [Fast Refresh] done in 77ms @ http://localhost:3000/_next/static/chunks/node_modules_next_dist_1e8vcs8._.js:791
[  420388ms] [LOG] [Fast Refresh] done in 77ms @ http://localhost:3000/_next/static/chunks/node_modules_next_dist_1e8vcs8._.js:791
[  420451ms] [LOG] [Fast Refresh] done in 77ms @ http://localhost:3000/_next/static/chunks/node_modules_next_dist_1e8vcs8._.js:791
[  420514ms] [LOG] [Fast Refresh] done in 77ms @ http://localhost:3000/_next/static/chunks/node_modules_next_dist_1e8vcs8._.js:791
[  420576ms] [LOG] [Fast Refresh] done in 77ms @ http://localhost:3000/_next/static/chunks/node_modules_next_dist_1e8vcs8._.js:791
[  420639ms] [LOG] [Fast Refresh] done in 77ms @ http://localhost:3000/_next/static/chunks/node_modules_next_dist_1e8vcs8._.js:791
[  420702ms] [LOG] [Fast Refresh] done in 77ms @ http://localhost:3000/_next/static/chunks/node_modules_next_dist_1e8vcs8._.js:791
[  420765ms] [LOG] [Fast Refresh] done in 77ms @ http://localhost:3000/_next/static/chunks/node_modules_next_dist_1e8vcs8._.js:791
[  420826ms] [LOG] [Fast Refresh] done in 77ms @ http://localhost:3000/_next/static/chunks/node_modules_next_dist_1e8vcs8._.js:791
[  420888ms] [LOG] [Fast Refresh] done in 77ms @ http://localhost:3000/_next/static/chunks/node_modules_next_dist_1e8vcs8._.js:791
[  420937ms] [LOG] [Fast Refresh] done in 77ms @ http://localhost:3000/_next/static/chunks/node_modules_next_dist_1e8vcs8._.js:791
[  420999ms] [LOG] [Fast Refresh] done in 77ms @ http://localhost:3000/_next/static/chunks/node_modules_next_dist_1e8vcs8._.js:791
[  421061ms] [LOG] [Fast Refresh] done in 77ms @ http://localhost:3000/_next/static/chunks/node_modules_next_dist_1e8vcs8._.js:791
[  421123ms] [LOG] [Fast Refresh] done in 77ms @ http://localhost:3000/_next/static/chunks/node_modules_next_dist_1e8vcs8._.js:791
[  421185ms] [LOG] [Fast Refresh] done in 77ms @ http://localhost:3000/_next/static/chunks/node_modules_next_dist_1e8vcs8._.js:791
[  421248ms] [LOG] [Fast Refresh] done in 77ms @ http://localhost:3000/_next/static/chunks/node_modules_next_dist_1e8vcs8._.js:791
[  421310ms] [LOG] [Fast Refresh] done in 77ms @ http://localhost:3000/_next/static/chunks/node_modules_next_dist_1e8vcs8._.js:791
[  421373ms] [LOG] [Fast Refresh] done in 77ms @ http://localhost:3000/_next/static/chunks/node_modules_next_dist_1e8vcs8._.js:791
[  421434ms] [LOG] [Fast Refresh] done in 77ms @ http://localhost:3000/_next/static/chunks/node_modules_next_dist_1e8vcs8._.js:791
[  421496ms] [LOG] [Fast Refresh] done in 77ms @ http://localhost:3000/_next/static/chunks/node_modules_next_dist_1e8vcs8._.js:791
[  421559ms] [LOG] [Fast Refresh] done in 77ms @ http://localhost:3000/_next/static/chunks/node_modules_next_dist_1e8vcs8._.js:791
[  421621ms] [LOG] [Fast Refresh] done in 77ms @ http://localhost:3000/_next/static/chunks/node_modules_next_dist_1e8vcs8._.js:791
[  421683ms] [LOG] [Fast Refresh] done in 77ms @ http://localhost:3000/_next/static/chunks/node_modules_next_dist_1e8vcs8._.js:791
[  421746ms] [LOG] [Fast Refresh] done in 77ms @ http://localhost:3000/_next/static/chunks/node_modules_next_dist_1e8vcs8._.js:791
[  421807ms] [LOG] [Fast Refresh] done in 77ms @ http://localhost:3000/_next/static/chunks/node_modules_next_dist_1e8vcs8._.js:791
[  421855ms] [LOG] [Fast Refresh] done in 77ms @ http://localhost:3000/_next/static/chunks/node_modules_next_dist_1e8vcs8._.js:791
[  421922ms] [LOG] [Fast Refresh] done in 77ms @ http://localhost:3000/_next/static/chunks/node_modules_next_dist_1e8vcs8._.js:791
[  421983ms] [LOG] [Fast Refresh] done in 77ms @ http://localhost:3000/_next/static/chunks/node_modules_next_dist_1e8vcs8._.js:791
[  422047ms] [LOG] [Fast Refresh] done in 77ms @ http://localhost:3000/_next/static/chunks/node_modules_next_dist_1e8vcs8._.js:791
[  422107ms] [LOG] [Fast Refresh] done in 77ms @ http://localhost:3000/_next/static/chunks/node_modules_next_dist_1e8vcs8._.js:791
[  422170ms] [LOG] [Fast Refresh] done in 77ms @ http://localhost:3000/_next/static/chunks/node_modules_next_dist_1e8vcs8._.js:791
[  422234ms] [LOG] [Fast Refresh] done in 77ms @ http://localhost:3000/_next/static/chunks/node_modules_next_dist_1e8vcs8._.js:791
[  422303ms] [LOG] [Fast Refresh] done in 77ms @ http://localhost:3000/_next/static/chunks/node_modules_next_dist_1e8vcs8._.js:791
[  422367ms] [LOG] [Fast Refresh] done in 77ms @ http://localhost:3000/_next/static/chunks/node_modules_next_dist_1e8vcs8._.js:791
[  422429ms] [LOG] [Fast Refresh] done in 77ms @ http://localhost:3000/_next/static/chunks/node_modules_next_dist_1e8vcs8._.js:791
[  422491ms] [LOG] [Fast Refresh] done in 77ms @ http://localhost:3000/_next/static/chunks/node_modules_next_dist_1e8vcs8._.js:791
[  422555ms] [LOG] [Fast Refresh] done in 77ms @ http://localhost:3000/_next/static/chunks/node_modules_next_dist_1e8vcs8._.js:791
[  422619ms] [LOG] [Fast Refresh] done in 77ms @ http://localhost:3000/_next/static/chunks/node_modules_next_dist_1e8vcs8._.js:791
[  422681ms] [LOG] [Fast Refresh] done in 77ms @ http://localhost:3000/_next/static/chunks/node_modules_next_dist_1e8vcs8._.js:791
[  422744ms] [LOG] [Fast Refresh] done in 77ms @ http://localhost:3000/_next/static/chunks/node_modules_next_dist_1e8vcs8._.js:791
[  422807ms] [LOG] [Fast Refresh] done in 77ms @ http://localhost:3000/_next/static/chunks/node_modules_next_dist_1e8vcs8._.js:791
[  422868ms] [LOG] [Fast Refresh] done in 77ms @ http://localhost:3000/_next/static/chunks/node_modules_next_dist_1e8vcs8._.js:791
[  422934ms] [LOG] [Fast Refresh] done in 77ms @ http://localhost:3000/_next/static/chunks/node_modules_next_dist_1e8vcs8._.js:791
[  422992ms] [LOG] [Fast Refresh] done in 77ms @ http://localhost:3000/_next/static/chunks/node_modules_next_dist_1e8vcs8._.js:791
[  423054ms] [LOG] [Fast Refresh] done in 77ms @ http://localhost:3000/_next/static/chunks/node_modules_next_dist_1e8vcs8._.js:791
[  423117ms] [LOG] [Fast Refresh] done in 77ms @ http://localhost:3000/_next/static/chunks/node_modules_next_dist_1e8vcs8._.js:791
[  423179ms] [LOG] [Fast Refresh] done in 77ms @ http://localhost:3000/_next/static/chunks/node_modules_next_dist_1e8vcs8._.js:791
[  423241ms] [LOG] [Fast Refresh] done in 77ms @ http://localhost:3000/_next/static/chunks/node_modules_next_dist_1e8vcs8._.js:791
[  423301ms] [LOG] [Fast Refresh] done in 77ms @ http://localhost:3000/_next/static/chunks/node_modules_next_dist_1e8vcs8._.js:791
[  423365ms] [LOG] [Fast Refresh] done in 77ms @ http://localhost:3000/_next/static/chunks/node_modules_next_dist_1e8vcs8._.js:791
[  423415ms] [LOG] [Fast Refresh] done in 77ms @ http://localhost:3000/_next/static/chunks/node_modules_next_dist_1e8vcs8._.js:791
[  423476ms] [LOG] [Fast Refresh] done in 77ms @ http://localhost:3000/_next/static/chunks/node_modules_next_dist_1e8vcs8._.js:791
[  423539ms] [LOG] [Fast Refresh] done in 77ms @ http://localhost:3000/_next/static/chunks/node_modules_next_dist_1e8vcs8._.js:791
[  423601ms] [LOG] [Fast Refresh] done in 77ms @ http://localhost:3000/_next/static/chunks/node_modules_next_dist_1e8vcs8._.js:791
[  423664ms] [LOG] [Fast Refresh] done in 77ms @ http://localhost:3000/_next/static/chunks/node_modules_next_dist_1e8vcs8._.js:791
[  423726ms] [LOG] [Fast Refresh] done in 77ms @ http://localhost:3000/_next/static/chunks/node_modules_next_dist_1e8vcs8._.js:791
[  423789ms] [LOG] [Fast Refresh] done in 77ms @ http://localhost:3000/_next/static/chunks/node_modules_next_dist_1e8vcs8._.js:791
[  423851ms] [LOG] [Fast Refresh] done in 77ms @ http://localhost:3000/_next/static/chunks/node_modules_next_dist_1e8vcs8._.js:791
[  423915ms] [LOG] [Fast Refresh] done in 77ms @ http://localhost:3000/_next/static/chunks/node_modules_next_dist_1e8vcs8._.js:791
[  423976ms] [LOG] [Fast Refresh] done in 77ms @ http://localhost:3000/_next/static/chunks/node_modules_next_dist_1e8vcs8._.js:791
[  424038ms] [LOG] [Fast Refresh] done in 77ms @ http://localhost:3000/_next/static/chunks/node_modules_next_dist_1e8vcs8._.js:791
[  424131ms] [LOG] [Fast Refresh] done in 77ms @ http://localhost:3000/_next/static/chunks/node_modules_next_dist_1e8vcs8._.js:791
[  424191ms] [LOG] [Fast Refresh] done in 77ms @ http://localhost:3000/_next/static/chunks/node_modules_next_dist_1e8vcs8._.js:791
[  424252ms] [LOG] [Fast Refresh] done in 77ms @ http://localhost:3000/_next/static/chunks/node_modules_next_dist_1e8vcs8._.js:791
[  424303ms] [LOG] [Fast Refresh] done in 77ms @ http://localhost:3000/_next/static/chunks/node_modules_next_dist_1e8vcs8._.js:791
[  424361ms] [LOG] [Fast Refresh] done in 77ms @ http://localhost:3000/_next/static/chunks/node_modules_next_dist_1e8vcs8._.js:791
[  424419ms] [LOG] [Fast Refresh] done in 77ms @ http://localhost:3000/_next/static/chunks/node_modules_next_dist_1e8vcs8._.js:791
[  424486ms] [LOG] [Fast Refresh] done in 77ms @ http://localhost:3000/_next/static/chunks/node_modules_next_dist_1e8vcs8._.js:791
[  424548ms] [LOG] [Fast Refresh] done in 77ms @ http://localhost:3000/_next/static/chunks/node_modules_next_dist_1e8vcs8._.js:791
[  424610ms] [LOG] [Fast Refresh] done in 77ms @ http://localhost:3000/_next/static/chunks/node_modules_next_dist_1e8vcs8._.js:791
[  424674ms] [LOG] [Fast Refresh] done in 77ms @ http://localhost:3000/_next/static/chunks/node_modules_next_dist_1e8vcs8._.js:791
[  424737ms] [LOG] [Fast Refresh] done in 77ms @ http://localhost:3000/_next/static/chunks/node_modules_next_dist_1e8vcs8._.js:791
[  424799ms] [LOG] [Fast Refresh] done in 77ms @ http://localhost:3000/_next/static/chunks/node_modules_next_dist_1e8vcs8._.js:791
[  424860ms] [LOG] [Fast Refresh] done in 77ms @ http://localhost:3000/_next/static/chunks/node_modules_next_dist_1e8vcs8._.js:791
[  424922ms] [LOG] [Fast Refresh] done in 77ms @ http://localhost:3000/_next/static/chunks/node_modules_next_dist_1e8vcs8._.js:791
[  424985ms] [LOG] [Fast Refresh] done in 77ms @ http://localhost:3000/_next/static/chunks/node_modules_next_dist_1e8vcs8._.js:791
[  425046ms] [LOG] [Fast Refresh] done in 77ms @ http://localhost:3000/_next/static/chunks/node_modules_next_dist_1e8vcs8._.js:791
[  425110ms] [LOG] [Fast Refresh] done in 77ms @ http://localhost:3000/_next/static/chunks/node_modules_next_dist_1e8vcs8._.js:791
[  425158ms] [LOG] [Fast Refresh] done in 77ms @ http://localhost:3000/_next/static/chunks/node_modules_next_dist_1e8vcs8._.js:791
[  425220ms] [LOG] [Fast Refresh] done in 77ms @ http://localhost:3000/_next/static/chunks/node_modules_next_dist_1e8vcs8._.js:791
[  425283ms] [LOG] [Fast Refresh] done in 77ms @ http://localhost:3000/_next/static/chunks/node_modules_next_dist_1e8vcs8._.js:791
[  425345ms] [LOG] [Fast Refresh] done in 77ms @ http://localhost:3000/_next/static/chunks/node_modules_next_dist_1e8vcs8._.js:791
[  425408ms] [LOG] [Fast Refresh] done in 77ms @ http://localhost:3000/_next/static/chunks/node_modules_next_dist_1e8vcs8._.js:791
[  425472ms] [LOG] [Fast Refresh] done in 77ms @ http://localhost:3000/_next/static/chunks/node_modules_next_dist_1e8vcs8._.js:791
[  425534ms] [LOG] [Fast Refresh] done in 77ms @ http://localhost:3000/_next/static/chunks/node_modules_next_dist_1e8vcs8._.js:791
[  425597ms] [LOG] [Fast Refresh] done in 77ms @ http://localhost:3000/_next/static/chunks/node_modules_next_dist_1e8vcs8._.js:791
[  425659ms] [LOG] [Fast Refresh] done in 77ms @ http://localhost:3000/_next/static/chunks/node_modules_next_dist_1e8vcs8._.js:791
[  425721ms] [LOG] [Fast Refresh] done in 77ms @ http://localhost:3000/_next/static/chunks/node_modules_next_dist_1e8vcs8._.js:791
[  425783ms] [LOG] [Fast Refresh] done in 77ms @ http://localhost:3000/_next/static/chunks/node_modules_next_dist_1e8vcs8._.js:791
[  425845ms] [LOG] [Fast Refresh] done in 77ms @ http://localhost:3000/_next/static/chunks/node_modules_next_dist_1e8vcs8._.js:791
[  425908ms] [LOG] [Fast Refresh] done in 77ms @ http://localhost:3000/_next/static/chunks/node_modules_next_dist_1e8vcs8._.js:791
[  425972ms] [LOG] [Fast Refresh] done in 77ms @ http://localhost:3000/_next/static/chunks/node_modules_next_dist_1e8vcs8._.js:791
[  426034ms] [LOG] [Fast Refresh] done in 77ms @ http://localhost:3000/_next/static/chunks/node_modules_next_dist_1e8vcs8._.js:791
[  426081ms] [LOG] [Fast Refresh] done in 77ms @ http://localhost:3000/_next/static/chunks/node_modules_next_dist_1e8vcs8._.js:791
[  426144ms] [LOG] [Fast Refresh] done in 77ms @ http://localhost:3000/_next/static/chunks/node_modules_next_dist_1e8vcs8._.js:791
[  426205ms] [LOG] [Fast Refresh] done in 77ms @ http://localhost:3000/_next/static/chunks/node_modules_next_dist_1e8vcs8._.js:791
[  426268ms] [LOG] [Fast Refresh] done in 77ms @ http://localhost:3000/_next/static/chunks/node_modules_next_dist_1e8vcs8._.js:791
[  426330ms] [LOG] [Fast Refresh] done in 77ms @ http://localhost:3000/_next/static/chunks/node_modules_next_dist_1e8vcs8._.js:791
[  426392ms] [LOG] [Fast Refresh] done in 77ms @ http://localhost:3000/_next/static/chunks/node_modules_next_dist_1e8vcs8._.js:791
[  426454ms] [LOG] [Fast Refresh] done in 77ms @ http://localhost:3000/_next/static/chunks/node_modules_next_dist_1e8vcs8._.js:791
[  426517ms] [LOG] [Fast Refresh] done in 77ms @ http://localhost:3000/_next/static/chunks/node_modules_next_dist_1e8vcs8._.js:791
[  426564ms] [LOG] [Fast Refresh] done in 77ms @ http://localhost:3000/_next/static/chunks/node_modules_next_dist_1e8vcs8._.js:791
[  426628ms] [LOG] [Fast Refresh] done in 77ms @ http://localhost:3000/_next/static/chunks/node_modules_next_dist_1e8vcs8._.js:791
[  426690ms] [LOG] [Fast Refresh] done in 77ms @ http://localhost:3000/_next/static/chunks/node_modules_next_dist_1e8vcs8._.js:791
[  426752ms] [LOG] [Fast Refresh] done in 77ms @ http://localhost:3000/_next/static/chunks/node_modules_next_dist_1e8vcs8._.js:791
[  426815ms] [LOG] [Fast Refresh] done in 77ms @ http://localhost:3000/_next/static/chunks/node_modules_next_dist_1e8vcs8._.js:791
[  426876ms] [LOG] [Fast Refresh] done in 77ms @ http://localhost:3000/_next/static/chunks/node_modules_next_dist_1e8vcs8._.js:791
[  426940ms] [LOG] [Fast Refresh] done in 77ms @ http://localhost:3000/_next/static/chunks/node_modules_next_dist_1e8vcs8._.js:791
[  427002ms] [LOG] [Fast Refresh] done in 77ms @ http://localhost:3000/_next/static/chunks/node_modules_next_dist_1e8vcs8._.js:791
[  427065ms] [LOG] [Fast Refresh] done in 77ms @ http://localhost:3000/_next/static/chunks/node_modules_next_dist_1e8vcs8._.js:791
[  427127ms] [LOG] [Fast Refresh] done in 77ms @ http://localhost:3000/_next/static/chunks/node_modules_next_dist_1e8vcs8._.js:791
[  427192ms] [LOG] [Fast Refresh] done in 77ms @ http://localhost:3000/_next/static/chunks/node_modules_next_dist_1e8vcs8._.js:791
[  427252ms] [LOG] [Fast Refresh] done in 77ms @ http://localhost:3000/_next/static/chunks/node_modules_next_dist_1e8vcs8._.js:791
[  427332ms] [LOG] [Fast Refresh] done in 77ms @ http://localhost:3000/_next/static/chunks/node_modules_next_dist_1e8vcs8._.js:791
[  427746ms] [LOG] [Fast Refresh] done in 77ms @ http://localhost:3000/_next/static/chunks/node_modules_next_dist_1e8vcs8._.js:791
[  427806ms] [LOG] [Fast Refresh] done in 77ms @ http://localhost:3000/_next/static/chunks/node_modules_next_dist_1e8vcs8._.js:791
[  427873ms] [LOG] [Fast Refresh] done in 77ms @ http://localhost:3000/_next/static/chunks/node_modules_next_dist_1e8vcs8._.js:791
[  427937ms] [LOG] [Fast Refresh] done in 77ms @ http://localhost:3000/_next/static/chunks/node_modules_next_dist_1e8vcs8._.js:791
[  427996ms] [LOG] [Fast Refresh] done in 77ms @ http://localhost:3000/_next/static/chunks/node_modules_next_dist_1e8vcs8._.js:791
[  428058ms] [LOG] [Fast Refresh] done in 77ms @ http://localhost:3000/_next/static/chunks/node_modules_next_dist_1e8vcs8._.js:791
[  428120ms] [LOG] [Fast Refresh] done in 77ms @ http://localhost:3000/_next/static/chunks/node_modules_next_dist_1e8vcs8._.js:791
[  428182ms] [LOG] [Fast Refresh] done in 77ms @ http://localhost:3000/_next/static/chunks/node_modules_next_dist_1e8vcs8._.js:791
[  428245ms] [LOG] [Fast Refresh] done in 77ms @ http://localhost:3000/_next/static/chunks/node_modules_next_dist_1e8vcs8._.js:791
[  428300ms] [LOG] [Fast Refresh] done in 77ms @ http://localhost:3000/_next/static/chunks/node_modules_next_dist_1e8vcs8._.js:791
[  428364ms] [LOG] [Fast Refresh] done in 77ms @ http://localhost:3000/_next/static/chunks/node_modules_next_dist_1e8vcs8._.js:791
[  428429ms] [LOG] [Fast Refresh] done in 77ms @ http://localhost:3000/_next/static/chunks/node_modules_next_dist_1e8vcs8._.js:791
[  428490ms] [LOG] [Fast Refresh] done in 77ms @ http://localhost:3000/_next/static/chunks/node_modules_next_dist_1e8vcs8._.js:791
[  428552ms] [LOG] [Fast Refresh] done in 77ms @ http://localhost:3000/_next/static/chunks/node_modules_next_dist_1e8vcs8._.js:791
[  428613ms] [LOG] [Fast Refresh] done in 77ms @ http://localhost:3000/_next/static/chunks/node_modules_next_dist_1e8vcs8._.js:791
[  428675ms] [LOG] [Fast Refresh] done in 77ms @ http://localhost:3000/_next/static/chunks/node_modules_next_dist_1e8vcs8._.js:791
[  428737ms] [LOG] [Fast Refresh] done in 77ms @ http://localhost:3000/_next/static/chunks/node_modules_next_dist_1e8vcs8._.js:791
[  428785ms] [LOG] [Fast Refresh] done in 77ms @ http://localhost:3000/_next/static/chunks/node_modules_next_dist_1e8vcs8._.js:791
[  428848ms] [LOG] [Fast Refresh] done in 77ms @ http://localhost:3000/_next/static/chunks/node_modules_next_dist_1e8vcs8._.js:791
[  428910ms] [LOG] [Fast Refresh] done in 77ms @ http://localhost:3000/_next/static/chunks/node_modules_next_dist_1e8vcs8._.js:791
[  428974ms] [LOG] [Fast Refresh] done in 77ms @ http://localhost:3000/_next/static/chunks/node_modules_next_dist_1e8vcs8._.js:791
[  429020ms] [LOG] [Fast Refresh] done in 77ms @ http://localhost:3000/_next/static/chunks/node_modules_next_dist_1e8vcs8._.js:791
[  429083ms] [LOG] [Fast Refresh] done in 77ms @ http://localhost:3000/_next/static/chunks/node_modules_next_dist_1e8vcs8._.js:791
[  429141ms] [LOG] [Fast Refresh] done in 77ms @ http://localhost:3000/_next/static/chunks/node_modules_next_dist_1e8vcs8._.js:791
[  429204ms] [LOG] [Fast Refresh] done in 77ms @ http://localhost:3000/_next/static/chunks/node_modules_next_dist_1e8vcs8._.js:791
[  429267ms] [LOG] [Fast Refresh] done in 77ms @ http://localhost:3000/_next/static/chunks/node_modules_next_dist_1e8vcs8._.js:791
[  429328ms] [LOG] [Fast Refresh] done in 77ms @ http://localhost:3000/_next/static/chunks/node_modules_next_dist_1e8vcs8._.js:791
[  429380ms] [LOG] [Fast Refresh] done in 77ms @ http://localhost:3000/_next/static/chunks/node_modules_next_dist_1e8vcs8._.js:791
[  429435ms] [LOG] [Fast Refresh] done in 77ms @ http://localhost:3000/_next/static/chunks/node_modules_next_dist_1e8vcs8._.js:791
[  429497ms] [LOG] [Fast Refresh] done in 77ms @ http://localhost:3000/_next/static/chunks/node_modules_next_dist_1e8vcs8._.js:791
[  429559ms] [LOG] [Fast Refresh] done in 77ms @ http://localhost:3000/_next/static/chunks/node_modules_next_dist_1e8vcs8._.js:791
[  429621ms] [LOG] [Fast Refresh] done in 77ms @ http://localhost:3000/_next/static/chunks/node_modules_next_dist_1e8vcs8._.js:791
[  429684ms] [LOG] [Fast Refresh] done in 77ms @ http://localhost:3000/_next/static/chunks/node_modules_next_dist_1e8vcs8._.js:791
[  429746ms] [LOG] [Fast Refresh] done in 77ms @ http://localhost:3000/_next/static/chunks/node_modules_next_dist_1e8vcs8._.js:791
[  429808ms] [LOG] [Fast Refresh] done in 77ms @ http://localhost:3000/_next/static/chunks/node_modules_next_dist_1e8vcs8._.js:791
[  429870ms] [LOG] [Fast Refresh] done in 77ms @ http://localhost:3000/_next/static/chunks/node_modules_next_dist_1e8vcs8._.js:791
[  429925ms] [LOG] [Fast Refresh] done in 77ms @ http://localhost:3000/_next/static/chunks/node_modules_next_dist_1e8vcs8._.js:791
[  429988ms] [LOG] [Fast Refresh] done in 77ms @ http://localhost:3000/_next/static/chunks/node_modules_next_dist_1e8vcs8._.js:791
[  430050ms] [LOG] [Fast Refresh] done in 77ms @ http://localhost:3000/_next/static/chunks/node_modules_next_dist_1e8vcs8._.js:791
[  430113ms] [LOG] [Fast Refresh] done in 77ms @ http://localhost:3000/_next/static/chunks/node_modules_next_dist_1e8vcs8._.js:791
[  430174ms] [LOG] [Fast Refresh] done in 77ms @ http://localhost:3000/_next/static/chunks/node_modules_next_dist_1e8vcs8._.js:791
[  430237ms] [LOG] [Fast Refresh] done in 77ms @ http://localhost:3000/_next/static/chunks/node_modules_next_dist_1e8vcs8._.js:791
[  430301ms] [LOG] [Fast Refresh] done in 77ms @ http://localhost:3000/_next/static/chunks/node_modules_next_dist_1e8vcs8._.js:791
[  430362ms] [LOG] [Fast Refresh] done in 77ms @ http://localhost:3000/_next/static/chunks/node_modules_next_dist_1e8vcs8._.js:791
[  430425ms] [LOG] [Fast Refresh] done in 77ms @ http://localhost:3000/_next/static/chunks/node_modules_next_dist_1e8vcs8._.js:791
[  430492ms] [LOG] [Fast Refresh] done in 77ms @ http://localhost:3000/_next/static/chunks/node_modules_next_dist_1e8vcs8._.js:791
[  430555ms] [LOG] [Fast Refresh] done in 77ms @ http://localhost:3000/_next/static/chunks/node_modules_next_dist_1e8vcs8._.js:791
[  430618ms] [LOG] [Fast Refresh] done in 77ms @ http://localhost:3000/_next/static/chunks/node_modules_next_dist_1e8vcs8._.js:791
[  430679ms] [LOG] [Fast Refresh] done in 77ms @ http://localhost:3000/_next/static/chunks/node_modules_next_dist_1e8vcs8._.js:791
[  430745ms] [LOG] [Fast Refresh] done in 77ms @ http://localhost:3000/_next/static/chunks/node_modules_next_dist_1e8vcs8._.js:791
[  430817ms] [LOG] [Fast Refresh] done in 77ms @ http://localhost:3000/_next/static/chunks/node_modules_next_dist_1e8vcs8._.js:791
[  430884ms] [LOG] [Fast Refresh] done in 77ms @ http://localhost:3000/_next/static/chunks/node_modules_next_dist_1e8vcs8._.js:791
[  430963ms] [LOG] [Fast Refresh] done in 77ms @ http://localhost:3000/_next/static/chunks/node_modules_next_dist_1e8vcs8._.js:791
[  431033ms] [LOG] [Fast Refresh] done in 77ms @ http://localhost:3000/_next/static/chunks/node_modules_next_dist_1e8vcs8._.js:791
[  431096ms] [LOG] [Fast Refresh] done in 77ms @ http://localhost:3000/_next/static/chunks/node_modules_next_dist_1e8vcs8._.js:791
[  431149ms] [LOG] [Fast Refresh] done in 77ms @ http://localhost:3000/_next/static/chunks/node_modules_next_dist_1e8vcs8._.js:791
[  431200ms] [LOG] [Fast Refresh] done in 77ms @ http://localhost:3000/_next/static/chunks/node_modules_next_dist_1e8vcs8._.js:791
[  431261ms] [LOG] [Fast Refresh] done in 77ms @ http://localhost:3000/_next/static/chunks/node_modules_next_dist_1e8vcs8._.js:791
[  431323ms] [LOG] [Fast Refresh] done in 77ms @ http://localhost:3000/_next/static/chunks/node_modules_next_dist_1e8vcs8._.js:791
[  431385ms] [LOG] [Fast Refresh] done in 77ms @ http://localhost:3000/_next/static/chunks/node_modules_next_dist_1e8vcs8._.js:791
[  431449ms] [LOG] [Fast Refresh] done in 77ms @ http://localhost:3000/_next/static/chunks/node_modules_next_dist_1e8vcs8._.js:791
[  431510ms] [LOG] [Fast Refresh] done in 77ms @ http://localhost:3000/_next/static/chunks/node_modules_next_dist_1e8vcs8._.js:791
[  431573ms] [LOG] [Fast Refresh] done in 77ms @ http://localhost:3000/_next/static/chunks/node_modules_next_dist_1e8vcs8._.js:791
[  431636ms] [LOG] [Fast Refresh] done in 77ms @ http://localhost:3000/_next/static/chunks/node_modules_next_dist_1e8vcs8._.js:791
[  431698ms] [LOG] [Fast Refresh] done in 77ms @ http://localhost:3000/_next/static/chunks/node_modules_next_dist_1e8vcs8._.js:791
[  431760ms] [LOG] [Fast Refresh] done in 77ms @ http://localhost:3000/_next/static/chunks/node_modules_next_dist_1e8vcs8._.js:791
[  431823ms] [LOG] [Fast Refresh] done in 77ms @ http://localhost:3000/_next/static/chunks/node_modules_next_dist_1e8vcs8._.js:791
[  431885ms] [LOG] [Fast Refresh] done in 77ms @ http://localhost:3000/_next/static/chunks/node_modules_next_dist_1e8vcs8._.js:791
[  431948ms] [LOG] [Fast Refresh] done in 77ms @ http://localhost:3000/_next/static/chunks/node_modules_next_dist_1e8vcs8._.js:791
[  432008ms] [LOG] [Fast Refresh] done in 77ms @ http://localhost:3000/_next/static/chunks/node_modules_next_dist_1e8vcs8._.js:791
[  432070ms] [LOG] [Fast Refresh] done in 77ms @ http://localhost:3000/_next/static/chunks/node_modules_next_dist_1e8vcs8._.js:791
[  432132ms] [LOG] [Fast Refresh] done in 77ms @ http://localhost:3000/_next/static/chunks/node_modules_next_dist_1e8vcs8._.js:791
[  432195ms] [LOG] [Fast Refresh] done in 77ms @ http://localhost:3000/_next/static/chunks/node_modules_next_dist_1e8vcs8._.js:791
[  432256ms] [LOG] [Fast Refresh] done in 77ms @ http://localhost:3000/_next/static/chunks/node_modules_next_dist_1e8vcs8._.js:791
[  432323ms] [LOG] [Fast Refresh] done in 77ms @ http://localhost:3000/_next/static/chunks/node_modules_next_dist_1e8vcs8._.js:791
[  432386ms] [LOG] [Fast Refresh] done in 77ms @ http://localhost:3000/_next/static/chunks/node_modules_next_dist_1e8vcs8._.js:791
[  432448ms] [LOG] [Fast Refresh] done in 77ms @ http://localhost:3000/_next/static/chunks/node_modules_next_dist_1e8vcs8._.js:791
[  432511ms] [LOG] [Fast Refresh] done in 77ms @ http://localhost:3000/_next/static/chunks/node_modules_next_dist_1e8vcs8._.js:791
[  432572ms] [LOG] [Fast Refresh] done in 77ms @ http://localhost:3000/_next/static/chunks/node_modules_next_dist_1e8vcs8._.js:791
[  432634ms] [LOG] [Fast Refresh] done in 77ms @ http://localhost:3000/_next/static/chunks/node_modules_next_dist_1e8vcs8._.js:791
[  432686ms] [LOG] [Fast Refresh] done in 77ms @ http://localhost:3000/_next/static/chunks/node_modules_next_dist_1e8vcs8._.js:791
[  432748ms] [LOG] [Fast Refresh] done in 77ms @ http://localhost:3000/_next/static/chunks/node_modules_next_dist_1e8vcs8._.js:791
[  432808ms] [LOG] [Fast Refresh] done in 77ms @ http://localhost:3000/_next/static/chunks/node_modules_next_dist_1e8vcs8._.js:791
[  432871ms] [LOG] [Fast Refresh] done in 77ms @ http://localhost:3000/_next/static/chunks/node_modules_next_dist_1e8vcs8._.js:791
[  432934ms] [LOG] [Fast Refresh] done in 77ms @ http://localhost:3000/_next/static/chunks/node_modules_next_dist_1e8vcs8._.js:791
[  432995ms] [LOG] [Fast Refresh] done in 77ms @ http://localhost:3000/_next/static/chunks/node_modules_next_dist_1e8vcs8._.js:791
[  433057ms] [LOG] [Fast Refresh] done in 77ms @ http://localhost:3000/_next/static/chunks/node_modules_next_dist_1e8vcs8._.js:791
[  433119ms] [LOG] [Fast Refresh] done in 77ms @ http://localhost:3000/_next/static/chunks/node_modules_next_dist_1e8vcs8._.js:791
[  433181ms] [LOG] [Fast Refresh] done in 77ms @ http://localhost:3000/_next/static/chunks/node_modules_next_dist_1e8vcs8._.js:791
[  433242ms] [LOG] [Fast Refresh] done in 77ms @ http://localhost:3000/_next/static/chunks/node_modules_next_dist_1e8vcs8._.js:791
[  433305ms] [LOG] [Fast Refresh] done in 77ms @ http://localhost:3000/_next/static/chunks/node_modules_next_dist_1e8vcs8._.js:791
[  433367ms] [LOG] [Fast Refresh] done in 77ms @ http://localhost:3000/_next/static/chunks/node_modules_next_dist_1e8vcs8._.js:791
[  433430ms] [LOG] [Fast Refresh] done in 77ms @ http://localhost:3000/_next/static/chunks/node_modules_next_dist_1e8vcs8._.js:791
[  433494ms] [LOG] [Fast Refresh] done in 77ms @ http://localhost:3000/_next/static/chunks/node_modules_next_dist_1e8vcs8._.js:791
[  433550ms] [LOG] [Fast Refresh] done in 77ms @ http://localhost:3000/_next/static/chunks/node_modules_next_dist_1e8vcs8._.js:791
[  433612ms] [LOG] [Fast Refresh] done in 77ms @ http://localhost:3000/_next/static/chunks/node_modules_next_dist_1e8vcs8._.js:791
[  433675ms] [LOG] [Fast Refresh] done in 77ms @ http://localhost:3000/_next/static/chunks/node_modules_next_dist_1e8vcs8._.js:791
[  433737ms] [LOG] [Fast Refresh] done in 77ms @ http://localhost:3000/_next/static/chunks/node_modules_next_dist_1e8vcs8._.js:791
[  433799ms] [LOG] [Fast Refresh] done in 77ms @ http://localhost:3000/_next/static/chunks/node_modules_next_dist_1e8vcs8._.js:791
[  433862ms] [LOG] [Fast Refresh] done in 77ms @ http://localhost:3000/_next/static/chunks/node_modules_next_dist_1e8vcs8._.js:791
[  433924ms] [LOG] [Fast Refresh] done in 77ms @ http://localhost:3000/_next/static/chunks/node_modules_next_dist_1e8vcs8._.js:791
[  433985ms] [LOG] [Fast Refresh] done in 77ms @ http://localhost:3000/_next/static/chunks/node_modules_next_dist_1e8vcs8._.js:791
[  434048ms] [LOG] [Fast Refresh] done in 77ms @ http://localhost:3000/_next/static/chunks/node_modules_next_dist_1e8vcs8._.js:791
[  434110ms] [LOG] [Fast Refresh] done in 77ms @ http://localhost:3000/_next/static/chunks/node_modules_next_dist_1e8vcs8._.js:791
[  434172ms] [LOG] [Fast Refresh] done in 77ms @ http://localhost:3000/_next/static/chunks/node_modules_next_dist_1e8vcs8._.js:791
[  434234ms] [LOG] [Fast Refresh] done in 77ms @ http://localhost:3000/_next/static/chunks/node_modules_next_dist_1e8vcs8._.js:791
[  434297ms] [LOG] [Fast Refresh] done in 77ms @ http://localhost:3000/_next/static/chunks/node_modules_next_dist_1e8vcs8._.js:791
[  434359ms] [LOG] [Fast Refresh] done in 77ms @ http://localhost:3000/_next/static/chunks/node_modules_next_dist_1e8vcs8._.js:791
[  434421ms] [LOG] [Fast Refresh] done in 77ms @ http://localhost:3000/_next/static/chunks/node_modules_next_dist_1e8vcs8._.js:791
[  434484ms] [LOG] [Fast Refresh] done in 77ms @ http://localhost:3000/_next/static/chunks/node_modules_next_dist_1e8vcs8._.js:791
[  434532ms] [LOG] [Fast Refresh] done in 77ms @ http://localhost:3000/_next/static/chunks/node_modules_next_dist_1e8vcs8._.js:791
[  434595ms] [LOG] [Fast Refresh] done in 77ms @ http://localhost:3000/_next/static/chunks/node_modules_next_dist_1e8vcs8._.js:791
[  434658ms] [LOG] [Fast Refresh] done in 77ms @ http://localhost:3000/_next/static/chunks/node_modules_next_dist_1e8vcs8._.js:791
[  434720ms] [LOG] [Fast Refresh] done in 77ms @ http://localhost:3000/_next/static/chunks/node_modules_next_dist_1e8vcs8._.js:791
[  434783ms] [LOG] [Fast Refresh] done in 77ms @ http://localhost:3000/_next/static/chunks/node_modules_next_dist_1e8vcs8._.js:791
[  434845ms] [LOG] [Fast Refresh] done in 77ms @ http://localhost:3000/_next/static/chunks/node_modules_next_dist_1e8vcs8._.js:791
[  434907ms] [LOG] [Fast Refresh] done in 77ms @ http://localhost:3000/_next/static/chunks/node_modules_next_dist_1e8vcs8._.js:791
[  434969ms] [LOG] [Fast Refresh] done in 77ms @ http://localhost:3000/_next/static/chunks/node_modules_next_dist_1e8vcs8._.js:791
[  435031ms] [LOG] [Fast Refresh] done in 77ms @ http://localhost:3000/_next/static/chunks/node_modules_next_dist_1e8vcs8._.js:791
[  435093ms] [LOG] [Fast Refresh] done in 77ms @ http://localhost:3000/_next/static/chunks/node_modules_next_dist_1e8vcs8._.js:791
[  435153ms] [LOG] [Fast Refresh] done in 77ms @ http://localhost:3000/_next/static/chunks/node_modules_next_dist_1e8vcs8._.js:791
[  435215ms] [LOG] [Fast Refresh] done in 77ms @ http://localhost:3000/_next/static/chunks/node_modules_next_dist_1e8vcs8._.js:791
[  435279ms] [LOG] [Fast Refresh] done in 77ms @ http://localhost:3000/_next/static/chunks/node_modules_next_dist_1e8vcs8._.js:791
[  435327ms] [LOG] [Fast Refresh] done in 77ms @ http://localhost:3000/_next/static/chunks/node_modules_next_dist_1e8vcs8._.js:791
[  435390ms] [LOG] [Fast Refresh] done in 77ms @ http://localhost:3000/_next/static/chunks/node_modules_next_dist_1e8vcs8._.js:791
[  435451ms] [LOG] [Fast Refresh] done in 77ms @ http://localhost:3000/_next/static/chunks/node_modules_next_dist_1e8vcs8._.js:791
[  435513ms] [LOG] [Fast Refresh] done in 77ms @ http://localhost:3000/_next/static/chunks/node_modules_next_dist_1e8vcs8._.js:791
[  435561ms] [LOG] [Fast Refresh] done in 77ms @ http://localhost:3000/_next/static/chunks/node_modules_next_dist_1e8vcs8._.js:791
[  435614ms] [LOG] [Fast Refresh] done in 77ms @ http://localhost:3000/_next/static/chunks/node_modules_next_dist_1e8vcs8._.js:791
[  435676ms] [LOG] [Fast Refresh] done in 77ms @ http://localhost:3000/_next/static/chunks/node_modules_next_dist_1e8vcs8._.js:791
[  435763ms] [LOG] [Fast Refresh] done in 77ms @ http://localhost:3000/_next/static/chunks/node_modules_next_dist_1e8vcs8._.js:791
[  435815ms] [LOG] [Fast Refresh] done in 77ms @ http://localhost:3000/_next/static/chunks/node_modules_next_dist_1e8vcs8._.js:791
[  435877ms] [LOG] [Fast Refresh] done in 77ms @ http://localhost:3000/_next/static/chunks/node_modules_next_dist_1e8vcs8._.js:791
[  435938ms] [LOG] [Fast Refresh] done in 77ms @ http://localhost:3000/_next/static/chunks/node_modules_next_dist_1e8vcs8._.js:791
[  435994ms] [LOG] [Fast Refresh] done in 77ms @ http://localhost:3000/_next/static/chunks/node_modules_next_dist_1e8vcs8._.js:791
[  436058ms] [LOG] [Fast Refresh] done in 77ms @ http://localhost:3000/_next/static/chunks/node_modules_next_dist_1e8vcs8._.js:791
[  436121ms] [LOG] [Fast Refresh] done in 77ms @ http://localhost:3000/_next/static/chunks/node_modules_next_dist_1e8vcs8._.js:791
[  436185ms] [LOG] [Fast Refresh] done in 77ms @ http://localhost:3000/_next/static/chunks/node_modules_next_dist_1e8vcs8._.js:791
[  436247ms] [LOG] [Fast Refresh] done in 77ms @ http://localhost:3000/_next/static/chunks/node_modules_next_dist_1e8vcs8._.js:791
[  436309ms] [LOG] [Fast Refresh] done in 77ms @ http://localhost:3000/_next/static/chunks/node_modules_next_dist_1e8vcs8._.js:791
[  436357ms] [LOG] [Fast Refresh] done in 77ms @ http://localhost:3000/_next/static/chunks/node_modules_next_dist_1e8vcs8._.js:791
[  436419ms] [LOG] [Fast Refresh] done in 77ms @ http://localhost:3000/_next/static/chunks/node_modules_next_dist_1e8vcs8._.js:791
[  436482ms] [LOG] [Fast Refresh] done in 77ms @ http://localhost:3000/_next/static/chunks/node_modules_next_dist_1e8vcs8._.js:791
[  436543ms] [LOG] [Fast Refresh] done in 77ms @ http://localhost:3000/_next/static/chunks/node_modules_next_dist_1e8vcs8._.js:791
[  436605ms] [LOG] [Fast Refresh] done in 77ms @ http://localhost:3000/_next/static/chunks/node_modules_next_dist_1e8vcs8._.js:791
[  436668ms] [LOG] [Fast Refresh] done in 77ms @ http://localhost:3000/_next/static/chunks/node_modules_next_dist_1e8vcs8._.js:791
[  436730ms] [LOG] [Fast Refresh] done in 77ms @ http://localhost:3000/_next/static/chunks/node_modules_next_dist_1e8vcs8._.js:791
[  436793ms] [LOG] [Fast Refresh] done in 77ms @ http://localhost:3000/_next/static/chunks/node_modules_next_dist_1e8vcs8._.js:791
[  436847ms] [LOG] [Fast Refresh] done in 77ms @ http://localhost:3000/_next/static/chunks/node_modules_next_dist_1e8vcs8._.js:791
[  436911ms] [LOG] [Fast Refresh] done in 77ms @ http://localhost:3000/_next/static/chunks/node_modules_next_dist_1e8vcs8._.js:791
[  436973ms] [LOG] [Fast Refresh] done in 77ms @ http://localhost:3000/_next/static/chunks/node_modules_next_dist_1e8vcs8._.js:791
[  437026ms] [LOG] [Fast Refresh] done in 77ms @ http://localhost:3000/_next/static/chunks/node_modules_next_dist_1e8vcs8._.js:791
[  437092ms] [LOG] [Fast Refresh] done in 77ms @ http://localhost:3000/_next/static/chunks/node_modules_next_dist_1e8vcs8._.js:791
[  437140ms] [LOG] [Fast Refresh] done in 77ms @ http://localhost:3000/_next/static/chunks/node_modules_next_dist_1e8vcs8._.js:791
[  437190ms] [LOG] [Fast Refresh] done in 77ms @ http://localhost:3000/_next/static/chunks/node_modules_next_dist_1e8vcs8._.js:791
[  437252ms] [LOG] [Fast Refresh] done in 77ms @ http://localhost:3000/_next/static/chunks/node_modules_next_dist_1e8vcs8._.js:791
[  437314ms] [LOG] [Fast Refresh] done in 77ms @ http://localhost:3000/_next/static/chunks/node_modules_next_dist_1e8vcs8._.js:791
[  437376ms] [LOG] [Fast Refresh] done in 77ms @ http://localhost:3000/_next/static/chunks/node_modules_next_dist_1e8vcs8._.js:791
[  437438ms] [LOG] [Fast Refresh] done in 77ms @ http://localhost:3000/_next/static/chunks/node_modules_next_dist_1e8vcs8._.js:791
[  437500ms] [LOG] [Fast Refresh] done in 77ms @ http://localhost:3000/_next/static/chunks/node_modules_next_dist_1e8vcs8._.js:791
[  437561ms] [LOG] [Fast Refresh] done in 77ms @ http://localhost:3000/_next/static/chunks/node_modules_next_dist_1e8vcs8._.js:791
[  437624ms] [LOG] [Fast Refresh] done in 77ms @ http://localhost:3000/_next/static/chunks/node_modules_next_dist_1e8vcs8._.js:791
[  437685ms] [LOG] [Fast Refresh] done in 77ms @ http://localhost:3000/_next/static/chunks/node_modules_next_dist_1e8vcs8._.js:791
[  437732ms] [LOG] [Fast Refresh] done in 77ms @ http://localhost:3000/_next/static/chunks/node_modules_next_dist_1e8vcs8._.js:791
[  437781ms] [LOG] [Fast Refresh] done in 77ms @ http://localhost:3000/_next/static/chunks/node_modules_next_dist_1e8vcs8._.js:791
[  437844ms] [LOG] [Fast Refresh] done in 77ms @ http://localhost:3000/_next/static/chunks/node_modules_next_dist_1e8vcs8._.js:791
[  437908ms] [LOG] [Fast Refresh] done in 77ms @ http://localhost:3000/_next/static/chunks/node_modules_next_dist_1e8vcs8._.js:791
[  437970ms] [LOG] [Fast Refresh] done in 77ms @ http://localhost:3000/_next/static/chunks/node_modules_next_dist_1e8vcs8._.js:791
[  438017ms] [LOG] [Fast Refresh] done in 77ms @ http://localhost:3000/_next/static/chunks/node_modules_next_dist_1e8vcs8._.js:791
[  438080ms] [LOG] [Fast Refresh] done in 77ms @ http://localhost:3000/_next/static/chunks/node_modules_next_dist_1e8vcs8._.js:791
[  438142ms] [LOG] [Fast Refresh] done in 77ms @ http://localhost:3000/_next/static/chunks/node_modules_next_dist_1e8vcs8._.js:791
[  438204ms] [LOG] [Fast Refresh] done in 77ms @ http://localhost:3000/_next/static/chunks/node_modules_next_dist_1e8vcs8._.js:791
[  438266ms] [LOG] [Fast Refresh] done in 77ms @ http://localhost:3000/_next/static/chunks/node_modules_next_dist_1e8vcs8._.js:791
[  438327ms] [LOG] [Fast Refresh] done in 77ms @ http://localhost:3000/_next/static/chunks/node_modules_next_dist_1e8vcs8._.js:791
[  438389ms] [LOG] [Fast Refresh] done in 77ms @ http://localhost:3000/_next/static/chunks/node_modules_next_dist_1e8vcs8._.js:791
[  438451ms] [LOG] [Fast Refresh] done in 77ms @ http://localhost:3000/_next/static/chunks/node_modules_next_dist_1e8vcs8._.js:791
[  438513ms] [LOG] [Fast Refresh] done in 77ms @ http://localhost:3000/_next/static/chunks/node_modules_next_dist_1e8vcs8._.js:791
[  438576ms] [LOG] [Fast Refresh] done in 77ms @ http://localhost:3000/_next/static/chunks/node_modules_next_dist_1e8vcs8._.js:791
[  438638ms] [LOG] [Fast Refresh] done in 77ms @ http://localhost:3000/_next/static/chunks/node_modules_next_dist_1e8vcs8._.js:791
[  438701ms] [LOG] [Fast Refresh] done in 77ms @ http://localhost:3000/_next/static/chunks/node_modules_next_dist_1e8vcs8._.js:791
[  438762ms] [LOG] [Fast Refresh] done in 77ms @ http://localhost:3000/_next/static/chunks/node_modules_next_dist_1e8vcs8._.js:791
[  438824ms] [LOG] [Fast Refresh] done in 77ms @ http://localhost:3000/_next/static/chunks/node_modules_next_dist_1e8vcs8._.js:791
[  438872ms] [LOG] [Fast Refresh] done in 77ms @ http://localhost:3000/_next/static/chunks/node_modules_next_dist_1e8vcs8._.js:791
[  438934ms] [LOG] [Fast Refresh] done in 77ms @ http://localhost:3000/_next/static/chunks/node_modules_next_dist_1e8vcs8._.js:791
[  438995ms] [LOG] [Fast Refresh] done in 77ms @ http://localhost:3000/_next/static/chunks/node_modules_next_dist_1e8vcs8._.js:791
[  439057ms] [LOG] [Fast Refresh] done in 77ms @ http://localhost:3000/_next/static/chunks/node_modules_next_dist_1e8vcs8._.js:791
[  439119ms] [LOG] [Fast Refresh] done in 77ms @ http://localhost:3000/_next/static/chunks/node_modules_next_dist_1e8vcs8._.js:791
[  439181ms] [LOG] [Fast Refresh] done in 77ms @ http://localhost:3000/_next/static/chunks/node_modules_next_dist_1e8vcs8._.js:791
[  439244ms] [LOG] [Fast Refresh] done in 77ms @ http://localhost:3000/_next/static/chunks/node_modules_next_dist_1e8vcs8._.js:791
[  439305ms] [LOG] [Fast Refresh] done in 77ms @ http://localhost:3000/_next/static/chunks/node_modules_next_dist_1e8vcs8._.js:791
[  439366ms] [LOG] [Fast Refresh] done in 77ms @ http://localhost:3000/_next/static/chunks/node_modules_next_dist_1e8vcs8._.js:791
[  439429ms] [LOG] [Fast Refresh] done in 77ms @ http://localhost:3000/_next/static/chunks/node_modules_next_dist_1e8vcs8._.js:791
[  439492ms] [LOG] [Fast Refresh] done in 77ms @ http://localhost:3000/_next/static/chunks/node_modules_next_dist_1e8vcs8._.js:791
[  439553ms] [LOG] [Fast Refresh] done in 77ms @ http://localhost:3000/_next/static/chunks/node_modules_next_dist_1e8vcs8._.js:791
[  439614ms] [LOG] [Fast Refresh] done in 77ms @ http://localhost:3000/_next/static/chunks/node_modules_next_dist_1e8vcs8._.js:791
[  439678ms] [LOG] [Fast Refresh] done in 77ms @ http://localhost:3000/_next/static/chunks/node_modules_next_dist_1e8vcs8._.js:791
[  439741ms] [LOG] [Fast Refresh] done in 77ms @ http://localhost:3000/_next/static/chunks/node_modules_next_dist_1e8vcs8._.js:791
[  439804ms] [LOG] [Fast Refresh] done in 77ms @ http://localhost:3000/_next/static/chunks/node_modules_next_dist_1e8vcs8._.js:791
[  439867ms] [LOG] [Fast Refresh] done in 77ms @ http://localhost:3000/_next/static/chunks/node_modules_next_dist_1e8vcs8._.js:791
[  439932ms] [LOG] [Fast Refresh] done in 77ms @ http://localhost:3000/_next/static/chunks/node_modules_next_dist_1e8vcs8._.js:791
[  439990ms] [LOG] [Fast Refresh] done in 77ms @ http://localhost:3000/_next/static/chunks/node_modules_next_dist_1e8vcs8._.js:791
[  440052ms] [LOG] [Fast Refresh] done in 77ms @ http://localhost:3000/_next/static/chunks/node_modules_next_dist_1e8vcs8._.js:791
[  440114ms] [LOG] [Fast Refresh] done in 77ms @ http://localhost:3000/_next/static/chunks/node_modules_next_dist_1e8vcs8._.js:791
[  440290ms] [LOG] [Fast Refresh] done in 77ms @ http://localhost:3000/_next/static/chunks/node_modules_next_dist_1e8vcs8._.js:791
[  440346ms] [LOG] [Fast Refresh] done in 77ms @ http://localhost:3000/_next/static/chunks/node_modules_next_dist_1e8vcs8._.js:791
[  440418ms] [LOG] [Fast Refresh] done in 77ms @ http://localhost:3000/_next/static/chunks/node_modules_next_dist_1e8vcs8._.js:791
[  440479ms] [LOG] [Fast Refresh] done in 77ms @ http://localhost:3000/_next/static/chunks/node_modules_next_dist_1e8vcs8._.js:791
[  440542ms] [LOG] [Fast Refresh] done in 77ms @ http://localhost:3000/_next/static/chunks/node_modules_next_dist_1e8vcs8._.js:791
[  440604ms] [LOG] [Fast Refresh] done in 77ms @ http://localhost:3000/_next/static/chunks/node_modules_next_dist_1e8vcs8._.js:791
[  440666ms] [LOG] [Fast Refresh] done in 77ms @ http://localhost:3000/_next/static/chunks/node_modules_next_dist_1e8vcs8._.js:791
[  440729ms] [LOG] [Fast Refresh] done in 77ms @ http://localhost:3000/_next/static/chunks/node_modules_next_dist_1e8vcs8._.js:791
[  440791ms] [LOG] [Fast Refresh] done in 77ms @ http://localhost:3000/_next/static/chunks/node_modules_next_dist_1e8vcs8._.js:791
[  440852ms] [LOG] [Fast Refresh] done in 77ms @ http://localhost:3000/_next/static/chunks/node_modules_next_dist_1e8vcs8._.js:791
[  440914ms] [LOG] [Fast Refresh] done in 77ms @ http://localhost:3000/_next/static/chunks/node_modules_next_dist_1e8vcs8._.js:791
[  440977ms] [LOG] [Fast Refresh] done in 77ms @ http://localhost:3000/_next/static/chunks/node_modules_next_dist_1e8vcs8._.js:791
[  441040ms] [LOG] [Fast Refresh] done in 77ms @ http://localhost:3000/_next/static/chunks/node_modules_next_dist_1e8vcs8._.js:791
[  441103ms] [LOG] [Fast Refresh] done in 77ms @ http://localhost:3000/_next/static/chunks/node_modules_next_dist_1e8vcs8._.js:791
[  441164ms] [LOG] [Fast Refresh] done in 77ms @ http://localhost:3000/_next/static/chunks/node_modules_next_dist_1e8vcs8._.js:791
[  441225ms] [LOG] [Fast Refresh] done in 77ms @ http://localhost:3000/_next/static/chunks/node_modules_next_dist_1e8vcs8._.js:791
[  441287ms] [LOG] [Fast Refresh] done in 77ms @ http://localhost:3000/_next/static/chunks/node_modules_next_dist_1e8vcs8._.js:791
[  441349ms] [LOG] [Fast Refresh] done in 77ms @ http://localhost:3000/_next/static/chunks/node_modules_next_dist_1e8vcs8._.js:791
[  441412ms] [LOG] [Fast Refresh] done in 77ms @ http://localhost:3000/_next/static/chunks/node_modules_next_dist_1e8vcs8._.js:791
[  441473ms] [LOG] [Fast Refresh] done in 77ms @ http://localhost:3000/_next/static/chunks/node_modules_next_dist_1e8vcs8._.js:791
[  441535ms] [LOG] [Fast Refresh] done in 77ms @ http://localhost:3000/_next/static/chunks/node_modules_next_dist_1e8vcs8._.js:791
[  441597ms] [LOG] [Fast Refresh] done in 77ms @ http://localhost:3000/_next/static/chunks/node_modules_next_dist_1e8vcs8._.js:791
[  441661ms] [LOG] [Fast Refresh] done in 77ms @ http://localhost:3000/_next/static/chunks/node_modules_next_dist_1e8vcs8._.js:791
[  441724ms] [LOG] [Fast Refresh] done in 77ms @ http://localhost:3000/_next/static/chunks/node_modules_next_dist_1e8vcs8._.js:791
[  441787ms] [LOG] [Fast Refresh] done in 77ms @ http://localhost:3000/_next/static/chunks/node_modules_next_dist_1e8vcs8._.js:791
[  441850ms] [LOG] [Fast Refresh] done in 77ms @ http://localhost:3000/_next/static/chunks/node_modules_next_dist_1e8vcs8._.js:791
[  441913ms] [LOG] [Fast Refresh] done in 77ms @ http://localhost:3000/_next/static/chunks/node_modules_next_dist_1e8vcs8._.js:791
[  441975ms] [LOG] [Fast Refresh] done in 77ms @ http://localhost:3000/_next/static/chunks/node_modules_next_dist_1e8vcs8._.js:791
[  442037ms] [LOG] [Fast Refresh] done in 77ms @ http://localhost:3000/_next/static/chunks/node_modules_next_dist_1e8vcs8._.js:791
[  442100ms] [LOG] [Fast Refresh] done in 77ms @ http://localhost:3000/_next/static/chunks/node_modules_next_dist_1e8vcs8._.js:791
[  442162ms] [LOG] [Fast Refresh] done in 77ms @ http://localhost:3000/_next/static/chunks/node_modules_next_dist_1e8vcs8._.js:791
[  442212ms] [LOG] [Fast Refresh] done in 77ms @ http://localhost:3000/_next/static/chunks/node_modules_next_dist_1e8vcs8._.js:791
[  442274ms] [LOG] [Fast Refresh] done in 77ms @ http://localhost:3000/_next/static/chunks/node_modules_next_dist_1e8vcs8._.js:791
[  442337ms] [LOG] [Fast Refresh] done in 77ms @ http://localhost:3000/_next/static/chunks/node_modules_next_dist_1e8vcs8._.js:791
[  442400ms] [LOG] [Fast Refresh] done in 77ms @ http://localhost:3000/_next/static/chunks/node_modules_next_dist_1e8vcs8._.js:791
[  442462ms] [LOG] [Fast Refresh] done in 77ms @ http://localhost:3000/_next/static/chunks/node_modules_next_dist_1e8vcs8._.js:791
[  442524ms] [LOG] [Fast Refresh] done in 77ms @ http://localhost:3000/_next/static/chunks/node_modules_next_dist_1e8vcs8._.js:791
[  442586ms] [LOG] [Fast Refresh] done in 77ms @ http://localhost:3000/_next/static/chunks/node_modules_next_dist_1e8vcs8._.js:791
[  442648ms] [LOG] [Fast Refresh] done in 77ms @ http://localhost:3000/_next/static/chunks/node_modules_next_dist_1e8vcs8._.js:791
[  442709ms] [LOG] [Fast Refresh] done in 77ms @ http://localhost:3000/_next/static/chunks/node_modules_next_dist_1e8vcs8._.js:791
[  442770ms] [LOG] [Fast Refresh] done in 77ms @ http://localhost:3000/_next/static/chunks/node_modules_next_dist_1e8vcs8._.js:791
[  442832ms] [LOG] [Fast Refresh] done in 77ms @ http://localhost:3000/_next/static/chunks/node_modules_next_dist_1e8vcs8._.js:791
[  442886ms] [LOG] [Fast Refresh] done in 77ms @ http://localhost:3000/_next/static/chunks/node_modules_next_dist_1e8vcs8._.js:791
[  442949ms] [LOG] [Fast Refresh] done in 77ms @ http://localhost:3000/_next/static/chunks/node_modules_next_dist_1e8vcs8._.js:791
[  442997ms] [LOG] [Fast Refresh] done in 77ms @ http://localhost:3000/_next/static/chunks/node_modules_next_dist_1e8vcs8._.js:791
[  443059ms] [LOG] [Fast Refresh] done in 77ms @ http://localhost:3000/_next/static/chunks/node_modules_next_dist_1e8vcs8._.js:791
[  443123ms] [LOG] [Fast Refresh] done in 77ms @ http://localhost:3000/_next/static/chunks/node_modules_next_dist_1e8vcs8._.js:791
[  443185ms] [LOG] [Fast Refresh] done in 77ms @ http://localhost:3000/_next/static/chunks/node_modules_next_dist_1e8vcs8._.js:791
[  443247ms] [LOG] [Fast Refresh] done in 77ms @ http://localhost:3000/_next/static/chunks/node_modules_next_dist_1e8vcs8._.js:791
[  443296ms] [LOG] [Fast Refresh] done in 77ms @ http://localhost:3000/_next/static/chunks/node_modules_next_dist_1e8vcs8._.js:791
[  443357ms] [LOG] [Fast Refresh] done in 77ms @ http://localhost:3000/_next/static/chunks/node_modules_next_dist_1e8vcs8._.js:791
[  443419ms] [LOG] [Fast Refresh] done in 77ms @ http://localhost:3000/_next/static/chunks/node_modules_next_dist_1e8vcs8._.js:791
[  443481ms] [LOG] [Fast Refresh] done in 77ms @ http://localhost:3000/_next/static/chunks/node_modules_next_dist_1e8vcs8._.js:791
[  443544ms] [LOG] [Fast Refresh] done in 77ms @ http://localhost:3000/_next/static/chunks/node_modules_next_dist_1e8vcs8._.js:791
[  443605ms] [LOG] [Fast Refresh] done in 77ms @ http://localhost:3000/_next/static/chunks/node_modules_next_dist_1e8vcs8._.js:791
[  443668ms] [LOG] [Fast Refresh] done in 77ms @ http://localhost:3000/_next/static/chunks/node_modules_next_dist_1e8vcs8._.js:791
[  443729ms] [LOG] [Fast Refresh] done in 77ms @ http://localhost:3000/_next/static/chunks/node_modules_next_dist_1e8vcs8._.js:791
[  443792ms] [LOG] [Fast Refresh] done in 77ms @ http://localhost:3000/_next/static/chunks/node_modules_next_dist_1e8vcs8._.js:791
[  443854ms] [LOG] [Fast Refresh] done in 77ms @ http://localhost:3000/_next/static/chunks/node_modules_next_dist_1e8vcs8._.js:791
[  443917ms] [LOG] [Fast Refresh] done in 77ms @ http://localhost:3000/_next/static/chunks/node_modules_next_dist_1e8vcs8._.js:791
[  443980ms] [LOG] [Fast Refresh] done in 77ms @ http://localhost:3000/_next/static/chunks/node_modules_next_dist_1e8vcs8._.js:791
[  444042ms] [LOG] [Fast Refresh] done in 77ms @ http://localhost:3000/_next/static/chunks/node_modules_next_dist_1e8vcs8._.js:791
[  444105ms] [LOG] [Fast Refresh] done in 77ms @ http://localhost:3000/_next/static/chunks/node_modules_next_dist_1e8vcs8._.js:791
[  444167ms] [LOG] [Fast Refresh] done in 77ms @ http://localhost:3000/_next/static/chunks/node_modules_next_dist_1e8vcs8._.js:791
[  444229ms] [LOG] [Fast Refresh] done in 77ms @ http://localhost:3000/_next/static/chunks/node_modules_next_dist_1e8vcs8._.js:791
[  444291ms] [LOG] [Fast Refresh] done in 77ms @ http://localhost:3000/_next/static/chunks/node_modules_next_dist_1e8vcs8._.js:791
[  444353ms] [LOG] [Fast Refresh] done in 77ms @ http://localhost:3000/_next/static/chunks/node_modules_next_dist_1e8vcs8._.js:791
[  444415ms] [LOG] [Fast Refresh] done in 77ms @ http://localhost:3000/_next/static/chunks/node_modules_next_dist_1e8vcs8._.js:791
[  444478ms] [LOG] [Fast Refresh] done in 77ms @ http://localhost:3000/_next/static/chunks/node_modules_next_dist_1e8vcs8._.js:791
[  444525ms] [LOG] [Fast Refresh] done in 77ms @ http://localhost:3000/_next/static/chunks/node_modules_next_dist_1e8vcs8._.js:791
[  444588ms] [LOG] [Fast Refresh] done in 77ms @ http://localhost:3000/_next/static/chunks/node_modules_next_dist_1e8vcs8._.js:791
[  444649ms] [LOG] [Fast Refresh] done in 77ms @ http://localhost:3000/_next/static/chunks/node_modules_next_dist_1e8vcs8._.js:791
[  444711ms] [LOG] [Fast Refresh] done in 77ms @ http://localhost:3000/_next/static/chunks/node_modules_next_dist_1e8vcs8._.js:791
[  444775ms] [LOG] [Fast Refresh] done in 77ms @ http://localhost:3000/_next/static/chunks/node_modules_next_dist_1e8vcs8._.js:791
[  444836ms] [LOG] [Fast Refresh] done in 77ms @ http://localhost:3000/_next/static/chunks/node_modules_next_dist_1e8vcs8._.js:791
[  444898ms] [LOG] [Fast Refresh] done in 77ms @ http://localhost:3000/_next/static/chunks/node_modules_next_dist_1e8vcs8._.js:791
[  444960ms] [LOG] [Fast Refresh] done in 77ms @ http://localhost:3000/_next/static/chunks/node_modules_next_dist_1e8vcs8._.js:791
[  445023ms] [LOG] [Fast Refresh] done in 77ms @ http://localhost:3000/_next/static/chunks/node_modules_next_dist_1e8vcs8._.js:791
[  445086ms] [LOG] [Fast Refresh] done in 77ms @ http://localhost:3000/_next/static/chunks/node_modules_next_dist_1e8vcs8._.js:791
[  445149ms] [LOG] [Fast Refresh] done in 77ms @ http://localhost:3000/_next/static/chunks/node_modules_next_dist_1e8vcs8._.js:791
[  445211ms] [LOG] [Fast Refresh] done in 77ms @ http://localhost:3000/_next/static/chunks/node_modules_next_dist_1e8vcs8._.js:791
[  445275ms] [LOG] [Fast Refresh] done in 77ms @ http://localhost:3000/_next/static/chunks/node_modules_next_dist_1e8vcs8._.js:791
[  445337ms] [LOG] [Fast Refresh] done in 77ms @ http://localhost:3000/_next/static/chunks/node_modules_next_dist_1e8vcs8._.js:791
[  445400ms] [LOG] [Fast Refresh] done in 77ms @ http://localhost:3000/_next/static/chunks/node_modules_next_dist_1e8vcs8._.js:791
[  445463ms] [LOG] [Fast Refresh] done in 77ms @ http://localhost:3000/_next/static/chunks/node_modules_next_dist_1e8vcs8._.js:791
[  445523ms] [LOG] [Fast Refresh] done in 77ms @ http://localhost:3000/_next/static/chunks/node_modules_next_dist_1e8vcs8._.js:791
[  445589ms] [LOG] [Fast Refresh] done in 77ms @ http://localhost:3000/_next/static/chunks/node_modules_next_dist_1e8vcs8._.js:791
[  445650ms] [LOG] [Fast Refresh] done in 77ms @ http://localhost:3000/_next/static/chunks/node_modules_next_dist_1e8vcs8._.js:791
[  445712ms] [LOG] [Fast Refresh] done in 77ms @ http://localhost:3000/_next/static/chunks/node_modules_next_dist_1e8vcs8._.js:791
[  445774ms] [LOG] [Fast Refresh] done in 77ms @ http://localhost:3000/_next/static/chunks/node_modules_next_dist_1e8vcs8._.js:791
[  445837ms] [LOG] [Fast Refresh] done in 77ms @ http://localhost:3000/_next/static/chunks/node_modules_next_dist_1e8vcs8._.js:791
[  445896ms] [LOG] [Fast Refresh] done in 77ms @ http://localhost:3000/_next/static/chunks/node_modules_next_dist_1e8vcs8._.js:791
[  445960ms] [LOG] [Fast Refresh] done in 77ms @ http://localhost:3000/_next/static/chunks/node_modules_next_dist_1e8vcs8._.js:791
[  446018ms] [LOG] [Fast Refresh] done in 77ms @ http://localhost:3000/_next/static/chunks/node_modules_next_dist_1e8vcs8._.js:791
[  446089ms] [LOG] [Fast Refresh] done in 77ms @ http://localhost:3000/_next/static/chunks/node_modules_next_dist_1e8vcs8._.js:791
[  446150ms] [LOG] [Fast Refresh] done in 77ms @ http://localhost:3000/_next/static/chunks/node_modules_next_dist_1e8vcs8._.js:791
[  446214ms] [LOG] [Fast Refresh] done in 77ms @ http://localhost:3000/_next/static/chunks/node_modules_next_dist_1e8vcs8._.js:791
[  446274ms] [LOG] [Fast Refresh] done in 77ms @ http://localhost:3000/_next/static/chunks/node_modules_next_dist_1e8vcs8._.js:791
[  446336ms] [LOG] [Fast Refresh] done in 77ms @ http://localhost:3000/_next/static/chunks/node_modules_next_dist_1e8vcs8._.js:791
[  446399ms] [LOG] [Fast Refresh] done in 77ms @ http://localhost:3000/_next/static/chunks/node_modules_next_dist_1e8vcs8._.js:791
[  446461ms] [LOG] [Fast Refresh] done in 77ms @ http://localhost:3000/_next/static/chunks/node_modules_next_dist_1e8vcs8._.js:791
[  446524ms] [LOG] [Fast Refresh] done in 77ms @ http://localhost:3000/_next/static/chunks/node_modules_next_dist_1e8vcs8._.js:791
[  446588ms] [LOG] [Fast Refresh] done in 77ms @ http://localhost:3000/_next/static/chunks/node_modules_next_dist_1e8vcs8._.js:791
[  446651ms] [LOG] [Fast Refresh] done in 77ms @ http://localhost:3000/_next/static/chunks/node_modules_next_dist_1e8vcs8._.js:791
[  446714ms] [LOG] [Fast Refresh] done in 77ms @ http://localhost:3000/_next/static/chunks/node_modules_next_dist_1e8vcs8._.js:791
[  446776ms] [LOG] [Fast Refresh] done in 77ms @ http://localhost:3000/_next/static/chunks/node_modules_next_dist_1e8vcs8._.js:791
[  446839ms] [LOG] [Fast Refresh] done in 77ms @ http://localhost:3000/_next/static/chunks/node_modules_next_dist_1e8vcs8._.js:791
[  446902ms] [LOG] [Fast Refresh] done in 77ms @ http://localhost:3000/_next/static/chunks/node_modules_next_dist_1e8vcs8._.js:791
[  446963ms] [LOG] [Fast Refresh] done in 77ms @ http://localhost:3000/_next/static/chunks/node_modules_next_dist_1e8vcs8._.js:791
[  447026ms] [LOG] [Fast Refresh] done in 77ms @ http://localhost:3000/_next/static/chunks/node_modules_next_dist_1e8vcs8._.js:791
[  447087ms] [LOG] [Fast Refresh] done in 77ms @ http://localhost:3000/_next/static/chunks/node_modules_next_dist_1e8vcs8._.js:791
[  447148ms] [LOG] [Fast Refresh] done in 77ms @ http://localhost:3000/_next/static/chunks/node_modules_next_dist_1e8vcs8._.js:791
[  447210ms] [LOG] [Fast Refresh] done in 77ms @ http://localhost:3000/_next/static/chunks/node_modules_next_dist_1e8vcs8._.js:791
[  447272ms] [LOG] [Fast Refresh] done in 77ms @ http://localhost:3000/_next/static/chunks/node_modules_next_dist_1e8vcs8._.js:791
[  447335ms] [LOG] [Fast Refresh] done in 77ms @ http://localhost:3000/_next/static/chunks/node_modules_next_dist_1e8vcs8._.js:791
[  447397ms] [LOG] [Fast Refresh] done in 77ms @ http://localhost:3000/_next/static/chunks/node_modules_next_dist_1e8vcs8._.js:791
[  447459ms] [LOG] [Fast Refresh] done in 77ms @ http://localhost:3000/_next/static/chunks/node_modules_next_dist_1e8vcs8._.js:791
[  447522ms] [LOG] [Fast Refresh] done in 77ms @ http://localhost:3000/_next/static/chunks/node_modules_next_dist_1e8vcs8._.js:791
[  447585ms] [LOG] [Fast Refresh] done in 77ms @ http://localhost:3000/_next/static/chunks/node_modules_next_dist_1e8vcs8._.js:791
[  447648ms] [LOG] [Fast Refresh] done in 77ms @ http://localhost:3000/_next/static/chunks/node_modules_next_dist_1e8vcs8._.js:791
[  447712ms] [LOG] [Fast Refresh] done in 77ms @ http://localhost:3000/_next/static/chunks/node_modules_next_dist_1e8vcs8._.js:791
[  447774ms] [LOG] [Fast Refresh] done in 77ms @ http://localhost:3000/_next/static/chunks/node_modules_next_dist_1e8vcs8._.js:791
[  447835ms] [LOG] [Fast Refresh] done in 77ms @ http://localhost:3000/_next/static/chunks/node_modules_next_dist_1e8vcs8._.js:791
[  447897ms] [LOG] [Fast Refresh] done in 77ms @ http://localhost:3000/_next/static/chunks/node_modules_next_dist_1e8vcs8._.js:791
[  447960ms] [LOG] [Fast Refresh] done in 77ms @ http://localhost:3000/_next/static/chunks/node_modules_next_dist_1e8vcs8._.js:791
[  448022ms] [LOG] [Fast Refresh] done in 77ms @ http://localhost:3000/_next/static/chunks/node_modules_next_dist_1e8vcs8._.js:791
[  448086ms] [LOG] [Fast Refresh] done in 77ms @ http://localhost:3000/_next/static/chunks/node_modules_next_dist_1e8vcs8._.js:791
[  448147ms] [LOG] [Fast Refresh] done in 77ms @ http://localhost:3000/_next/static/chunks/node_modules_next_dist_1e8vcs8._.js:791
[  448210ms] [LOG] [Fast Refresh] done in 77ms @ http://localhost:3000/_next/static/chunks/node_modules_next_dist_1e8vcs8._.js:791
[  448273ms] [LOG] [Fast Refresh] done in 77ms @ http://localhost:3000/_next/static/chunks/node_modules_next_dist_1e8vcs8._.js:791
[  448336ms] [LOG] [Fast Refresh] done in 77ms @ http://localhost:3000/_next/static/chunks/node_modules_next_dist_1e8vcs8._.js:791
[  448397ms] [LOG] [Fast Refresh] done in 77ms @ http://localhost:3000/_next/static/chunks/node_modules_next_dist_1e8vcs8._.js:791
[  448460ms] [LOG] [Fast Refresh] done in 77ms @ http://localhost:3000/_next/static/chunks/node_modules_next_dist_1e8vcs8._.js:791
[  448524ms] [LOG] [Fast Refresh] done in 77ms @ http://localhost:3000/_next/static/chunks/node_modules_next_dist_1e8vcs8._.js:791
[  448586ms] [LOG] [Fast Refresh] done in 77ms @ http://localhost:3000/_next/static/chunks/node_modules_next_dist_1e8vcs8._.js:791
[  448649ms] [LOG] [Fast Refresh] done in 77ms @ http://localhost:3000/_next/static/chunks/node_modules_next_dist_1e8vcs8._.js:791
[  448714ms] [LOG] [Fast Refresh] done in 77ms @ http://localhost:3000/_next/static/chunks/node_modules_next_dist_1e8vcs8._.js:791
[  448773ms] [LOG] [Fast Refresh] done in 77ms @ http://localhost:3000/_next/static/chunks/node_modules_next_dist_1e8vcs8._.js:791
[  448835ms] [LOG] [Fast Refresh] done in 77ms @ http://localhost:3000/_next/static/chunks/node_modules_next_dist_1e8vcs8._.js:791
[  448898ms] [LOG] [Fast Refresh] done in 77ms @ http://localhost:3000/_next/static/chunks/node_modules_next_dist_1e8vcs8._.js:791
[  448962ms] [LOG] [Fast Refresh] done in 77ms @ http://localhost:3000/_next/static/chunks/node_modules_next_dist_1e8vcs8._.js:791
[  449023ms] [LOG] [Fast Refresh] done in 77ms @ http://localhost:3000/_next/static/chunks/node_modules_next_dist_1e8vcs8._.js:791
[  449086ms] [LOG] [Fast Refresh] done in 77ms @ http://localhost:3000/_next/static/chunks/node_modules_next_dist_1e8vcs8._.js:791
[  449149ms] [LOG] [Fast Refresh] done in 77ms @ http://localhost:3000/_next/static/chunks/node_modules_next_dist_1e8vcs8._.js:791
[  449210ms] [LOG] [Fast Refresh] done in 77ms @ http://localhost:3000/_next/static/chunks/node_modules_next_dist_1e8vcs8._.js:791
[  449272ms] [LOG] [Fast Refresh] done in 77ms @ http://localhost:3000/_next/static/chunks/node_modules_next_dist_1e8vcs8._.js:791
[  449335ms] [LOG] [Fast Refresh] done in 77ms @ http://localhost:3000/_next/static/chunks/node_modules_next_dist_1e8vcs8._.js:791
[  449397ms] [LOG] [Fast Refresh] done in 77ms @ http://localhost:3000/_next/static/chunks/node_modules_next_dist_1e8vcs8._.js:791
[  449455ms] [LOG] [Fast Refresh] done in 77ms @ http://localhost:3000/_next/static/chunks/node_modules_next_dist_1e8vcs8._.js:791
[  449516ms] [LOG] [Fast Refresh] done in 77ms @ http://localhost:3000/_next/static/chunks/node_modules_next_dist_1e8vcs8._.js:791
[  449578ms] [LOG] [Fast Refresh] done in 77ms @ http://localhost:3000/_next/static/chunks/node_modules_next_dist_1e8vcs8._.js:791
[  449640ms] [LOG] [Fast Refresh] done in 77ms @ http://localhost:3000/_next/static/chunks/node_modules_next_dist_1e8vcs8._.js:791
[  449701ms] [LOG] [Fast Refresh] done in 77ms @ http://localhost:3000/_next/static/chunks/node_modules_next_dist_1e8vcs8._.js:791
[  449763ms] [LOG] [Fast Refresh] done in 77ms @ http://localhost:3000/_next/static/chunks/node_modules_next_dist_1e8vcs8._.js:791
[  449825ms] [LOG] [Fast Refresh] done in 77ms @ http://localhost:3000/_next/static/chunks/node_modules_next_dist_1e8vcs8._.js:791
[  449888ms] [LOG] [Fast Refresh] done in 77ms @ http://localhost:3000/_next/static/chunks/node_modules_next_dist_1e8vcs8._.js:791
[  449950ms] [LOG] [Fast Refresh] done in 77ms @ http://localhost:3000/_next/static/chunks/node_modules_next_dist_1e8vcs8._.js:791
[  450012ms] [LOG] [Fast Refresh] done in 77ms @ http://localhost:3000/_next/static/chunks/node_modules_next_dist_1e8vcs8._.js:791
[  450073ms] [LOG] [Fast Refresh] done in 77ms @ http://localhost:3000/_next/static/chunks/node_modules_next_dist_1e8vcs8._.js:791
[  450136ms] [LOG] [Fast Refresh] done in 77ms @ http://localhost:3000/_next/static/chunks/node_modules_next_dist_1e8vcs8._.js:791
[  450197ms] [LOG] [Fast Refresh] done in 77ms @ http://localhost:3000/_next/static/chunks/node_modules_next_dist_1e8vcs8._.js:791
[  450249ms] [LOG] [Fast Refresh] done in 77ms @ http://localhost:3000/_next/static/chunks/node_modules_next_dist_1e8vcs8._.js:791
[  450300ms] [LOG] [Fast Refresh] done in 77ms @ http://localhost:3000/_next/static/chunks/node_modules_next_dist_1e8vcs8._.js:791
[  450362ms] [LOG] [Fast Refresh] done in 77ms @ http://localhost:3000/_next/static/chunks/node_modules_next_dist_1e8vcs8._.js:791
[  450425ms] [LOG] [Fast Refresh] done in 77ms @ http://localhost:3000/_next/static/chunks/node_modules_next_dist_1e8vcs8._.js:791
[  450486ms] [LOG] [Fast Refresh] done in 77ms @ http://localhost:3000/_next/static/chunks/node_modules_next_dist_1e8vcs8._.js:791
[  450548ms] [LOG] [Fast Refresh] done in 77ms @ http://localhost:3000/_next/static/chunks/node_modules_next_dist_1e8vcs8._.js:791
[  450610ms] [LOG] [Fast Refresh] done in 77ms @ http://localhost:3000/_next/static/chunks/node_modules_next_dist_1e8vcs8._.js:791
[  450672ms] [LOG] [Fast Refresh] done in 77ms @ http://localhost:3000/_next/static/chunks/node_modules_next_dist_1e8vcs8._.js:791
[  450734ms] [LOG] [Fast Refresh] done in 77ms @ http://localhost:3000/_next/static/chunks/node_modules_next_dist_1e8vcs8._.js:791
[  450796ms] [LOG] [Fast Refresh] done in 77ms @ http://localhost:3000/_next/static/chunks/node_modules_next_dist_1e8vcs8._.js:791
[  450858ms] [LOG] [Fast Refresh] done in 77ms @ http://localhost:3000/_next/static/chunks/node_modules_next_dist_1e8vcs8._.js:791
[  450921ms] [LOG] [Fast Refresh] done in 77ms @ http://localhost:3000/_next/static/chunks/node_modules_next_dist_1e8vcs8._.js:791
[  450982ms] [LOG] [Fast Refresh] done in 77ms @ http://localhost:3000/_next/static/chunks/node_modules_next_dist_1e8vcs8._.js:791
[  451044ms] [LOG] [Fast Refresh] done in 77ms @ http://localhost:3000/_next/static/chunks/node_modules_next_dist_1e8vcs8._.js:791
[  451107ms] [LOG] [Fast Refresh] done in 77ms @ http://localhost:3000/_next/static/chunks/node_modules_next_dist_1e8vcs8._.js:791
[  451169ms] [LOG] [Fast Refresh] done in 77ms @ http://localhost:3000/_next/static/chunks/node_modules_next_dist_1e8vcs8._.js:791
[  451230ms] [LOG] [Fast Refresh] done in 77ms @ http://localhost:3000/_next/static/chunks/node_modules_next_dist_1e8vcs8._.js:791
[  451292ms] [LOG] [Fast Refresh] done in 77ms @ http://localhost:3000/_next/static/chunks/node_modules_next_dist_1e8vcs8._.js:791
[  451355ms] [LOG] [Fast Refresh] done in 77ms @ http://localhost:3000/_next/static/chunks/node_modules_next_dist_1e8vcs8._.js:791
[  451418ms] [LOG] [Fast Refresh] done in 77ms @ http://localhost:3000/_next/static/chunks/node_modules_next_dist_1e8vcs8._.js:791
[  451480ms] [LOG] [Fast Refresh] done in 77ms @ http://localhost:3000/_next/static/chunks/node_modules_next_dist_1e8vcs8._.js:791
[  451543ms] [LOG] [Fast Refresh] done in 77ms @ http://localhost:3000/_next/static/chunks/node_modules_next_dist_1e8vcs8._.js:791
[  451605ms] [LOG] [Fast Refresh] done in 77ms @ http://localhost:3000/_next/static/chunks/node_modules_next_dist_1e8vcs8._.js:791
[  451667ms] [LOG] [Fast Refresh] done in 77ms @ http://localhost:3000/_next/static/chunks/node_modules_next_dist_1e8vcs8._.js:791
[  451728ms] [LOG] [Fast Refresh] done in 77ms @ http://localhost:3000/_next/static/chunks/node_modules_next_dist_1e8vcs8._.js:791
[  451790ms] [LOG] [Fast Refresh] done in 77ms @ http://localhost:3000/_next/static/chunks/node_modules_next_dist_1e8vcs8._.js:791
[  451853ms] [LOG] [Fast Refresh] done in 77ms @ http://localhost:3000/_next/static/chunks/node_modules_next_dist_1e8vcs8._.js:791
[  451916ms] [LOG] [Fast Refresh] done in 77ms @ http://localhost:3000/_next/static/chunks/node_modules_next_dist_1e8vcs8._.js:791
[  451980ms] [LOG] [Fast Refresh] done in 77ms @ http://localhost:3000/_next/static/chunks/node_modules_next_dist_1e8vcs8._.js:791
[  452040ms] [LOG] [Fast Refresh] done in 77ms @ http://localhost:3000/_next/static/chunks/node_modules_next_dist_1e8vcs8._.js:791
[  452101ms] [LOG] [Fast Refresh] done in 77ms @ http://localhost:3000/_next/static/chunks/node_modules_next_dist_1e8vcs8._.js:791
[  452164ms] [LOG] [Fast Refresh] done in 77ms @ http://localhost:3000/_next/static/chunks/node_modules_next_dist_1e8vcs8._.js:791
[  452215ms] [LOG] [Fast Refresh] done in 77ms @ http://localhost:3000/_next/static/chunks/node_modules_next_dist_1e8vcs8._.js:791
[  452277ms] [LOG] [Fast Refresh] done in 77ms @ http://localhost:3000/_next/static/chunks/node_modules_next_dist_1e8vcs8._.js:791
[  452339ms] [LOG] [Fast Refresh] done in 77ms @ http://localhost:3000/_next/static/chunks/node_modules_next_dist_1e8vcs8._.js:791
[  452403ms] [LOG] [Fast Refresh] done in 77ms @ http://localhost:3000/_next/static/chunks/node_modules_next_dist_1e8vcs8._.js:791
[  452459ms] [LOG] [Fast Refresh] done in 77ms @ http://localhost:3000/_next/static/chunks/node_modules_next_dist_1e8vcs8._.js:791
[  452521ms] [LOG] [Fast Refresh] done in 77ms @ http://localhost:3000/_next/static/chunks/node_modules_next_dist_1e8vcs8._.js:791
[  452585ms] [LOG] [Fast Refresh] done in 77ms @ http://localhost:3000/_next/static/chunks/node_modules_next_dist_1e8vcs8._.js:791
[  452646ms] [LOG] [Fast Refresh] done in 77ms @ http://localhost:3000/_next/static/chunks/node_modules_next_dist_1e8vcs8._.js:791
[  452709ms] [LOG] [Fast Refresh] done in 77ms @ http://localhost:3000/_next/static/chunks/node_modules_next_dist_1e8vcs8._.js:791
[  452771ms] [LOG] [Fast Refresh] done in 77ms @ http://localhost:3000/_next/static/chunks/node_modules_next_dist_1e8vcs8._.js:791
[  452834ms] [LOG] [Fast Refresh] done in 77ms @ http://localhost:3000/_next/static/chunks/node_modules_next_dist_1e8vcs8._.js:791
[  452896ms] [LOG] [Fast Refresh] done in 77ms @ http://localhost:3000/_next/static/chunks/node_modules_next_dist_1e8vcs8._.js:791
[  452958ms] [LOG] [Fast Refresh] done in 77ms @ http://localhost:3000/_next/static/chunks/node_modules_next_dist_1e8vcs8._.js:791
[  453019ms] [LOG] [Fast Refresh] done in 77ms @ http://localhost:3000/_next/static/chunks/node_modules_next_dist_1e8vcs8._.js:791
[  453082ms] [LOG] [Fast Refresh] done in 77ms @ http://localhost:3000/_next/static/chunks/node_modules_next_dist_1e8vcs8._.js:791
[  453144ms] [LOG] [Fast Refresh] done in 77ms @ http://localhost:3000/_next/static/chunks/node_modules_next_dist_1e8vcs8._.js:791
[  453206ms] [LOG] [Fast Refresh] done in 77ms @ http://localhost:3000/_next/static/chunks/node_modules_next_dist_1e8vcs8._.js:791
[  453268ms] [LOG] [Fast Refresh] done in 77ms @ http://localhost:3000/_next/static/chunks/node_modules_next_dist_1e8vcs8._.js:791
[  453331ms] [LOG] [Fast Refresh] done in 77ms @ http://localhost:3000/_next/static/chunks/node_modules_next_dist_1e8vcs8._.js:791
[  453392ms] [LOG] [Fast Refresh] done in 77ms @ http://localhost:3000/_next/static/chunks/node_modules_next_dist_1e8vcs8._.js:791
[  453456ms] [LOG] [Fast Refresh] done in 77ms @ http://localhost:3000/_next/static/chunks/node_modules_next_dist_1e8vcs8._.js:791
[  453519ms] [LOG] [Fast Refresh] done in 77ms @ http://localhost:3000/_next/static/chunks/node_modules_next_dist_1e8vcs8._.js:791
[  453580ms] [LOG] [Fast Refresh] done in 77ms @ http://localhost:3000/_next/static/chunks/node_modules_next_dist_1e8vcs8._.js:791
[  453642ms] [LOG] [Fast Refresh] done in 77ms @ http://localhost:3000/_next/static/chunks/node_modules_next_dist_1e8vcs8._.js:791
[  453703ms] [LOG] [Fast Refresh] done in 77ms @ http://localhost:3000/_next/static/chunks/node_modules_next_dist_1e8vcs8._.js:791
[  453764ms] [LOG] [Fast Refresh] done in 77ms @ http://localhost:3000/_next/static/chunks/node_modules_next_dist_1e8vcs8._.js:791
[  453827ms] [LOG] [Fast Refresh] done in 77ms @ http://localhost:3000/_next/static/chunks/node_modules_next_dist_1e8vcs8._.js:791
[  453888ms] [LOG] [Fast Refresh] done in 77ms @ http://localhost:3000/_next/static/chunks/node_modules_next_dist_1e8vcs8._.js:791
[  453951ms] [LOG] [Fast Refresh] done in 77ms @ http://localhost:3000/_next/static/chunks/node_modules_next_dist_1e8vcs8._.js:791
[  454013ms] [LOG] [Fast Refresh] done in 77ms @ http://localhost:3000/_next/static/chunks/node_modules_next_dist_1e8vcs8._.js:791
[  454075ms] [LOG] [Fast Refresh] done in 77ms @ http://localhost:3000/_next/static/chunks/node_modules_next_dist_1e8vcs8._.js:791
[  454137ms] [LOG] [Fast Refresh] done in 77ms @ http://localhost:3000/_next/static/chunks/node_modules_next_dist_1e8vcs8._.js:791
[  454200ms] [LOG] [Fast Refresh] done in 77ms @ http://localhost:3000/_next/static/chunks/node_modules_next_dist_1e8vcs8._.js:791
[  454262ms] [LOG] [Fast Refresh] done in 77ms @ http://localhost:3000/_next/static/chunks/node_modules_next_dist_1e8vcs8._.js:791
[  454324ms] [LOG] [Fast Refresh] done in 77ms @ http://localhost:3000/_next/static/chunks/node_modules_next_dist_1e8vcs8._.js:791
[  454386ms] [LOG] [Fast Refresh] done in 77ms @ http://localhost:3000/_next/static/chunks/node_modules_next_dist_1e8vcs8._.js:791
[  454449ms] [LOG] [Fast Refresh] done in 77ms @ http://localhost:3000/_next/static/chunks/node_modules_next_dist_1e8vcs8._.js:791
[  454512ms] [LOG] [Fast Refresh] done in 77ms @ http://localhost:3000/_next/static/chunks/node_modules_next_dist_1e8vcs8._.js:791
[  454576ms] [LOG] [Fast Refresh] done in 77ms @ http://localhost:3000/_next/static/chunks/node_modules_next_dist_1e8vcs8._.js:791
[  454638ms] [LOG] [Fast Refresh] done in 77ms @ http://localhost:3000/_next/static/chunks/node_modules_next_dist_1e8vcs8._.js:791
[  454701ms] [LOG] [Fast Refresh] done in 77ms @ http://localhost:3000/_next/static/chunks/node_modules_next_dist_1e8vcs8._.js:791
[  454763ms] [LOG] [Fast Refresh] done in 77ms @ http://localhost:3000/_next/static/chunks/node_modules_next_dist_1e8vcs8._.js:791
[  454818ms] [LOG] [Fast Refresh] done in 77ms @ http://localhost:3000/_next/static/chunks/node_modules_next_dist_1e8vcs8._.js:791
[  454880ms] [LOG] [Fast Refresh] done in 77ms @ http://localhost:3000/_next/static/chunks/node_modules_next_dist_1e8vcs8._.js:791
[  454943ms] [LOG] [Fast Refresh] done in 77ms @ http://localhost:3000/_next/static/chunks/node_modules_next_dist_1e8vcs8._.js:791
[  455005ms] [LOG] [Fast Refresh] done in 77ms @ http://localhost:3000/_next/static/chunks/node_modules_next_dist_1e8vcs8._.js:791
[  455068ms] [LOG] [Fast Refresh] done in 77ms @ http://localhost:3000/_next/static/chunks/node_modules_next_dist_1e8vcs8._.js:791
[  455130ms] [LOG] [Fast Refresh] done in 77ms @ http://localhost:3000/_next/static/chunks/node_modules_next_dist_1e8vcs8._.js:791
[  455193ms] [LOG] [Fast Refresh] done in 77ms @ http://localhost:3000/_next/static/chunks/node_modules_next_dist_1e8vcs8._.js:791
[  455254ms] [LOG] [Fast Refresh] done in 77ms @ http://localhost:3000/_next/static/chunks/node_modules_next_dist_1e8vcs8._.js:791
[  455316ms] [LOG] [Fast Refresh] done in 77ms @ http://localhost:3000/_next/static/chunks/node_modules_next_dist_1e8vcs8._.js:791
[  455378ms] [LOG] [Fast Refresh] done in 77ms @ http://localhost:3000/_next/static/chunks/node_modules_next_dist_1e8vcs8._.js:791
[  455440ms] [LOG] [Fast Refresh] done in 77ms @ http://localhost:3000/_next/static/chunks/node_modules_next_dist_1e8vcs8._.js:791
[  455502ms] [LOG] [Fast Refresh] done in 77ms @ http://localhost:3000/_next/static/chunks/node_modules_next_dist_1e8vcs8._.js:791
[  455564ms] [LOG] [Fast Refresh] done in 77ms @ http://localhost:3000/_next/static/chunks/node_modules_next_dist_1e8vcs8._.js:791
[  455626ms] [LOG] [Fast Refresh] done in 77ms @ http://localhost:3000/_next/static/chunks/node_modules_next_dist_1e8vcs8._.js:791
[  455687ms] [LOG] [Fast Refresh] done in 77ms @ http://localhost:3000/_next/static/chunks/node_modules_next_dist_1e8vcs8._.js:791
[  455750ms] [LOG] [Fast Refresh] done in 77ms @ http://localhost:3000/_next/static/chunks/node_modules_next_dist_1e8vcs8._.js:791
[  455812ms] [LOG] [Fast Refresh] done in 77ms @ http://localhost:3000/_next/static/chunks/node_modules_next_dist_1e8vcs8._.js:791
[  455874ms] [LOG] [Fast Refresh] done in 77ms @ http://localhost:3000/_next/static/chunks/node_modules_next_dist_1e8vcs8._.js:791
[  455935ms] [LOG] [Fast Refresh] done in 77ms @ http://localhost:3000/_next/static/chunks/node_modules_next_dist_1e8vcs8._.js:791
[  455997ms] [LOG] [Fast Refresh] done in 77ms @ http://localhost:3000/_next/static/chunks/node_modules_next_dist_1e8vcs8._.js:791
[  456059ms] [LOG] [Fast Refresh] done in 77ms @ http://localhost:3000/_next/static/chunks/node_modules_next_dist_1e8vcs8._.js:791
[  456118ms] [LOG] [Fast Refresh] done in 77ms @ http://localhost:3000/_next/static/chunks/node_modules_next_dist_1e8vcs8._.js:791
[  456181ms] [LOG] [Fast Refresh] done in 77ms @ http://localhost:3000/_next/static/chunks/node_modules_next_dist_1e8vcs8._.js:791
[  456241ms] [LOG] [Fast Refresh] done in 77ms @ http://localhost:3000/_next/static/chunks/node_modules_next_dist_1e8vcs8._.js:791
[  456303ms] [LOG] [Fast Refresh] done in 77ms @ http://localhost:3000/_next/static/chunks/node_modules_next_dist_1e8vcs8._.js:791
[  456366ms] [LOG] [Fast Refresh] done in 77ms @ http://localhost:3000/_next/static/chunks/node_modules_next_dist_1e8vcs8._.js:791
[  456428ms] [LOG] [Fast Refresh] done in 77ms @ http://localhost:3000/_next/static/chunks/node_modules_next_dist_1e8vcs8._.js:791
[  456491ms] [LOG] [Fast Refresh] done in 77ms @ http://localhost:3000/_next/static/chunks/node_modules_next_dist_1e8vcs8._.js:791
[  456555ms] [LOG] [Fast Refresh] done in 77ms @ http://localhost:3000/_next/static/chunks/node_modules_next_dist_1e8vcs8._.js:791
[  456616ms] [LOG] [Fast Refresh] done in 77ms @ http://localhost:3000/_next/static/chunks/node_modules_next_dist_1e8vcs8._.js:791
[  456680ms] [LOG] [Fast Refresh] done in 77ms @ http://localhost:3000/_next/static/chunks/node_modules_next_dist_1e8vcs8._.js:791
[  456741ms] [LOG] [Fast Refresh] done in 77ms @ http://localhost:3000/_next/static/chunks/node_modules_next_dist_1e8vcs8._.js:791
[  456804ms] [LOG] [Fast Refresh] done in 77ms @ http://localhost:3000/_next/static/chunks/node_modules_next_dist_1e8vcs8._.js:791
[  456866ms] [LOG] [Fast Refresh] done in 77ms @ http://localhost:3000/_next/static/chunks/node_modules_next_dist_1e8vcs8._.js:791
[  456929ms] [LOG] [Fast Refresh] done in 77ms @ http://localhost:3000/_next/static/chunks/node_modules_next_dist_1e8vcs8._.js:791
[  456992ms] [LOG] [Fast Refresh] done in 77ms @ http://localhost:3000/_next/static/chunks/node_modules_next_dist_1e8vcs8._.js:791
[  457053ms] [LOG] [Fast Refresh] done in 77ms @ http://localhost:3000/_next/static/chunks/node_modules_next_dist_1e8vcs8._.js:791
[  457116ms] [LOG] [Fast Refresh] done in 77ms @ http://localhost:3000/_next/static/chunks/node_modules_next_dist_1e8vcs8._.js:791
[  457178ms] [LOG] [Fast Refresh] done in 77ms @ http://localhost:3000/_next/static/chunks/node_modules_next_dist_1e8vcs8._.js:791
[  457239ms] [LOG] [Fast Refresh] done in 77ms @ http://localhost:3000/_next/static/chunks/node_modules_next_dist_1e8vcs8._.js:791
[  457301ms] [LOG] [Fast Refresh] done in 77ms @ http://localhost:3000/_next/static/chunks/node_modules_next_dist_1e8vcs8._.js:791
[  457362ms] [LOG] [Fast Refresh] done in 77ms @ http://localhost:3000/_next/static/chunks/node_modules_next_dist_1e8vcs8._.js:791
[  457424ms] [LOG] [Fast Refresh] done in 77ms @ http://localhost:3000/_next/static/chunks/node_modules_next_dist_1e8vcs8._.js:791
[  457473ms] [LOG] [Fast Refresh] done in 77ms @ http://localhost:3000/_next/static/chunks/node_modules_next_dist_1e8vcs8._.js:791
[  457531ms] [LOG] [Fast Refresh] done in 77ms @ http://localhost:3000/_next/static/chunks/node_modules_next_dist_1e8vcs8._.js:791
[  457594ms] [LOG] [Fast Refresh] done in 77ms @ http://localhost:3000/_next/static/chunks/node_modules_next_dist_1e8vcs8._.js:791
[  457656ms] [LOG] [Fast Refresh] done in 77ms @ http://localhost:3000/_next/static/chunks/node_modules_next_dist_1e8vcs8._.js:791
[  457719ms] [LOG] [Fast Refresh] done in 77ms @ http://localhost:3000/_next/static/chunks/node_modules_next_dist_1e8vcs8._.js:791
[  457782ms] [LOG] [Fast Refresh] done in 77ms @ http://localhost:3000/_next/static/chunks/node_modules_next_dist_1e8vcs8._.js:791
[  457844ms] [LOG] [Fast Refresh] done in 77ms @ http://localhost:3000/_next/static/chunks/node_modules_next_dist_1e8vcs8._.js:791
[  457905ms] [LOG] [Fast Refresh] done in 77ms @ http://localhost:3000/_next/static/chunks/node_modules_next_dist_1e8vcs8._.js:791
[  457953ms] [LOG] [Fast Refresh] done in 77ms @ http://localhost:3000/_next/static/chunks/node_modules_next_dist_1e8vcs8._.js:791
[  458016ms] [LOG] [Fast Refresh] done in 77ms @ http://localhost:3000/_next/static/chunks/node_modules_next_dist_1e8vcs8._.js:791
[  458078ms] [LOG] [Fast Refresh] done in 77ms @ http://localhost:3000/_next/static/chunks/node_modules_next_dist_1e8vcs8._.js:791
[  458140ms] [LOG] [Fast Refresh] done in 77ms @ http://localhost:3000/_next/static/chunks/node_modules_next_dist_1e8vcs8._.js:791
[  458202ms] [LOG] [Fast Refresh] done in 77ms @ http://localhost:3000/_next/static/chunks/node_modules_next_dist_1e8vcs8._.js:791
[  458263ms] [LOG] [Fast Refresh] done in 77ms @ http://localhost:3000/_next/static/chunks/node_modules_next_dist_1e8vcs8._.js:791
[  458324ms] [LOG] [Fast Refresh] done in 77ms @ http://localhost:3000/_next/static/chunks/node_modules_next_dist_1e8vcs8._.js:791
[  458386ms] [LOG] [Fast Refresh] done in 77ms @ http://localhost:3000/_next/static/chunks/node_modules_next_dist_1e8vcs8._.js:791
[  458448ms] [LOG] [Fast Refresh] done in 77ms @ http://localhost:3000/_next/static/chunks/node_modules_next_dist_1e8vcs8._.js:791
[  458507ms] [LOG] [Fast Refresh] done in 77ms @ http://localhost:3000/_next/static/chunks/node_modules_next_dist_1e8vcs8._.js:791
[  458569ms] [LOG] [Fast Refresh] done in 77ms @ http://localhost:3000/_next/static/chunks/node_modules_next_dist_1e8vcs8._.js:791
[  458617ms] [LOG] [Fast Refresh] done in 77ms @ http://localhost:3000/_next/static/chunks/node_modules_next_dist_1e8vcs8._.js:791
[  458665ms] [LOG] [Fast Refresh] done in 77ms @ http://localhost:3000/_next/static/chunks/node_modules_next_dist_1e8vcs8._.js:791
[  458728ms] [LOG] [Fast Refresh] done in 77ms @ http://localhost:3000/_next/static/chunks/node_modules_next_dist_1e8vcs8._.js:791
[  458790ms] [LOG] [Fast Refresh] done in 77ms @ http://localhost:3000/_next/static/chunks/node_modules_next_dist_1e8vcs8._.js:791
[  458852ms] [LOG] [Fast Refresh] done in 77ms @ http://localhost:3000/_next/static/chunks/node_modules_next_dist_1e8vcs8._.js:791
[  458901ms] [LOG] [Fast Refresh] done in 77ms @ http://localhost:3000/_next/static/chunks/node_modules_next_dist_1e8vcs8._.js:791
[  458948ms] [LOG] [Fast Refresh] done in 77ms @ http://localhost:3000/_next/static/chunks/node_modules_next_dist_1e8vcs8._.js:791
[  459012ms] [LOG] [Fast Refresh] done in 77ms @ http://localhost:3000/_next/static/chunks/node_modules_next_dist_1e8vcs8._.js:791
[  459075ms] [LOG] [Fast Refresh] done in 77ms @ http://localhost:3000/_next/static/chunks/node_modules_next_dist_1e8vcs8._.js:791
[  459137ms] [LOG] [Fast Refresh] done in 77ms @ http://localhost:3000/_next/static/chunks/node_modules_next_dist_1e8vcs8._.js:791
[  459200ms] [LOG] [Fast Refresh] done in 77ms @ http://localhost:3000/_next/static/chunks/node_modules_next_dist_1e8vcs8._.js:791
[  459261ms] [LOG] [Fast Refresh] done in 77ms @ http://localhost:3000/_next/static/chunks/node_modules_next_dist_1e8vcs8._.js:791
[  459323ms] [LOG] [Fast Refresh] done in 77ms @ http://localhost:3000/_next/static/chunks/node_modules_next_dist_1e8vcs8._.js:791
[  459385ms] [LOG] [Fast Refresh] done in 77ms @ http://localhost:3000/_next/static/chunks/node_modules_next_dist_1e8vcs8._.js:791
[  459448ms] [LOG] [Fast Refresh] done in 77ms @ http://localhost:3000/_next/static/chunks/node_modules_next_dist_1e8vcs8._.js:791
[  459510ms] [LOG] [Fast Refresh] done in 77ms @ http://localhost:3000/_next/static/chunks/node_modules_next_dist_1e8vcs8._.js:791
[  459558ms] [LOG] [Fast Refresh] done in 77ms @ http://localhost:3000/_next/static/chunks/node_modules_next_dist_1e8vcs8._.js:791
[  459620ms] [LOG] [Fast Refresh] done in 77ms @ http://localhost:3000/_next/static/chunks/node_modules_next_dist_1e8vcs8._.js:791
[  459682ms] [LOG] [Fast Refresh] done in 77ms @ http://localhost:3000/_next/static/chunks/node_modules_next_dist_1e8vcs8._.js:791
[  459744ms] [LOG] [Fast Refresh] done in 77ms @ http://localhost:3000/_next/static/chunks/node_modules_next_dist_1e8vcs8._.js:791
[  459806ms] [LOG] [Fast Refresh] done in 77ms @ http://localhost:3000/_next/static/chunks/node_modules_next_dist_1e8vcs8._.js:791
[  459855ms] [LOG] [Fast Refresh] done in 77ms @ http://localhost:3000/_next/static/chunks/node_modules_next_dist_1e8vcs8._.js:791
[  459918ms] [LOG] [Fast Refresh] done in 77ms @ http://localhost:3000/_next/static/chunks/node_modules_next_dist_1e8vcs8._.js:791
[  459966ms] [LOG] [Fast Refresh] done in 77ms @ http://localhost:3000/_next/static/chunks/node_modules_next_dist_1e8vcs8._.js:791
[  460028ms] [LOG] [Fast Refresh] done in 77ms @ http://localhost:3000/_next/static/chunks/node_modules_next_dist_1e8vcs8._.js:791
[  460091ms] [LOG] [Fast Refresh] done in 77ms @ http://localhost:3000/_next/static/chunks/node_modules_next_dist_1e8vcs8._.js:791
[  460176ms] [LOG] [Fast Refresh] done in 77ms @ http://localhost:3000/_next/static/chunks/node_modules_next_dist_1e8vcs8._.js:791
[  460239ms] [LOG] [Fast Refresh] done in 77ms @ http://localhost:3000/_next/static/chunks/node_modules_next_dist_1e8vcs8._.js:791
[  460301ms] [LOG] [Fast Refresh] done in 77ms @ http://localhost:3000/_next/static/chunks/node_modules_next_dist_1e8vcs8._.js:791
[  460364ms] [LOG] [Fast Refresh] done in 77ms @ http://localhost:3000/_next/static/chunks/node_modules_next_dist_1e8vcs8._.js:791
[  460426ms] [LOG] [Fast Refresh] done in 77ms @ http://localhost:3000/_next/static/chunks/node_modules_next_dist_1e8vcs8._.js:791
[  460489ms] [LOG] [Fast Refresh] done in 77ms @ http://localhost:3000/_next/static/chunks/node_modules_next_dist_1e8vcs8._.js:791
[  460548ms] [LOG] [Fast Refresh] done in 77ms @ http://localhost:3000/_next/static/chunks/node_modules_next_dist_1e8vcs8._.js:791
[  460604ms] [LOG] [Fast Refresh] done in 77ms @ http://localhost:3000/_next/static/chunks/node_modules_next_dist_1e8vcs8._.js:791
[  460667ms] [LOG] [Fast Refresh] done in 77ms @ http://localhost:3000/_next/static/chunks/node_modules_next_dist_1e8vcs8._.js:791
[  460728ms] [LOG] [Fast Refresh] done in 77ms @ http://localhost:3000/_next/static/chunks/node_modules_next_dist_1e8vcs8._.js:791
[  460792ms] [LOG] [Fast Refresh] done in 77ms @ http://localhost:3000/_next/static/chunks/node_modules_next_dist_1e8vcs8._.js:791
[  460854ms] [LOG] [Fast Refresh] done in 77ms @ http://localhost:3000/_next/static/chunks/node_modules_next_dist_1e8vcs8._.js:791
[  460918ms] [LOG] [Fast Refresh] done in 77ms @ http://localhost:3000/_next/static/chunks/node_modules_next_dist_1e8vcs8._.js:791
[  460980ms] [LOG] [Fast Refresh] done in 77ms @ http://localhost:3000/_next/static/chunks/node_modules_next_dist_1e8vcs8._.js:791
[  461044ms] [LOG] [Fast Refresh] done in 77ms @ http://localhost:3000/_next/static/chunks/node_modules_next_dist_1e8vcs8._.js:791
[  461105ms] [LOG] [Fast Refresh] done in 77ms @ http://localhost:3000/_next/static/chunks/node_modules_next_dist_1e8vcs8._.js:791
[  461166ms] [LOG] [Fast Refresh] done in 77ms @ http://localhost:3000/_next/static/chunks/node_modules_next_dist_1e8vcs8._.js:791
[  461214ms] [LOG] [Fast Refresh] done in 77ms @ http://localhost:3000/_next/static/chunks/node_modules_next_dist_1e8vcs8._.js:791
[  461276ms] [LOG] [Fast Refresh] done in 77ms @ http://localhost:3000/_next/static/chunks/node_modules_next_dist_1e8vcs8._.js:791
[  461338ms] [LOG] [Fast Refresh] done in 77ms @ http://localhost:3000/_next/static/chunks/node_modules_next_dist_1e8vcs8._.js:791
[  461400ms] [LOG] [Fast Refresh] done in 77ms @ http://localhost:3000/_next/static/chunks/node_modules_next_dist_1e8vcs8._.js:791
[  461463ms] [LOG] [Fast Refresh] done in 77ms @ http://localhost:3000/_next/static/chunks/node_modules_next_dist_1e8vcs8._.js:791
[  461525ms] [LOG] [Fast Refresh] done in 77ms @ http://localhost:3000/_next/static/chunks/node_modules_next_dist_1e8vcs8._.js:791
[  461587ms] [LOG] [Fast Refresh] done in 77ms @ http://localhost:3000/_next/static/chunks/node_modules_next_dist_1e8vcs8._.js:791
[  461649ms] [LOG] [Fast Refresh] done in 77ms @ http://localhost:3000/_next/static/chunks/node_modules_next_dist_1e8vcs8._.js:791
[  461711ms] [LOG] [Fast Refresh] done in 77ms @ http://localhost:3000/_next/static/chunks/node_modules_next_dist_1e8vcs8._.js:791
[  461774ms] [LOG] [Fast Refresh] done in 77ms @ http://localhost:3000/_next/static/chunks/node_modules_next_dist_1e8vcs8._.js:791
[  461837ms] [LOG] [Fast Refresh] done in 77ms @ http://localhost:3000/_next/static/chunks/node_modules_next_dist_1e8vcs8._.js:791
[  461899ms] [LOG] [Fast Refresh] done in 77ms @ http://localhost:3000/_next/static/chunks/node_modules_next_dist_1e8vcs8._.js:791
[  461963ms] [LOG] [Fast Refresh] done in 77ms @ http://localhost:3000/_next/static/chunks/node_modules_next_dist_1e8vcs8._.js:791
[  462025ms] [LOG] [Fast Refresh] done in 77ms @ http://localhost:3000/_next/static/chunks/node_modules_next_dist_1e8vcs8._.js:791
[  462086ms] [LOG] [Fast Refresh] done in 77ms @ http://localhost:3000/_next/static/chunks/node_modules_next_dist_1e8vcs8._.js:791
[  462149ms] [LOG] [Fast Refresh] done in 77ms @ http://localhost:3000/_next/static/chunks/node_modules_next_dist_1e8vcs8._.js:791
[  462211ms] [LOG] [Fast Refresh] done in 77ms @ http://localhost:3000/_next/static/chunks/node_modules_next_dist_1e8vcs8._.js:791
[  462275ms] [LOG] [Fast Refresh] done in 77ms @ http://localhost:3000/_next/static/chunks/node_modules_next_dist_1e8vcs8._.js:791
[  462338ms] [LOG] [Fast Refresh] done in 77ms @ http://localhost:3000/_next/static/chunks/node_modules_next_dist_1e8vcs8._.js:791
[  462399ms] [LOG] [Fast Refresh] done in 77ms @ http://localhost:3000/_next/static/chunks/node_modules_next_dist_1e8vcs8._.js:791
[  462462ms] [LOG] [Fast Refresh] done in 77ms @ http://localhost:3000/_next/static/chunks/node_modules_next_dist_1e8vcs8._.js:791
[  462527ms] [LOG] [Fast Refresh] done in 77ms @ http://localhost:3000/_next/static/chunks/node_modules_next_dist_1e8vcs8._.js:791
[  462588ms] [LOG] [Fast Refresh] done in 77ms @ http://localhost:3000/_next/static/chunks/node_modules_next_dist_1e8vcs8._.js:791
[  462652ms] [LOG] [Fast Refresh] done in 77ms @ http://localhost:3000/_next/static/chunks/node_modules_next_dist_1e8vcs8._.js:791
[  462715ms] [LOG] [Fast Refresh] done in 77ms @ http://localhost:3000/_next/static/chunks/node_modules_next_dist_1e8vcs8._.js:791
[  462778ms] [LOG] [Fast Refresh] done in 77ms @ http://localhost:3000/_next/static/chunks/node_modules_next_dist_1e8vcs8._.js:791
[  462839ms] [LOG] [Fast Refresh] done in 77ms @ http://localhost:3000/_next/static/chunks/node_modules_next_dist_1e8vcs8._.js:791
[  462900ms] [LOG] [Fast Refresh] done in 77ms @ http://localhost:3000/_next/static/chunks/node_modules_next_dist_1e8vcs8._.js:791
[  462963ms] [LOG] [Fast Refresh] done in 77ms @ http://localhost:3000/_next/static/chunks/node_modules_next_dist_1e8vcs8._.js:791
[  463025ms] [LOG] [Fast Refresh] done in 77ms @ http://localhost:3000/_next/static/chunks/node_modules_next_dist_1e8vcs8._.js:791
[  463086ms] [LOG] [Fast Refresh] done in 77ms @ http://localhost:3000/_next/static/chunks/node_modules_next_dist_1e8vcs8._.js:791
[  463150ms] [LOG] [Fast Refresh] done in 77ms @ http://localhost:3000/_next/static/chunks/node_modules_next_dist_1e8vcs8._.js:791
[  463210ms] [LOG] [Fast Refresh] done in 77ms @ http://localhost:3000/_next/static/chunks/node_modules_next_dist_1e8vcs8._.js:791
[  463272ms] [LOG] [Fast Refresh] done in 77ms @ http://localhost:3000/_next/static/chunks/node_modules_next_dist_1e8vcs8._.js:791
[  463336ms] [LOG] [Fast Refresh] done in 77ms @ http://localhost:3000/_next/static/chunks/node_modules_next_dist_1e8vcs8._.js:791
[  463397ms] [LOG] [Fast Refresh] done in 77ms @ http://localhost:3000/_next/static/chunks/node_modules_next_dist_1e8vcs8._.js:791
[  463466ms] [LOG] [Fast Refresh] done in 77ms @ http://localhost:3000/_next/static/chunks/node_modules_next_dist_1e8vcs8._.js:791
[  463530ms] [LOG] [Fast Refresh] done in 77ms @ http://localhost:3000/_next/static/chunks/node_modules_next_dist_1e8vcs8._.js:791
[  463591ms] [LOG] [Fast Refresh] done in 77ms @ http://localhost:3000/_next/static/chunks/node_modules_next_dist_1e8vcs8._.js:791
[  463654ms] [LOG] [Fast Refresh] done in 77ms @ http://localhost:3000/_next/static/chunks/node_modules_next_dist_1e8vcs8._.js:791
[  463715ms] [LOG] [Fast Refresh] done in 77ms @ http://localhost:3000/_next/static/chunks/node_modules_next_dist_1e8vcs8._.js:791
[  463777ms] [LOG] [Fast Refresh] done in 77ms @ http://localhost:3000/_next/static/chunks/node_modules_next_dist_1e8vcs8._.js:791
[  463840ms] [LOG] [Fast Refresh] done in 77ms @ http://localhost:3000/_next/static/chunks/node_modules_next_dist_1e8vcs8._.js:791
[  463901ms] [LOG] [Fast Refresh] done in 77ms @ http://localhost:3000/_next/static/chunks/node_modules_next_dist_1e8vcs8._.js:791
[  463963ms] [LOG] [Fast Refresh] done in 77ms @ http://localhost:3000/_next/static/chunks/node_modules_next_dist_1e8vcs8._.js:791
[  464026ms] [LOG] [Fast Refresh] done in 77ms @ http://localhost:3000/_next/static/chunks/node_modules_next_dist_1e8vcs8._.js:791
[  464087ms] [LOG] [Fast Refresh] done in 77ms @ http://localhost:3000/_next/static/chunks/node_modules_next_dist_1e8vcs8._.js:791
[  464143ms] [LOG] [Fast Refresh] done in 77ms @ http://localhost:3000/_next/static/chunks/node_modules_next_dist_1e8vcs8._.js:791
[  464206ms] [LOG] [Fast Refresh] done in 77ms @ http://localhost:3000/_next/static/chunks/node_modules_next_dist_1e8vcs8._.js:791
[  464269ms] [LOG] [Fast Refresh] done in 77ms @ http://localhost:3000/_next/static/chunks/node_modules_next_dist_1e8vcs8._.js:791
[  464331ms] [LOG] [Fast Refresh] done in 77ms @ http://localhost:3000/_next/static/chunks/node_modules_next_dist_1e8vcs8._.js:791
[  464394ms] [LOG] [Fast Refresh] done in 77ms @ http://localhost:3000/_next/static/chunks/node_modules_next_dist_1e8vcs8._.js:791
[  464457ms] [LOG] [Fast Refresh] done in 77ms @ http://localhost:3000/_next/static/chunks/node_modules_next_dist_1e8vcs8._.js:791
[  464519ms] [LOG] [Fast Refresh] done in 77ms @ http://localhost:3000/_next/static/chunks/node_modules_next_dist_1e8vcs8._.js:791
[  464581ms] [LOG] [Fast Refresh] done in 77ms @ http://localhost:3000/_next/static/chunks/node_modules_next_dist_1e8vcs8._.js:791
[  464644ms] [LOG] [Fast Refresh] done in 77ms @ http://localhost:3000/_next/static/chunks/node_modules_next_dist_1e8vcs8._.js:791
[  464707ms] [LOG] [Fast Refresh] done in 77ms @ http://localhost:3000/_next/static/chunks/node_modules_next_dist_1e8vcs8._.js:791
[  464770ms] [LOG] [Fast Refresh] done in 77ms @ http://localhost:3000/_next/static/chunks/node_modules_next_dist_1e8vcs8._.js:791
[  464834ms] [LOG] [Fast Refresh] done in 77ms @ http://localhost:3000/_next/static/chunks/node_modules_next_dist_1e8vcs8._.js:791
[  464896ms] [LOG] [Fast Refresh] done in 77ms @ http://localhost:3000/_next/static/chunks/node_modules_next_dist_1e8vcs8._.js:791
[  464958ms] [LOG] [Fast Refresh] done in 77ms @ http://localhost:3000/_next/static/chunks/node_modules_next_dist_1e8vcs8._.js:791
[  465021ms] [LOG] [Fast Refresh] done in 77ms @ http://localhost:3000/_next/static/chunks/node_modules_next_dist_1e8vcs8._.js:791
[  465083ms] [LOG] [Fast Refresh] done in 77ms @ http://localhost:3000/_next/static/chunks/node_modules_next_dist_1e8vcs8._.js:791
[  465145ms] [LOG] [Fast Refresh] done in 77ms @ http://localhost:3000/_next/static/chunks/node_modules_next_dist_1e8vcs8._.js:791
[  465206ms] [LOG] [Fast Refresh] done in 77ms @ http://localhost:3000/_next/static/chunks/node_modules_next_dist_1e8vcs8._.js:791
[  465269ms] [LOG] [Fast Refresh] done in 77ms @ http://localhost:3000/_next/static/chunks/node_modules_next_dist_1e8vcs8._.js:791
[  465331ms] [LOG] [Fast Refresh] done in 77ms @ http://localhost:3000/_next/static/chunks/node_modules_next_dist_1e8vcs8._.js:791
[  465393ms] [LOG] [Fast Refresh] done in 77ms @ http://localhost:3000/_next/static/chunks/node_modules_next_dist_1e8vcs8._.js:791
[  465456ms] [LOG] [Fast Refresh] done in 77ms @ http://localhost:3000/_next/static/chunks/node_modules_next_dist_1e8vcs8._.js:791
[  465505ms] [LOG] [Fast Refresh] done in 77ms @ http://localhost:3000/_next/static/chunks/node_modules_next_dist_1e8vcs8._.js:791
[  465567ms] [LOG] [Fast Refresh] done in 77ms @ http://localhost:3000/_next/static/chunks/node_modules_next_dist_1e8vcs8._.js:791
[  465615ms] [LOG] [Fast Refresh] done in 77ms @ http://localhost:3000/_next/static/chunks/node_modules_next_dist_1e8vcs8._.js:791
[  465678ms] [LOG] [Fast Refresh] done in 77ms @ http://localhost:3000/_next/static/chunks/node_modules_next_dist_1e8vcs8._.js:791
[  465739ms] [LOG] [Fast Refresh] done in 77ms @ http://localhost:3000/_next/static/chunks/node_modules_next_dist_1e8vcs8._.js:791
[  465801ms] [LOG] [Fast Refresh] done in 77ms @ http://localhost:3000/_next/static/chunks/node_modules_next_dist_1e8vcs8._.js:791
[  465864ms] [LOG] [Fast Refresh] done in 77ms @ http://localhost:3000/_next/static/chunks/node_modules_next_dist_1e8vcs8._.js:791
[  465927ms] [LOG] [Fast Refresh] done in 77ms @ http://localhost:3000/_next/static/chunks/node_modules_next_dist_1e8vcs8._.js:791
[  465988ms] [LOG] [Fast Refresh] done in 77ms @ http://localhost:3000/_next/static/chunks/node_modules_next_dist_1e8vcs8._.js:791
[  466049ms] [LOG] [Fast Refresh] done in 77ms @ http://localhost:3000/_next/static/chunks/node_modules_next_dist_1e8vcs8._.js:791
[  466111ms] [LOG] [Fast Refresh] done in 77ms @ http://localhost:3000/_next/static/chunks/node_modules_next_dist_1e8vcs8._.js:791
[  466173ms] [LOG] [Fast Refresh] done in 77ms @ http://localhost:3000/_next/static/chunks/node_modules_next_dist_1e8vcs8._.js:791
[  466235ms] [LOG] [Fast Refresh] done in 77ms @ http://localhost:3000/_next/static/chunks/node_modules_next_dist_1e8vcs8._.js:791
[  466297ms] [LOG] [Fast Refresh] done in 77ms @ http://localhost:3000/_next/static/chunks/node_modules_next_dist_1e8vcs8._.js:791
[  466360ms] [LOG] [Fast Refresh] done in 77ms @ http://localhost:3000/_next/static/chunks/node_modules_next_dist_1e8vcs8._.js:791
[  466422ms] [LOG] [Fast Refresh] done in 77ms @ http://localhost:3000/_next/static/chunks/node_modules_next_dist_1e8vcs8._.js:791
[  466480ms] [LOG] [Fast Refresh] done in 77ms @ http://localhost:3000/_next/static/chunks/node_modules_next_dist_1e8vcs8._.js:791
[  466531ms] [LOG] [Fast Refresh] done in 77ms @ http://localhost:3000/_next/static/chunks/node_modules_next_dist_1e8vcs8._.js:791
[  466592ms] [LOG] [Fast Refresh] done in 77ms @ http://localhost:3000/_next/static/chunks/node_modules_next_dist_1e8vcs8._.js:791
[  466656ms] [LOG] [Fast Refresh] done in 77ms @ http://localhost:3000/_next/static/chunks/node_modules_next_dist_1e8vcs8._.js:791
[  466719ms] [LOG] [Fast Refresh] done in 77ms @ http://localhost:3000/_next/static/chunks/node_modules_next_dist_1e8vcs8._.js:791
[  466780ms] [LOG] [Fast Refresh] done in 77ms @ http://localhost:3000/_next/static/chunks/node_modules_next_dist_1e8vcs8._.js:791
[  466841ms] [LOG] [Fast Refresh] done in 77ms @ http://localhost:3000/_next/static/chunks/node_modules_next_dist_1e8vcs8._.js:791
[  466903ms] [LOG] [Fast Refresh] done in 77ms @ http://localhost:3000/_next/static/chunks/node_modules_next_dist_1e8vcs8._.js:791
[  466956ms] [LOG] [Fast Refresh] done in 77ms @ http://localhost:3000/_next/static/chunks/node_modules_next_dist_1e8vcs8._.js:791
[  467004ms] [LOG] [Fast Refresh] done in 77ms @ http://localhost:3000/_next/static/chunks/node_modules_next_dist_1e8vcs8._.js:791
[  467068ms] [LOG] [Fast Refresh] done in 77ms @ http://localhost:3000/_next/static/chunks/node_modules_next_dist_1e8vcs8._.js:791
[  467130ms] [LOG] [Fast Refresh] done in 77ms @ http://localhost:3000/_next/static/chunks/node_modules_next_dist_1e8vcs8._.js:791
[  467193ms] [LOG] [Fast Refresh] done in 77ms @ http://localhost:3000/_next/static/chunks/node_modules_next_dist_1e8vcs8._.js:791
[  467255ms] [LOG] [Fast Refresh] done in 77ms @ http://localhost:3000/_next/static/chunks/node_modules_next_dist_1e8vcs8._.js:791
[  467317ms] [LOG] [Fast Refresh] done in 77ms @ http://localhost:3000/_next/static/chunks/node_modules_next_dist_1e8vcs8._.js:791
[  467429ms] [LOG] [Fast Refresh] done in 77ms @ http://localhost:3000/_next/static/chunks/node_modules_next_dist_1e8vcs8._.js:791
[  467489ms] [LOG] [Fast Refresh] done in 77ms @ http://localhost:3000/_next/static/chunks/node_modules_next_dist_1e8vcs8._.js:791
[  467551ms] [LOG] [Fast Refresh] done in 77ms @ http://localhost:3000/_next/static/chunks/node_modules_next_dist_1e8vcs8._.js:791
[  467615ms] [LOG] [Fast Refresh] done in 77ms @ http://localhost:3000/_next/static/chunks/node_modules_next_dist_1e8vcs8._.js:791
[  467677ms] [LOG] [Fast Refresh] done in 77ms @ http://localhost:3000/_next/static/chunks/node_modules_next_dist_1e8vcs8._.js:791
[  467746ms] [LOG] [Fast Refresh] done in 77ms @ http://localhost:3000/_next/static/chunks/node_modules_next_dist_1e8vcs8._.js:791
[  467807ms] [LOG] [Fast Refresh] done in 77ms @ http://localhost:3000/_next/static/chunks/node_modules_next_dist_1e8vcs8._.js:791
[  467869ms] [LOG] [Fast Refresh] done in 77ms @ http://localhost:3000/_next/static/chunks/node_modules_next_dist_1e8vcs8._.js:791
[  467928ms] [LOG] [Fast Refresh] done in 77ms @ http://localhost:3000/_next/static/chunks/node_modules_next_dist_1e8vcs8._.js:791
[  467990ms] [LOG] [Fast Refresh] done in 77ms @ http://localhost:3000/_next/static/chunks/node_modules_next_dist_1e8vcs8._.js:791
[  468053ms] [LOG] [Fast Refresh] done in 77ms @ http://localhost:3000/_next/static/chunks/node_modules_next_dist_1e8vcs8._.js:791
[  468117ms] [LOG] [Fast Refresh] done in 77ms @ http://localhost:3000/_next/static/chunks/node_modules_next_dist_1e8vcs8._.js:791
[  468179ms] [LOG] [Fast Refresh] done in 77ms @ http://localhost:3000/_next/static/chunks/node_modules_next_dist_1e8vcs8._.js:791
[  468397ms] [LOG] [Fast Refresh] done in 77ms @ http://localhost:3000/_next/static/chunks/node_modules_next_dist_1e8vcs8._.js:791
[  468522ms] [LOG] [Fast Refresh] done in 77ms @ http://localhost:3000/_next/static/chunks/node_modules_next_dist_1e8vcs8._.js:791
[  468585ms] [LOG] [Fast Refresh] done in 77ms @ http://localhost:3000/_next/static/chunks/node_modules_next_dist_1e8vcs8._.js:791
[  468645ms] [LOG] [Fast Refresh] done in 77ms @ http://localhost:3000/_next/static/chunks/node_modules_next_dist_1e8vcs8._.js:791
[  468707ms] [LOG] [Fast Refresh] done in 77ms @ http://localhost:3000/_next/static/chunks/node_modules_next_dist_1e8vcs8._.js:791
[  468769ms] [LOG] [Fast Refresh] done in 77ms @ http://localhost:3000/_next/static/chunks/node_modules_next_dist_1e8vcs8._.js:791
[  468818ms] [LOG] [Fast Refresh] done in 77ms @ http://localhost:3000/_next/static/chunks/node_modules_next_dist_1e8vcs8._.js:791
[  468881ms] [LOG] [Fast Refresh] done in 77ms @ http://localhost:3000/_next/static/chunks/node_modules_next_dist_1e8vcs8._.js:791
[  468943ms] [LOG] [Fast Refresh] done in 77ms @ http://localhost:3000/_next/static/chunks/node_modules_next_dist_1e8vcs8._.js:791
[  469004ms] [LOG] [Fast Refresh] done in 77ms @ http://localhost:3000/_next/static/chunks/node_modules_next_dist_1e8vcs8._.js:791
[  469067ms] [LOG] [Fast Refresh] done in 77ms @ http://localhost:3000/_next/static/chunks/node_modules_next_dist_1e8vcs8._.js:791
[  469129ms] [LOG] [Fast Refresh] done in 77ms @ http://localhost:3000/_next/static/chunks/node_modules_next_dist_1e8vcs8._.js:791
[  469191ms] [LOG] [Fast Refresh] done in 77ms @ http://localhost:3000/_next/static/chunks/node_modules_next_dist_1e8vcs8._.js:791
[  469254ms] [LOG] [Fast Refresh] done in 77ms @ http://localhost:3000/_next/static/chunks/node_modules_next_dist_1e8vcs8._.js:791
[  469315ms] [LOG] [Fast Refresh] done in 77ms @ http://localhost:3000/_next/static/chunks/node_modules_next_dist_1e8vcs8._.js:791
[  469377ms] [LOG] [Fast Refresh] done in 77ms @ http://localhost:3000/_next/static/chunks/node_modules_next_dist_1e8vcs8._.js:791
[  469440ms] [LOG] [Fast Refresh] done in 77ms @ http://localhost:3000/_next/static/chunks/node_modules_next_dist_1e8vcs8._.js:791
[  469501ms] [LOG] [Fast Refresh] done in 77ms @ http://localhost:3000/_next/static/chunks/node_modules_next_dist_1e8vcs8._.js:791
[  469564ms] [LOG] [Fast Refresh] done in 77ms @ http://localhost:3000/_next/static/chunks/node_modules_next_dist_1e8vcs8._.js:791
[  469625ms] [LOG] [Fast Refresh] done in 77ms @ http://localhost:3000/_next/static/chunks/node_modules_next_dist_1e8vcs8._.js:791
[  469687ms] [LOG] [Fast Refresh] done in 77ms @ http://localhost:3000/_next/static/chunks/node_modules_next_dist_1e8vcs8._.js:791
[  469749ms] [LOG] [Fast Refresh] done in 77ms @ http://localhost:3000/_next/static/chunks/node_modules_next_dist_1e8vcs8._.js:791
[  469796ms] [LOG] [Fast Refresh] done in 77ms @ http://localhost:3000/_next/static/chunks/node_modules_next_dist_1e8vcs8._.js:791
[  469859ms] [LOG] [Fast Refresh] done in 77ms @ http://localhost:3000/_next/static/chunks/node_modules_next_dist_1e8vcs8._.js:791
[  469921ms] [LOG] [Fast Refresh] done in 77ms @ http://localhost:3000/_next/static/chunks/node_modules_next_dist_1e8vcs8._.js:791
[  469984ms] [LOG] [Fast Refresh] done in 77ms @ http://localhost:3000/_next/static/chunks/node_modules_next_dist_1e8vcs8._.js:791
[  470046ms] [LOG] [Fast Refresh] done in 77ms @ http://localhost:3000/_next/static/chunks/node_modules_next_dist_1e8vcs8._.js:791
[  470109ms] [LOG] [Fast Refresh] done in 77ms @ http://localhost:3000/_next/static/chunks/node_modules_next_dist_1e8vcs8._.js:791
[  470170ms] [LOG] [Fast Refresh] done in 77ms @ http://localhost:3000/_next/static/chunks/node_modules_next_dist_1e8vcs8._.js:791
[  470232ms] [LOG] [Fast Refresh] done in 77ms @ http://localhost:3000/_next/static/chunks/node_modules_next_dist_1e8vcs8._.js:791
[  470295ms] [LOG] [Fast Refresh] done in 77ms @ http://localhost:3000/_next/static/chunks/node_modules_next_dist_1e8vcs8._.js:791
[  470357ms] [LOG] [Fast Refresh] done in 77ms @ http://localhost:3000/_next/static/chunks/node_modules_next_dist_1e8vcs8._.js:791
[  470419ms] [LOG] [Fast Refresh] done in 77ms @ http://localhost:3000/_next/static/chunks/node_modules_next_dist_1e8vcs8._.js:791
[  470483ms] [LOG] [Fast Refresh] done in 77ms @ http://localhost:3000/_next/static/chunks/node_modules_next_dist_1e8vcs8._.js:791
[  470545ms] [LOG] [Fast Refresh] done in 77ms @ http://localhost:3000/_next/static/chunks/node_modules_next_dist_1e8vcs8._.js:791
[  470607ms] [LOG] [Fast Refresh] done in 77ms @ http://localhost:3000/_next/static/chunks/node_modules_next_dist_1e8vcs8._.js:791
[  470669ms] [LOG] [Fast Refresh] done in 77ms @ http://localhost:3000/_next/static/chunks/node_modules_next_dist_1e8vcs8._.js:791
[  470731ms] [LOG] [Fast Refresh] done in 77ms @ http://localhost:3000/_next/static/chunks/node_modules_next_dist_1e8vcs8._.js:791
[  470778ms] [LOG] [Fast Refresh] done in 77ms @ http://localhost:3000/_next/static/chunks/node_modules_next_dist_1e8vcs8._.js:791
[  470841ms] [LOG] [Fast Refresh] done in 77ms @ http://localhost:3000/_next/static/chunks/node_modules_next_dist_1e8vcs8._.js:791
[  470902ms] [LOG] [Fast Refresh] done in 77ms @ http://localhost:3000/_next/static/chunks/node_modules_next_dist_1e8vcs8._.js:791
[  470965ms] [LOG] [Fast Refresh] done in 77ms @ http://localhost:3000/_next/static/chunks/node_modules_next_dist_1e8vcs8._.js:791
[  471027ms] [LOG] [Fast Refresh] done in 77ms @ http://localhost:3000/_next/static/chunks/node_modules_next_dist_1e8vcs8._.js:791
[  471089ms] [LOG] [Fast Refresh] done in 77ms @ http://localhost:3000/_next/static/chunks/node_modules_next_dist_1e8vcs8._.js:791
[  471151ms] [LOG] [Fast Refresh] done in 77ms @ http://localhost:3000/_next/static/chunks/node_modules_next_dist_1e8vcs8._.js:791
[  471213ms] [LOG] [Fast Refresh] done in 77ms @ http://localhost:3000/_next/static/chunks/node_modules_next_dist_1e8vcs8._.js:791
[  471276ms] [LOG] [Fast Refresh] done in 77ms @ http://localhost:3000/_next/static/chunks/node_modules_next_dist_1e8vcs8._.js:791
[  471337ms] [LOG] [Fast Refresh] done in 77ms @ http://localhost:3000/_next/static/chunks/node_modules_next_dist_1e8vcs8._.js:791
[  471398ms] [LOG] [Fast Refresh] done in 77ms @ http://localhost:3000/_next/static/chunks/node_modules_next_dist_1e8vcs8._.js:791
[  471461ms] [LOG] [Fast Refresh] done in 77ms @ http://localhost:3000/_next/static/chunks/node_modules_next_dist_1e8vcs8._.js:791
[  471523ms] [LOG] [Fast Refresh] done in 77ms @ http://localhost:3000/_next/static/chunks/node_modules_next_dist_1e8vcs8._.js:791
[  471585ms] [LOG] [Fast Refresh] done in 77ms @ http://localhost:3000/_next/static/chunks/node_modules_next_dist_1e8vcs8._.js:791
[  471646ms] [LOG] [Fast Refresh] done in 77ms @ http://localhost:3000/_next/static/chunks/node_modules_next_dist_1e8vcs8._.js:791
[  471708ms] [LOG] [Fast Refresh] done in 77ms @ http://localhost:3000/_next/static/chunks/node_modules_next_dist_1e8vcs8._.js:791
[  471770ms] [LOG] [Fast Refresh] done in 77ms @ http://localhost:3000/_next/static/chunks/node_modules_next_dist_1e8vcs8._.js:791
[  471832ms] [LOG] [Fast Refresh] done in 77ms @ http://localhost:3000/_next/static/chunks/node_modules_next_dist_1e8vcs8._.js:791
[  471895ms] [LOG] [Fast Refresh] done in 77ms @ http://localhost:3000/_next/static/chunks/node_modules_next_dist_1e8vcs8._.js:791
[  471957ms] [LOG] [Fast Refresh] done in 77ms @ http://localhost:3000/_next/static/chunks/node_modules_next_dist_1e8vcs8._.js:791
[  472020ms] [LOG] [Fast Refresh] done in 77ms @ http://localhost:3000/_next/static/chunks/node_modules_next_dist_1e8vcs8._.js:791
[  472080ms] [LOG] [Fast Refresh] done in 77ms @ http://localhost:3000/_next/static/chunks/node_modules_next_dist_1e8vcs8._.js:791
[  472143ms] [LOG] [Fast Refresh] done in 77ms @ http://localhost:3000/_next/static/chunks/node_modules_next_dist_1e8vcs8._.js:791
[  472206ms] [LOG] [Fast Refresh] done in 77ms @ http://localhost:3000/_next/static/chunks/node_modules_next_dist_1e8vcs8._.js:791
[  472269ms] [LOG] [Fast Refresh] done in 77ms @ http://localhost:3000/_next/static/chunks/node_modules_next_dist_1e8vcs8._.js:791
[  472327ms] [LOG] [Fast Refresh] done in 77ms @ http://localhost:3000/_next/static/chunks/node_modules_next_dist_1e8vcs8._.js:791
[  472390ms] [LOG] [Fast Refresh] done in 77ms @ http://localhost:3000/_next/static/chunks/node_modules_next_dist_1e8vcs8._.js:791
[  472450ms] [LOG] [Fast Refresh] done in 77ms @ http://localhost:3000/_next/static/chunks/node_modules_next_dist_1e8vcs8._.js:791
[  472506ms] [LOG] [Fast Refresh] done in 77ms @ http://localhost:3000/_next/static/chunks/node_modules_next_dist_1e8vcs8._.js:791
[  472569ms] [LOG] [Fast Refresh] done in 77ms @ http://localhost:3000/_next/static/chunks/node_modules_next_dist_1e8vcs8._.js:791
[  472632ms] [LOG] [Fast Refresh] done in 77ms @ http://localhost:3000/_next/static/chunks/node_modules_next_dist_1e8vcs8._.js:791
[  472697ms] [LOG] [Fast Refresh] done in 77ms @ http://localhost:3000/_next/static/chunks/node_modules_next_dist_1e8vcs8._.js:791
[  472759ms] [LOG] [Fast Refresh] done in 77ms @ http://localhost:3000/_next/static/chunks/node_modules_next_dist_1e8vcs8._.js:791
[  472820ms] [LOG] [Fast Refresh] done in 77ms @ http://localhost:3000/_next/static/chunks/node_modules_next_dist_1e8vcs8._.js:791
[  472883ms] [LOG] [Fast Refresh] done in 77ms @ http://localhost:3000/_next/static/chunks/node_modules_next_dist_1e8vcs8._.js:791
[  472946ms] [LOG] [Fast Refresh] done in 77ms @ http://localhost:3000/_next/static/chunks/node_modules_next_dist_1e8vcs8._.js:791
[  473008ms] [LOG] [Fast Refresh] done in 77ms @ http://localhost:3000/_next/static/chunks/node_modules_next_dist_1e8vcs8._.js:791
[  473070ms] [LOG] [Fast Refresh] done in 77ms @ http://localhost:3000/_next/static/chunks/node_modules_next_dist_1e8vcs8._.js:791
[  473133ms] [LOG] [Fast Refresh] done in 77ms @ http://localhost:3000/_next/static/chunks/node_modules_next_dist_1e8vcs8._.js:791
[  473196ms] [LOG] [Fast Refresh] done in 77ms @ http://localhost:3000/_next/static/chunks/node_modules_next_dist_1e8vcs8._.js:791
[  473259ms] [LOG] [Fast Refresh] done in 77ms @ http://localhost:3000/_next/static/chunks/node_modules_next_dist_1e8vcs8._.js:791
[  473322ms] [LOG] [Fast Refresh] done in 77ms @ http://localhost:3000/_next/static/chunks/node_modules_next_dist_1e8vcs8._.js:791
[  473385ms] [LOG] [Fast Refresh] done in 77ms @ http://localhost:3000/_next/static/chunks/node_modules_next_dist_1e8vcs8._.js:791
[  473449ms] [LOG] [Fast Refresh] done in 77ms @ http://localhost:3000/_next/static/chunks/node_modules_next_dist_1e8vcs8._.js:791
[  473512ms] [LOG] [Fast Refresh] done in 77ms @ http://localhost:3000/_next/static/chunks/node_modules_next_dist_1e8vcs8._.js:791
[  473573ms] [LOG] [Fast Refresh] done in 77ms @ http://localhost:3000/_next/static/chunks/node_modules_next_dist_1e8vcs8._.js:791
[  473639ms] [LOG] [Fast Refresh] done in 77ms @ http://localhost:3000/_next/static/chunks/node_modules_next_dist_1e8vcs8._.js:791
[  473698ms] [LOG] [Fast Refresh] done in 77ms @ http://localhost:3000/_next/static/chunks/node_modules_next_dist_1e8vcs8._.js:791
[  473761ms] [LOG] [Fast Refresh] done in 77ms @ http://localhost:3000/_next/static/chunks/node_modules_next_dist_1e8vcs8._.js:791
[  473824ms] [LOG] [Fast Refresh] done in 77ms @ http://localhost:3000/_next/static/chunks/node_modules_next_dist_1e8vcs8._.js:791
[  473888ms] [LOG] [Fast Refresh] done in 77ms @ http://localhost:3000/_next/static/chunks/node_modules_next_dist_1e8vcs8._.js:791
[  473949ms] [LOG] [Fast Refresh] done in 77ms @ http://localhost:3000/_next/static/chunks/node_modules_next_dist_1e8vcs8._.js:791
[  474011ms] [LOG] [Fast Refresh] done in 77ms @ http://localhost:3000/_next/static/chunks/node_modules_next_dist_1e8vcs8._.js:791
[  474074ms] [LOG] [Fast Refresh] done in 77ms @ http://localhost:3000/_next/static/chunks/node_modules_next_dist_1e8vcs8._.js:791
[  474137ms] [LOG] [Fast Refresh] done in 77ms @ http://localhost:3000/_next/static/chunks/node_modules_next_dist_1e8vcs8._.js:791
[  474199ms] [LOG] [Fast Refresh] done in 77ms @ http://localhost:3000/_next/static/chunks/node_modules_next_dist_1e8vcs8._.js:791
[  474261ms] [LOG] [Fast Refresh] done in 77ms @ http://localhost:3000/_next/static/chunks/node_modules_next_dist_1e8vcs8._.js:791
[  474322ms] [LOG] [Fast Refresh] done in 77ms @ http://localhost:3000/_next/static/chunks/node_modules_next_dist_1e8vcs8._.js:791
[  474385ms] [LOG] [Fast Refresh] done in 77ms @ http://localhost:3000/_next/static/chunks/node_modules_next_dist_1e8vcs8._.js:791
[  474447ms] [LOG] [Fast Refresh] done in 77ms @ http://localhost:3000/_next/static/chunks/node_modules_next_dist_1e8vcs8._.js:791
[  474509ms] [LOG] [Fast Refresh] done in 77ms @ http://localhost:3000/_next/static/chunks/node_modules_next_dist_1e8vcs8._.js:791
[  474571ms] [LOG] [Fast Refresh] done in 77ms @ http://localhost:3000/_next/static/chunks/node_modules_next_dist_1e8vcs8._.js:791
[  474635ms] [LOG] [Fast Refresh] done in 77ms @ http://localhost:3000/_next/static/chunks/node_modules_next_dist_1e8vcs8._.js:791
[  474698ms] [LOG] [Fast Refresh] done in 77ms @ http://localhost:3000/_next/static/chunks/node_modules_next_dist_1e8vcs8._.js:791
[  474759ms] [LOG] [Fast Refresh] done in 77ms @ http://localhost:3000/_next/static/chunks/node_modules_next_dist_1e8vcs8._.js:791
[  474820ms] [LOG] [Fast Refresh] done in 77ms @ http://localhost:3000/_next/static/chunks/node_modules_next_dist_1e8vcs8._.js:791
[  474924ms] [LOG] [Fast Refresh] done in 77ms @ http://localhost:3000/_next/static/chunks/node_modules_next_dist_1e8vcs8._.js:791
[  474983ms] [LOG] [Fast Refresh] done in 77ms @ http://localhost:3000/_next/static/chunks/node_modules_next_dist_1e8vcs8._.js:791
[  475040ms] [LOG] [Fast Refresh] done in 77ms @ http://localhost:3000/_next/static/chunks/node_modules_next_dist_1e8vcs8._.js:791
[  475101ms] [LOG] [Fast Refresh] done in 77ms @ http://localhost:3000/_next/static/chunks/node_modules_next_dist_1e8vcs8._.js:791
[  475162ms] [LOG] [Fast Refresh] done in 77ms @ http://localhost:3000/_next/static/chunks/node_modules_next_dist_1e8vcs8._.js:791
[  475224ms] [LOG] [Fast Refresh] done in 77ms @ http://localhost:3000/_next/static/chunks/node_modules_next_dist_1e8vcs8._.js:791
[  475285ms] [LOG] [Fast Refresh] done in 77ms @ http://localhost:3000/_next/static/chunks/node_modules_next_dist_1e8vcs8._.js:791
[  475348ms] [LOG] [Fast Refresh] done in 77ms @ http://localhost:3000/_next/static/chunks/node_modules_next_dist_1e8vcs8._.js:791
[  475410ms] [LOG] [Fast Refresh] done in 77ms @ http://localhost:3000/_next/static/chunks/node_modules_next_dist_1e8vcs8._.js:791
[  475474ms] [LOG] [Fast Refresh] done in 77ms @ http://localhost:3000/_next/static/chunks/node_modules_next_dist_1e8vcs8._.js:791
[  475535ms] [LOG] [Fast Refresh] done in 77ms @ http://localhost:3000/_next/static/chunks/node_modules_next_dist_1e8vcs8._.js:791
[  475598ms] [LOG] [Fast Refresh] done in 77ms @ http://localhost:3000/_next/static/chunks/node_modules_next_dist_1e8vcs8._.js:791
[  475660ms] [LOG] [Fast Refresh] done in 77ms @ http://localhost:3000/_next/static/chunks/node_modules_next_dist_1e8vcs8._.js:791
[  475723ms] [LOG] [Fast Refresh] done in 77ms @ http://localhost:3000/_next/static/chunks/node_modules_next_dist_1e8vcs8._.js:791
[  475786ms] [LOG] [Fast Refresh] done in 77ms @ http://localhost:3000/_next/static/chunks/node_modules_next_dist_1e8vcs8._.js:791
[  475848ms] [LOG] [Fast Refresh] done in 77ms @ http://localhost:3000/_next/static/chunks/node_modules_next_dist_1e8vcs8._.js:791
[  475910ms] [LOG] [Fast Refresh] done in 77ms @ http://localhost:3000/_next/static/chunks/node_modules_next_dist_1e8vcs8._.js:791
[  475973ms] [LOG] [Fast Refresh] done in 77ms @ http://localhost:3000/_next/static/chunks/node_modules_next_dist_1e8vcs8._.js:791
[  476035ms] [LOG] [Fast Refresh] done in 77ms @ http://localhost:3000/_next/static/chunks/node_modules_next_dist_1e8vcs8._.js:791
[  476096ms] [LOG] [Fast Refresh] done in 77ms @ http://localhost:3000/_next/static/chunks/node_modules_next_dist_1e8vcs8._.js:791
[  476159ms] [LOG] [Fast Refresh] done in 77ms @ http://localhost:3000/_next/static/chunks/node_modules_next_dist_1e8vcs8._.js:791
[  476222ms] [LOG] [Fast Refresh] done in 77ms @ http://localhost:3000/_next/static/chunks/node_modules_next_dist_1e8vcs8._.js:791
[  476283ms] [LOG] [Fast Refresh] done in 77ms @ http://localhost:3000/_next/static/chunks/node_modules_next_dist_1e8vcs8._.js:791
[  476346ms] [LOG] [Fast Refresh] done in 77ms @ http://localhost:3000/_next/static/chunks/node_modules_next_dist_1e8vcs8._.js:791
[  476408ms] [LOG] [Fast Refresh] done in 77ms @ http://localhost:3000/_next/static/chunks/node_modules_next_dist_1e8vcs8._.js:791
[  476469ms] [LOG] [Fast Refresh] done in 77ms @ http://localhost:3000/_next/static/chunks/node_modules_next_dist_1e8vcs8._.js:791
[  476532ms] [LOG] [Fast Refresh] done in 77ms @ http://localhost:3000/_next/static/chunks/node_modules_next_dist_1e8vcs8._.js:791
[  476595ms] [LOG] [Fast Refresh] done in 77ms @ http://localhost:3000/_next/static/chunks/node_modules_next_dist_1e8vcs8._.js:791
[  476648ms] [LOG] [Fast Refresh] done in 77ms @ http://localhost:3000/_next/static/chunks/node_modules_next_dist_1e8vcs8._.js:791
[  476710ms] [LOG] [Fast Refresh] done in 77ms @ http://localhost:3000/_next/static/chunks/node_modules_next_dist_1e8vcs8._.js:791
[  476757ms] [LOG] [Fast Refresh] done in 77ms @ http://localhost:3000/_next/static/chunks/node_modules_next_dist_1e8vcs8._.js:791
[  476819ms] [LOG] [Fast Refresh] done in 77ms @ http://localhost:3000/_next/static/chunks/node_modules_next_dist_1e8vcs8._.js:791
[  476883ms] [LOG] [Fast Refresh] done in 77ms @ http://localhost:3000/_next/static/chunks/node_modules_next_dist_1e8vcs8._.js:791
[  476945ms] [LOG] [Fast Refresh] done in 77ms @ http://localhost:3000/_next/static/chunks/node_modules_next_dist_1e8vcs8._.js:791
[  477007ms] [LOG] [Fast Refresh] done in 77ms @ http://localhost:3000/_next/static/chunks/node_modules_next_dist_1e8vcs8._.js:791
[  477070ms] [LOG] [Fast Refresh] done in 77ms @ http://localhost:3000/_next/static/chunks/node_modules_next_dist_1e8vcs8._.js:791
[  477132ms] [LOG] [Fast Refresh] done in 77ms @ http://localhost:3000/_next/static/chunks/node_modules_next_dist_1e8vcs8._.js:791
[  477188ms] [LOG] [Fast Refresh] done in 77ms @ http://localhost:3000/_next/static/chunks/node_modules_next_dist_1e8vcs8._.js:791
[  477250ms] [LOG] [Fast Refresh] done in 77ms @ http://localhost:3000/_next/static/chunks/node_modules_next_dist_1e8vcs8._.js:791
[  477312ms] [LOG] [Fast Refresh] done in 77ms @ http://localhost:3000/_next/static/chunks/node_modules_next_dist_1e8vcs8._.js:791
[  477374ms] [LOG] [Fast Refresh] done in 77ms @ http://localhost:3000/_next/static/chunks/node_modules_next_dist_1e8vcs8._.js:791
[  477437ms] [LOG] [Fast Refresh] done in 77ms @ http://localhost:3000/_next/static/chunks/node_modules_next_dist_1e8vcs8._.js:791
[  477499ms] [LOG] [Fast Refresh] done in 77ms @ http://localhost:3000/_next/static/chunks/node_modules_next_dist_1e8vcs8._.js:791
[  477563ms] [LOG] [Fast Refresh] done in 77ms @ http://localhost:3000/_next/static/chunks/node_modules_next_dist_1e8vcs8._.js:791
[  477625ms] [LOG] [Fast Refresh] done in 77ms @ http://localhost:3000/_next/static/chunks/node_modules_next_dist_1e8vcs8._.js:791
[  477687ms] [LOG] [Fast Refresh] done in 77ms @ http://localhost:3000/_next/static/chunks/node_modules_next_dist_1e8vcs8._.js:791
[  477752ms] [LOG] [Fast Refresh] done in 77ms @ http://localhost:3000/_next/static/chunks/node_modules_next_dist_1e8vcs8._.js:791
[  477816ms] [LOG] [Fast Refresh] done in 77ms @ http://localhost:3000/_next/static/chunks/node_modules_next_dist_1e8vcs8._.js:791
[  477878ms] [LOG] [Fast Refresh] done in 77ms @ http://localhost:3000/_next/static/chunks/node_modules_next_dist_1e8vcs8._.js:791
[  477942ms] [LOG] [Fast Refresh] done in 77ms @ http://localhost:3000/_next/static/chunks/node_modules_next_dist_1e8vcs8._.js:791
[  478005ms] [LOG] [Fast Refresh] done in 77ms @ http://localhost:3000/_next/static/chunks/node_modules_next_dist_1e8vcs8._.js:791
[  478067ms] [LOG] [Fast Refresh] done in 77ms @ http://localhost:3000/_next/static/chunks/node_modules_next_dist_1e8vcs8._.js:791
[  478129ms] [LOG] [Fast Refresh] done in 77ms @ http://localhost:3000/_next/static/chunks/node_modules_next_dist_1e8vcs8._.js:791
[  478191ms] [LOG] [Fast Refresh] done in 77ms @ http://localhost:3000/_next/static/chunks/node_modules_next_dist_1e8vcs8._.js:791
[  478254ms] [LOG] [Fast Refresh] done in 77ms @ http://localhost:3000/_next/static/chunks/node_modules_next_dist_1e8vcs8._.js:791
[  478316ms] [LOG] [Fast Refresh] done in 77ms @ http://localhost:3000/_next/static/chunks/node_modules_next_dist_1e8vcs8._.js:791
[  478378ms] [LOG] [Fast Refresh] done in 77ms @ http://localhost:3000/_next/static/chunks/node_modules_next_dist_1e8vcs8._.js:791
[  478442ms] [LOG] [Fast Refresh] done in 77ms @ http://localhost:3000/_next/static/chunks/node_modules_next_dist_1e8vcs8._.js:791
[  478496ms] [LOG] [Fast Refresh] done in 77ms @ http://localhost:3000/_next/static/chunks/node_modules_next_dist_1e8vcs8._.js:791
[  478557ms] [LOG] [Fast Refresh] done in 77ms @ http://localhost:3000/_next/static/chunks/node_modules_next_dist_1e8vcs8._.js:791
[  478616ms] [LOG] [Fast Refresh] done in 77ms @ http://localhost:3000/_next/static/chunks/node_modules_next_dist_1e8vcs8._.js:791
[  478680ms] [LOG] [Fast Refresh] done in 77ms @ http://localhost:3000/_next/static/chunks/node_modules_next_dist_1e8vcs8._.js:791
[  478740ms] [LOG] [Fast Refresh] done in 77ms @ http://localhost:3000/_next/static/chunks/node_modules_next_dist_1e8vcs8._.js:791
[  478803ms] [LOG] [Fast Refresh] done in 77ms @ http://localhost:3000/_next/static/chunks/node_modules_next_dist_1e8vcs8._.js:791
[  478864ms] [LOG] [Fast Refresh] done in 77ms @ http://localhost:3000/_next/static/chunks/node_modules_next_dist_1e8vcs8._.js:791
[  478921ms] [LOG] [Fast Refresh] done in 77ms @ http://localhost:3000/_next/static/chunks/node_modules_next_dist_1e8vcs8._.js:791
[  478983ms] [LOG] [Fast Refresh] done in 77ms @ http://localhost:3000/_next/static/chunks/node_modules_next_dist_1e8vcs8._.js:791
[  479039ms] [LOG] [Fast Refresh] done in 77ms @ http://localhost:3000/_next/static/chunks/node_modules_next_dist_1e8vcs8._.js:791
[  479101ms] [LOG] [Fast Refresh] done in 77ms @ http://localhost:3000/_next/static/chunks/node_modules_next_dist_1e8vcs8._.js:791
[  479162ms] [LOG] [Fast Refresh] done in 77ms @ http://localhost:3000/_next/static/chunks/node_modules_next_dist_1e8vcs8._.js:791
[  479225ms] [LOG] [Fast Refresh] done in 77ms @ http://localhost:3000/_next/static/chunks/node_modules_next_dist_1e8vcs8._.js:791
[  479287ms] [LOG] [Fast Refresh] done in 77ms @ http://localhost:3000/_next/static/chunks/node_modules_next_dist_1e8vcs8._.js:791
[  479349ms] [LOG] [Fast Refresh] done in 77ms @ http://localhost:3000/_next/static/chunks/node_modules_next_dist_1e8vcs8._.js:791
[  479411ms] [LOG] [Fast Refresh] done in 77ms @ http://localhost:3000/_next/static/chunks/node_modules_next_dist_1e8vcs8._.js:791
[  479473ms] [LOG] [Fast Refresh] done in 77ms @ http://localhost:3000/_next/static/chunks/node_modules_next_dist_1e8vcs8._.js:791
[  479536ms] [LOG] [Fast Refresh] done in 77ms @ http://localhost:3000/_next/static/chunks/node_modules_next_dist_1e8vcs8._.js:791
[  479596ms] [LOG] [Fast Refresh] done in 77ms @ http://localhost:3000/_next/static/chunks/node_modules_next_dist_1e8vcs8._.js:791
[  479659ms] [LOG] [Fast Refresh] done in 77ms @ http://localhost:3000/_next/static/chunks/node_modules_next_dist_1e8vcs8._.js:791
[  479721ms] [LOG] [Fast Refresh] done in 77ms @ http://localhost:3000/_next/static/chunks/node_modules_next_dist_1e8vcs8._.js:791
[  479783ms] [LOG] [Fast Refresh] done in 77ms @ http://localhost:3000/_next/static/chunks/node_modules_next_dist_1e8vcs8._.js:791
[  479845ms] [LOG] [Fast Refresh] done in 77ms @ http://localhost:3000/_next/static/chunks/node_modules_next_dist_1e8vcs8._.js:791
[  479908ms] [LOG] [Fast Refresh] done in 77ms @ http://localhost:3000/_next/static/chunks/node_modules_next_dist_1e8vcs8._.js:791
[  479971ms] [LOG] [Fast Refresh] done in 77ms @ http://localhost:3000/_next/static/chunks/node_modules_next_dist_1e8vcs8._.js:791
[  480032ms] [LOG] [Fast Refresh] done in 77ms @ http://localhost:3000/_next/static/chunks/node_modules_next_dist_1e8vcs8._.js:791
[  480093ms] [LOG] [Fast Refresh] done in 77ms @ http://localhost:3000/_next/static/chunks/node_modules_next_dist_1e8vcs8._.js:791
[  480156ms] [LOG] [Fast Refresh] done in 77ms @ http://localhost:3000/_next/static/chunks/node_modules_next_dist_1e8vcs8._.js:791
[  480219ms] [LOG] [Fast Refresh] done in 77ms @ http://localhost:3000/_next/static/chunks/node_modules_next_dist_1e8vcs8._.js:791
[  480283ms] [LOG] [Fast Refresh] done in 77ms @ http://localhost:3000/_next/static/chunks/node_modules_next_dist_1e8vcs8._.js:791
[  480345ms] [LOG] [Fast Refresh] done in 77ms @ http://localhost:3000/_next/static/chunks/node_modules_next_dist_1e8vcs8._.js:791
[  480406ms] [LOG] [Fast Refresh] done in 77ms @ http://localhost:3000/_next/static/chunks/node_modules_next_dist_1e8vcs8._.js:791
[  480468ms] [LOG] [Fast Refresh] done in 77ms @ http://localhost:3000/_next/static/chunks/node_modules_next_dist_1e8vcs8._.js:791
[  480530ms] [LOG] [Fast Refresh] done in 77ms @ http://localhost:3000/_next/static/chunks/node_modules_next_dist_1e8vcs8._.js:791
[  480592ms] [LOG] [Fast Refresh] done in 77ms @ http://localhost:3000/_next/static/chunks/node_modules_next_dist_1e8vcs8._.js:791
[  480648ms] [LOG] [Fast Refresh] done in 77ms @ http://localhost:3000/_next/static/chunks/node_modules_next_dist_1e8vcs8._.js:791
[  480711ms] [LOG] [Fast Refresh] done in 77ms @ http://localhost:3000/_next/static/chunks/node_modules_next_dist_1e8vcs8._.js:791
[  480774ms] [LOG] [Fast Refresh] done in 77ms @ http://localhost:3000/_next/static/chunks/node_modules_next_dist_1e8vcs8._.js:791
[  480837ms] [LOG] [Fast Refresh] done in 77ms @ http://localhost:3000/_next/static/chunks/node_modules_next_dist_1e8vcs8._.js:791
[  480898ms] [LOG] [Fast Refresh] done in 77ms @ http://localhost:3000/_next/static/chunks/node_modules_next_dist_1e8vcs8._.js:791
[  480960ms] [LOG] [Fast Refresh] done in 77ms @ http://localhost:3000/_next/static/chunks/node_modules_next_dist_1e8vcs8._.js:791
[  481022ms] [LOG] [Fast Refresh] done in 77ms @ http://localhost:3000/_next/static/chunks/node_modules_next_dist_1e8vcs8._.js:791
[  481083ms] [LOG] [Fast Refresh] done in 77ms @ http://localhost:3000/_next/static/chunks/node_modules_next_dist_1e8vcs8._.js:791
[  481145ms] [LOG] [Fast Refresh] done in 77ms @ http://localhost:3000/_next/static/chunks/node_modules_next_dist_1e8vcs8._.js:791
[  481207ms] [LOG] [Fast Refresh] done in 77ms @ http://localhost:3000/_next/static/chunks/node_modules_next_dist_1e8vcs8._.js:791
[  481258ms] [LOG] [Fast Refresh] done in 77ms @ http://localhost:3000/_next/static/chunks/node_modules_next_dist_1e8vcs8._.js:791
[  481320ms] [LOG] [Fast Refresh] done in 77ms @ http://localhost:3000/_next/static/chunks/node_modules_next_dist_1e8vcs8._.js:791
[  481383ms] [LOG] [Fast Refresh] done in 77ms @ http://localhost:3000/_next/static/chunks/node_modules_next_dist_1e8vcs8._.js:791
[  481444ms] [LOG] [Fast Refresh] done in 77ms @ http://localhost:3000/_next/static/chunks/node_modules_next_dist_1e8vcs8._.js:791
[  481492ms] [LOG] [Fast Refresh] done in 77ms @ http://localhost:3000/_next/static/chunks/node_modules_next_dist_1e8vcs8._.js:791
[  481554ms] [LOG] [Fast Refresh] done in 77ms @ http://localhost:3000/_next/static/chunks/node_modules_next_dist_1e8vcs8._.js:791
[  481617ms] [LOG] [Fast Refresh] done in 77ms @ http://localhost:3000/_next/static/chunks/node_modules_next_dist_1e8vcs8._.js:791
[  481680ms] [LOG] [Fast Refresh] done in 77ms @ http://localhost:3000/_next/static/chunks/node_modules_next_dist_1e8vcs8._.js:791
[  481742ms] [LOG] [Fast Refresh] done in 77ms @ http://localhost:3000/_next/static/chunks/node_modules_next_dist_1e8vcs8._.js:791
[  481800ms] [LOG] [Fast Refresh] done in 77ms @ http://localhost:3000/_next/static/chunks/node_modules_next_dist_1e8vcs8._.js:791
[  481863ms] [LOG] [Fast Refresh] done in 77ms @ http://localhost:3000/_next/static/chunks/node_modules_next_dist_1e8vcs8._.js:791
[  481925ms] [LOG] [Fast Refresh] done in 77ms @ http://localhost:3000/_next/static/chunks/node_modules_next_dist_1e8vcs8._.js:791
[  481987ms] [LOG] [Fast Refresh] done in 77ms @ http://localhost:3000/_next/static/chunks/node_modules_next_dist_1e8vcs8._.js:791
[  482050ms] [LOG] [Fast Refresh] done in 77ms @ http://localhost:3000/_next/static/chunks/node_modules_next_dist_1e8vcs8._.js:791
[  482113ms] [LOG] [Fast Refresh] done in 77ms @ http://localhost:3000/_next/static/chunks/node_modules_next_dist_1e8vcs8._.js:791
[  482176ms] [LOG] [Fast Refresh] done in 77ms @ http://localhost:3000/_next/static/chunks/node_modules_next_dist_1e8vcs8._.js:791
[  482240ms] [LOG] [Fast Refresh] done in 77ms @ http://localhost:3000/_next/static/chunks/node_modules_next_dist_1e8vcs8._.js:791
[  482300ms] [LOG] [Fast Refresh] done in 77ms @ http://localhost:3000/_next/static/chunks/node_modules_next_dist_1e8vcs8._.js:791
[  482361ms] [LOG] [Fast Refresh] done in 77ms @ http://localhost:3000/_next/static/chunks/node_modules_next_dist_1e8vcs8._.js:791
[  482425ms] [LOG] [Fast Refresh] done in 77ms @ http://localhost:3000/_next/static/chunks/node_modules_next_dist_1e8vcs8._.js:791
[  482487ms] [LOG] [Fast Refresh] done in 77ms @ http://localhost:3000/_next/static/chunks/node_modules_next_dist_1e8vcs8._.js:791
[  482549ms] [LOG] [Fast Refresh] done in 77ms @ http://localhost:3000/_next/static/chunks/node_modules_next_dist_1e8vcs8._.js:791
[  482611ms] [LOG] [Fast Refresh] done in 77ms @ http://localhost:3000/_next/static/chunks/node_modules_next_dist_1e8vcs8._.js:791
[  482669ms] [LOG] [Fast Refresh] done in 77ms @ http://localhost:3000/_next/static/chunks/node_modules_next_dist_1e8vcs8._.js:791
[  482731ms] [LOG] [Fast Refresh] done in 77ms @ http://localhost:3000/_next/static/chunks/node_modules_next_dist_1e8vcs8._.js:791
[  482795ms] [LOG] [Fast Refresh] done in 77ms @ http://localhost:3000/_next/static/chunks/node_modules_next_dist_1e8vcs8._.js:791
[  482859ms] [LOG] [Fast Refresh] done in 77ms @ http://localhost:3000/_next/static/chunks/node_modules_next_dist_1e8vcs8._.js:791
[  482921ms] [LOG] [Fast Refresh] done in 77ms @ http://localhost:3000/_next/static/chunks/node_modules_next_dist_1e8vcs8._.js:791
[  482987ms] [LOG] [Fast Refresh] done in 77ms @ http://localhost:3000/_next/static/chunks/node_modules_next_dist_1e8vcs8._.js:791
[  483048ms] [LOG] [Fast Refresh] done in 77ms @ http://localhost:3000/_next/static/chunks/node_modules_next_dist_1e8vcs8._.js:791
[  483114ms] [LOG] [Fast Refresh] done in 77ms @ http://localhost:3000/_next/static/chunks/node_modules_next_dist_1e8vcs8._.js:791
[  483176ms] [LOG] [Fast Refresh] done in 77ms @ http://localhost:3000/_next/static/chunks/node_modules_next_dist_1e8vcs8._.js:791
[  483239ms] [LOG] [Fast Refresh] done in 77ms @ http://localhost:3000/_next/static/chunks/node_modules_next_dist_1e8vcs8._.js:791
[  483301ms] [LOG] [Fast Refresh] done in 77ms @ http://localhost:3000/_next/static/chunks/node_modules_next_dist_1e8vcs8._.js:791
[  483365ms] [LOG] [Fast Refresh] done in 77ms @ http://localhost:3000/_next/static/chunks/node_modules_next_dist_1e8vcs8._.js:791
[  483429ms] [LOG] [Fast Refresh] done in 77ms @ http://localhost:3000/_next/static/chunks/node_modules_next_dist_1e8vcs8._.js:791
[  483493ms] [LOG] [Fast Refresh] done in 77ms @ http://localhost:3000/_next/static/chunks/node_modules_next_dist_1e8vcs8._.js:791
[  483553ms] [LOG] [Fast Refresh] done in 77ms @ http://localhost:3000/_next/static/chunks/node_modules_next_dist_1e8vcs8._.js:791
[  483614ms] [LOG] [Fast Refresh] done in 77ms @ http://localhost:3000/_next/static/chunks/node_modules_next_dist_1e8vcs8._.js:791
[  483677ms] [LOG] [Fast Refresh] done in 77ms @ http://localhost:3000/_next/static/chunks/node_modules_next_dist_1e8vcs8._.js:791
[  483742ms] [LOG] [Fast Refresh] done in 77ms @ http://localhost:3000/_next/static/chunks/node_modules_next_dist_1e8vcs8._.js:791
[  483811ms] [LOG] [Fast Refresh] done in 77ms @ http://localhost:3000/_next/static/chunks/node_modules_next_dist_1e8vcs8._.js:791
[  483868ms] [LOG] [Fast Refresh] done in 77ms @ http://localhost:3000/_next/static/chunks/node_modules_next_dist_1e8vcs8._.js:791
[  483927ms] [LOG] [Fast Refresh] done in 77ms @ http://localhost:3000/_next/static/chunks/node_modules_next_dist_1e8vcs8._.js:791
[  483981ms] [LOG] [Fast Refresh] done in 77ms @ http://localhost:3000/_next/static/chunks/node_modules_next_dist_1e8vcs8._.js:791
[  484042ms] [LOG] [Fast Refresh] done in 77ms @ http://localhost:3000/_next/static/chunks/node_modules_next_dist_1e8vcs8._.js:791
[  484103ms] [LOG] [Fast Refresh] done in 77ms @ http://localhost:3000/_next/static/chunks/node_modules_next_dist_1e8vcs8._.js:791
[  484157ms] [LOG] [Fast Refresh] done in 77ms @ http://localhost:3000/_next/static/chunks/node_modules_next_dist_1e8vcs8._.js:791
[  484220ms] [LOG] [Fast Refresh] done in 77ms @ http://localhost:3000/_next/static/chunks/node_modules_next_dist_1e8vcs8._.js:791
[  484281ms] [LOG] [Fast Refresh] done in 77ms @ http://localhost:3000/_next/static/chunks/node_modules_next_dist_1e8vcs8._.js:791
[  484344ms] [LOG] [Fast Refresh] done in 77ms @ http://localhost:3000/_next/static/chunks/node_modules_next_dist_1e8vcs8._.js:791
[  484407ms] [LOG] [Fast Refresh] done in 77ms @ http://localhost:3000/_next/static/chunks/node_modules_next_dist_1e8vcs8._.js:791
[  484469ms] [LOG] [Fast Refresh] done in 77ms @ http://localhost:3000/_next/static/chunks/node_modules_next_dist_1e8vcs8._.js:791
[  484532ms] [LOG] [Fast Refresh] done in 77ms @ http://localhost:3000/_next/static/chunks/node_modules_next_dist_1e8vcs8._.js:791
[  484580ms] [LOG] [Fast Refresh] done in 77ms @ http://localhost:3000/_next/static/chunks/node_modules_next_dist_1e8vcs8._.js:791
[  484642ms] [LOG] [Fast Refresh] done in 77ms @ http://localhost:3000/_next/static/chunks/node_modules_next_dist_1e8vcs8._.js:791
[  484704ms] [LOG] [Fast Refresh] done in 77ms @ http://localhost:3000/_next/static/chunks/node_modules_next_dist_1e8vcs8._.js:791
[  484755ms] [LOG] [Fast Refresh] done in 77ms @ http://localhost:3000/_next/static/chunks/node_modules_next_dist_1e8vcs8._.js:791
[  484817ms] [LOG] [Fast Refresh] done in 77ms @ http://localhost:3000/_next/static/chunks/node_modules_next_dist_1e8vcs8._.js:791
[  484880ms] [LOG] [Fast Refresh] done in 77ms @ http://localhost:3000/_next/static/chunks/node_modules_next_dist_1e8vcs8._.js:791
[  484942ms] [LOG] [Fast Refresh] done in 77ms @ http://localhost:3000/_next/static/chunks/node_modules_next_dist_1e8vcs8._.js:791
[  485004ms] [LOG] [Fast Refresh] done in 77ms @ http://localhost:3000/_next/static/chunks/node_modules_next_dist_1e8vcs8._.js:791
[  485065ms] [LOG] [Fast Refresh] done in 77ms @ http://localhost:3000/_next/static/chunks/node_modules_next_dist_1e8vcs8._.js:791
[  485128ms] [LOG] [Fast Refresh] done in 77ms @ http://localhost:3000/_next/static/chunks/node_modules_next_dist_1e8vcs8._.js:791
[  485190ms] [LOG] [Fast Refresh] done in 77ms @ http://localhost:3000/_next/static/chunks/node_modules_next_dist_1e8vcs8._.js:791
[  485252ms] [LOG] [Fast Refresh] done in 77ms @ http://localhost:3000/_next/static/chunks/node_modules_next_dist_1e8vcs8._.js:791
[  485315ms] [LOG] [Fast Refresh] done in 77ms @ http://localhost:3000/_next/static/chunks/node_modules_next_dist_1e8vcs8._.js:791
[  485376ms] [LOG] [Fast Refresh] done in 77ms @ http://localhost:3000/_next/static/chunks/node_modules_next_dist_1e8vcs8._.js:791
[  485439ms] [LOG] [Fast Refresh] done in 77ms @ http://localhost:3000/_next/static/chunks/node_modules_next_dist_1e8vcs8._.js:791
[  485501ms] [LOG] [Fast Refresh] done in 77ms @ http://localhost:3000/_next/static/chunks/node_modules_next_dist_1e8vcs8._.js:791
[  485562ms] [LOG] [Fast Refresh] done in 77ms @ http://localhost:3000/_next/static/chunks/node_modules_next_dist_1e8vcs8._.js:791
[  485625ms] [LOG] [Fast Refresh] done in 77ms @ http://localhost:3000/_next/static/chunks/node_modules_next_dist_1e8vcs8._.js:791
[  485687ms] [LOG] [Fast Refresh] done in 77ms @ http://localhost:3000/_next/static/chunks/node_modules_next_dist_1e8vcs8._.js:791
[  485750ms] [LOG] [Fast Refresh] done in 77ms @ http://localhost:3000/_next/static/chunks/node_modules_next_dist_1e8vcs8._.js:791
[  485813ms] [LOG] [Fast Refresh] done in 77ms @ http://localhost:3000/_next/static/chunks/node_modules_next_dist_1e8vcs8._.js:791
[  485859ms] [LOG] [Fast Refresh] done in 77ms @ http://localhost:3000/_next/static/chunks/node_modules_next_dist_1e8vcs8._.js:791
[  485922ms] [LOG] [Fast Refresh] done in 77ms @ http://localhost:3000/_next/static/chunks/node_modules_next_dist_1e8vcs8._.js:791
[  485985ms] [LOG] [Fast Refresh] done in 77ms @ http://localhost:3000/_next/static/chunks/node_modules_next_dist_1e8vcs8._.js:791
[  486046ms] [LOG] [Fast Refresh] done in 77ms @ http://localhost:3000/_next/static/chunks/node_modules_next_dist_1e8vcs8._.js:791
[  486108ms] [LOG] [Fast Refresh] done in 77ms @ http://localhost:3000/_next/static/chunks/node_modules_next_dist_1e8vcs8._.js:791
[  486169ms] [LOG] [Fast Refresh] done in 77ms @ http://localhost:3000/_next/static/chunks/node_modules_next_dist_1e8vcs8._.js:791
[  486232ms] [LOG] [Fast Refresh] done in 77ms @ http://localhost:3000/_next/static/chunks/node_modules_next_dist_1e8vcs8._.js:791
[  486295ms] [LOG] [Fast Refresh] done in 77ms @ http://localhost:3000/_next/static/chunks/node_modules_next_dist_1e8vcs8._.js:791
[  486358ms] [LOG] [Fast Refresh] done in 77ms @ http://localhost:3000/_next/static/chunks/node_modules_next_dist_1e8vcs8._.js:791
[  486422ms] [LOG] [Fast Refresh] done in 77ms @ http://localhost:3000/_next/static/chunks/node_modules_next_dist_1e8vcs8._.js:791
[  486483ms] [LOG] [Fast Refresh] done in 77ms @ http://localhost:3000/_next/static/chunks/node_modules_next_dist_1e8vcs8._.js:791
[  486546ms] [LOG] [Fast Refresh] done in 77ms @ http://localhost:3000/_next/static/chunks/node_modules_next_dist_1e8vcs8._.js:791
[  486593ms] [LOG] [Fast Refresh] done in 77ms @ http://localhost:3000/_next/static/chunks/node_modules_next_dist_1e8vcs8._.js:791
[  486656ms] [LOG] [Fast Refresh] done in 77ms @ http://localhost:3000/_next/static/chunks/node_modules_next_dist_1e8vcs8._.js:791
[  486720ms] [LOG] [Fast Refresh] done in 77ms @ http://localhost:3000/_next/static/chunks/node_modules_next_dist_1e8vcs8._.js:791
[  486783ms] [LOG] [Fast Refresh] done in 77ms @ http://localhost:3000/_next/static/chunks/node_modules_next_dist_1e8vcs8._.js:791
[  486846ms] [LOG] [Fast Refresh] done in 77ms @ http://localhost:3000/_next/static/chunks/node_modules_next_dist_1e8vcs8._.js:791
[  486908ms] [LOG] [Fast Refresh] done in 77ms @ http://localhost:3000/_next/static/chunks/node_modules_next_dist_1e8vcs8._.js:791
[  486970ms] [LOG] [Fast Refresh] done in 77ms @ http://localhost:3000/_next/static/chunks/node_modules_next_dist_1e8vcs8._.js:791
[  487033ms] [LOG] [Fast Refresh] done in 77ms @ http://localhost:3000/_next/static/chunks/node_modules_next_dist_1e8vcs8._.js:791
[  487094ms] [LOG] [Fast Refresh] done in 77ms @ http://localhost:3000/_next/static/chunks/node_modules_next_dist_1e8vcs8._.js:791
[  487157ms] [LOG] [Fast Refresh] done in 77ms @ http://localhost:3000/_next/static/chunks/node_modules_next_dist_1e8vcs8._.js:791
[  487218ms] [LOG] [Fast Refresh] done in 77ms @ http://localhost:3000/_next/static/chunks/node_modules_next_dist_1e8vcs8._.js:791
[  487279ms] [LOG] [Fast Refresh] done in 77ms @ http://localhost:3000/_next/static/chunks/node_modules_next_dist_1e8vcs8._.js:791
[  487342ms] [LOG] [Fast Refresh] done in 77ms @ http://localhost:3000/_next/static/chunks/node_modules_next_dist_1e8vcs8._.js:791
[  487408ms] [LOG] [Fast Refresh] done in 77ms @ http://localhost:3000/_next/static/chunks/node_modules_next_dist_1e8vcs8._.js:791
[  487471ms] [LOG] [Fast Refresh] done in 77ms @ http://localhost:3000/_next/static/chunks/node_modules_next_dist_1e8vcs8._.js:791
[  487527ms] [LOG] [Fast Refresh] done in 77ms @ http://localhost:3000/_next/static/chunks/node_modules_next_dist_1e8vcs8._.js:791
[  487585ms] [LOG] [Fast Refresh] done in 77ms @ http://localhost:3000/_next/static/chunks/node_modules_next_dist_1e8vcs8._.js:791
[  487648ms] [LOG] [Fast Refresh] done in 77ms @ http://localhost:3000/_next/static/chunks/node_modules_next_dist_1e8vcs8._.js:791
[  487711ms] [LOG] [Fast Refresh] done in 77ms @ http://localhost:3000/_next/static/chunks/node_modules_next_dist_1e8vcs8._.js:791
[  487773ms] [LOG] [Fast Refresh] done in 77ms @ http://localhost:3000/_next/static/chunks/node_modules_next_dist_1e8vcs8._.js:791
[  487822ms] [LOG] [Fast Refresh] done in 77ms @ http://localhost:3000/_next/static/chunks/node_modules_next_dist_1e8vcs8._.js:791
[  487887ms] [LOG] [Fast Refresh] done in 77ms @ http://localhost:3000/_next/static/chunks/node_modules_next_dist_1e8vcs8._.js:791
[  487949ms] [LOG] [Fast Refresh] done in 77ms @ http://localhost:3000/_next/static/chunks/node_modules_next_dist_1e8vcs8._.js:791
[  488014ms] [LOG] [Fast Refresh] done in 77ms @ http://localhost:3000/_next/static/chunks/node_modules_next_dist_1e8vcs8._.js:791
[  488081ms] [LOG] [Fast Refresh] done in 77ms @ http://localhost:3000/_next/static/chunks/node_modules_next_dist_1e8vcs8._.js:791
[  488143ms] [LOG] [Fast Refresh] done in 77ms @ http://localhost:3000/_next/static/chunks/node_modules_next_dist_1e8vcs8._.js:791
[  488206ms] [LOG] [Fast Refresh] done in 77ms @ http://localhost:3000/_next/static/chunks/node_modules_next_dist_1e8vcs8._.js:791
[  488274ms] [LOG] [Fast Refresh] done in 77ms @ http://localhost:3000/_next/static/chunks/node_modules_next_dist_1e8vcs8._.js:791
[  488331ms] [LOG] [Fast Refresh] done in 77ms @ http://localhost:3000/_next/static/chunks/node_modules_next_dist_1e8vcs8._.js:791
[  488393ms] [LOG] [Fast Refresh] done in 77ms @ http://localhost:3000/_next/static/chunks/node_modules_next_dist_1e8vcs8._.js:791
[  488456ms] [LOG] [Fast Refresh] done in 77ms @ http://localhost:3000/_next/static/chunks/node_modules_next_dist_1e8vcs8._.js:791
[  488519ms] [LOG] [Fast Refresh] done in 77ms @ http://localhost:3000/_next/static/chunks/node_modules_next_dist_1e8vcs8._.js:791
[  488581ms] [LOG] [Fast Refresh] done in 77ms @ http://localhost:3000/_next/static/chunks/node_modules_next_dist_1e8vcs8._.js:791
[  488643ms] [LOG] [Fast Refresh] done in 77ms @ http://localhost:3000/_next/static/chunks/node_modules_next_dist_1e8vcs8._.js:791
[  488705ms] [LOG] [Fast Refresh] done in 77ms @ http://localhost:3000/_next/static/chunks/node_modules_next_dist_1e8vcs8._.js:791
[  488761ms] [LOG] [Fast Refresh] done in 77ms @ http://localhost:3000/_next/static/chunks/node_modules_next_dist_1e8vcs8._.js:791
[  488824ms] [LOG] [Fast Refresh] done in 77ms @ http://localhost:3000/_next/static/chunks/node_modules_next_dist_1e8vcs8._.js:791
[  488885ms] [LOG] [Fast Refresh] done in 77ms @ http://localhost:3000/_next/static/chunks/node_modules_next_dist_1e8vcs8._.js:791
[  488944ms] [LOG] [Fast Refresh] done in 77ms @ http://localhost:3000/_next/static/chunks/node_modules_next_dist_1e8vcs8._.js:791
[  488991ms] [LOG] [Fast Refresh] done in 77ms @ http://localhost:3000/_next/static/chunks/node_modules_next_dist_1e8vcs8._.js:791
[  489053ms] [LOG] [Fast Refresh] done in 77ms @ http://localhost:3000/_next/static/chunks/node_modules_next_dist_1e8vcs8._.js:791
[  489114ms] [LOG] [Fast Refresh] done in 77ms @ http://localhost:3000/_next/static/chunks/node_modules_next_dist_1e8vcs8._.js:791
[  489176ms] [LOG] [Fast Refresh] done in 77ms @ http://localhost:3000/_next/static/chunks/node_modules_next_dist_1e8vcs8._.js:791
[  489238ms] [LOG] [Fast Refresh] done in 77ms @ http://localhost:3000/_next/static/chunks/node_modules_next_dist_1e8vcs8._.js:791
[  489302ms] [LOG] [Fast Refresh] done in 77ms @ http://localhost:3000/_next/static/chunks/node_modules_next_dist_1e8vcs8._.js:791
[  489362ms] [LOG] [Fast Refresh] done in 77ms @ http://localhost:3000/_next/static/chunks/node_modules_next_dist_1e8vcs8._.js:791
[  489425ms] [LOG] [Fast Refresh] done in 77ms @ http://localhost:3000/_next/static/chunks/node_modules_next_dist_1e8vcs8._.js:791
[  489474ms] [LOG] [Fast Refresh] done in 77ms @ http://localhost:3000/_next/static/chunks/node_modules_next_dist_1e8vcs8._.js:791
[  489537ms] [LOG] [Fast Refresh] done in 77ms @ http://localhost:3000/_next/static/chunks/node_modules_next_dist_1e8vcs8._.js:791
[  489600ms] [LOG] [Fast Refresh] done in 77ms @ http://localhost:3000/_next/static/chunks/node_modules_next_dist_1e8vcs8._.js:791
[  489662ms] [LOG] [Fast Refresh] done in 77ms @ http://localhost:3000/_next/static/chunks/node_modules_next_dist_1e8vcs8._.js:791
[  489726ms] [LOG] [Fast Refresh] done in 77ms @ http://localhost:3000/_next/static/chunks/node_modules_next_dist_1e8vcs8._.js:791
[  489788ms] [LOG] [Fast Refresh] done in 77ms @ http://localhost:3000/_next/static/chunks/node_modules_next_dist_1e8vcs8._.js:791
[  489851ms] [LOG] [Fast Refresh] done in 77ms @ http://localhost:3000/_next/static/chunks/node_modules_next_dist_1e8vcs8._.js:791
[  489913ms] [LOG] [Fast Refresh] done in 77ms @ http://localhost:3000/_next/static/chunks/node_modules_next_dist_1e8vcs8._.js:791
[  489975ms] [LOG] [Fast Refresh] done in 77ms @ http://localhost:3000/_next/static/chunks/node_modules_next_dist_1e8vcs8._.js:791
[  490036ms] [LOG] [Fast Refresh] done in 77ms @ http://localhost:3000/_next/static/chunks/node_modules_next_dist_1e8vcs8._.js:791
[  490098ms] [LOG] [Fast Refresh] done in 77ms @ http://localhost:3000/_next/static/chunks/node_modules_next_dist_1e8vcs8._.js:791
[  490152ms] [LOG] [Fast Refresh] done in 77ms @ http://localhost:3000/_next/static/chunks/node_modules_next_dist_1e8vcs8._.js:791
[  490215ms] [LOG] [Fast Refresh] done in 77ms @ http://localhost:3000/_next/static/chunks/node_modules_next_dist_1e8vcs8._.js:791
[  490276ms] [LOG] [Fast Refresh] done in 77ms @ http://localhost:3000/_next/static/chunks/node_modules_next_dist_1e8vcs8._.js:791
[  490338ms] [LOG] [Fast Refresh] done in 77ms @ http://localhost:3000/_next/static/chunks/node_modules_next_dist_1e8vcs8._.js:791
[  490401ms] [LOG] [Fast Refresh] done in 77ms @ http://localhost:3000/_next/static/chunks/node_modules_next_dist_1e8vcs8._.js:791
[  490463ms] [LOG] [Fast Refresh] done in 77ms @ http://localhost:3000/_next/static/chunks/node_modules_next_dist_1e8vcs8._.js:791
[  490526ms] [LOG] [Fast Refresh] done in 77ms @ http://localhost:3000/_next/static/chunks/node_modules_next_dist_1e8vcs8._.js:791
[  490590ms] [LOG] [Fast Refresh] done in 77ms @ http://localhost:3000/_next/static/chunks/node_modules_next_dist_1e8vcs8._.js:791
[  490652ms] [LOG] [Fast Refresh] done in 77ms @ http://localhost:3000/_next/static/chunks/node_modules_next_dist_1e8vcs8._.js:791
[  490714ms] [LOG] [Fast Refresh] done in 77ms @ http://localhost:3000/_next/static/chunks/node_modules_next_dist_1e8vcs8._.js:791
[  490776ms] [LOG] [Fast Refresh] done in 77ms @ http://localhost:3000/_next/static/chunks/node_modules_next_dist_1e8vcs8._.js:791
[  490838ms] [LOG] [Fast Refresh] done in 77ms @ http://localhost:3000/_next/static/chunks/node_modules_next_dist_1e8vcs8._.js:791
[  490901ms] [LOG] [Fast Refresh] done in 77ms @ http://localhost:3000/_next/static/chunks/node_modules_next_dist_1e8vcs8._.js:791
[  490949ms] [LOG] [Fast Refresh] done in 77ms @ http://localhost:3000/_next/static/chunks/node_modules_next_dist_1e8vcs8._.js:791
[  491011ms] [LOG] [Fast Refresh] done in 77ms @ http://localhost:3000/_next/static/chunks/node_modules_next_dist_1e8vcs8._.js:791
[  491073ms] [LOG] [Fast Refresh] done in 77ms @ http://localhost:3000/_next/static/chunks/node_modules_next_dist_1e8vcs8._.js:791
[  491136ms] [LOG] [Fast Refresh] done in 77ms @ http://localhost:3000/_next/static/chunks/node_modules_next_dist_1e8vcs8._.js:791
[  491197ms] [LOG] [Fast Refresh] done in 77ms @ http://localhost:3000/_next/static/chunks/node_modules_next_dist_1e8vcs8._.js:791
[  491259ms] [LOG] [Fast Refresh] done in 77ms @ http://localhost:3000/_next/static/chunks/node_modules_next_dist_1e8vcs8._.js:791
[  491319ms] [LOG] [Fast Refresh] done in 77ms @ http://localhost:3000/_next/static/chunks/node_modules_next_dist_1e8vcs8._.js:791
[  491381ms] [LOG] [Fast Refresh] done in 77ms @ http://localhost:3000/_next/static/chunks/node_modules_next_dist_1e8vcs8._.js:791
[  491443ms] [LOG] [Fast Refresh] done in 77ms @ http://localhost:3000/_next/static/chunks/node_modules_next_dist_1e8vcs8._.js:791
[  491505ms] [LOG] [Fast Refresh] done in 77ms @ http://localhost:3000/_next/static/chunks/node_modules_next_dist_1e8vcs8._.js:791
[  491552ms] [LOG] [Fast Refresh] done in 77ms @ http://localhost:3000/_next/static/chunks/node_modules_next_dist_1e8vcs8._.js:791
[  491614ms] [LOG] [Fast Refresh] done in 77ms @ http://localhost:3000/_next/static/chunks/node_modules_next_dist_1e8vcs8._.js:791
[  491678ms] [LOG] [Fast Refresh] done in 77ms @ http://localhost:3000/_next/static/chunks/node_modules_next_dist_1e8vcs8._.js:791
[  491725ms] [LOG] [Fast Refresh] done in 77ms @ http://localhost:3000/_next/static/chunks/node_modules_next_dist_1e8vcs8._.js:791
[  491788ms] [LOG] [Fast Refresh] done in 77ms @ http://localhost:3000/_next/static/chunks/node_modules_next_dist_1e8vcs8._.js:791
[  491851ms] [LOG] [Fast Refresh] done in 77ms @ http://localhost:3000/_next/static/chunks/node_modules_next_dist_1e8vcs8._.js:791
[  491914ms] [LOG] [Fast Refresh] done in 77ms @ http://localhost:3000/_next/static/chunks/node_modules_next_dist_1e8vcs8._.js:791
[  491976ms] [LOG] [Fast Refresh] done in 77ms @ http://localhost:3000/_next/static/chunks/node_modules_next_dist_1e8vcs8._.js:791
[  492039ms] [LOG] [Fast Refresh] done in 77ms @ http://localhost:3000/_next/static/chunks/node_modules_next_dist_1e8vcs8._.js:791
[  492101ms] [LOG] [Fast Refresh] done in 77ms @ http://localhost:3000/_next/static/chunks/node_modules_next_dist_1e8vcs8._.js:791
[  492165ms] [LOG] [Fast Refresh] done in 77ms @ http://localhost:3000/_next/static/chunks/node_modules_next_dist_1e8vcs8._.js:791
[  492227ms] [LOG] [Fast Refresh] done in 77ms @ http://localhost:3000/_next/static/chunks/node_modules_next_dist_1e8vcs8._.js:791
[  492290ms] [LOG] [Fast Refresh] done in 77ms @ http://localhost:3000/_next/static/chunks/node_modules_next_dist_1e8vcs8._.js:791
[  492351ms] [LOG] [Fast Refresh] done in 77ms @ http://localhost:3000/_next/static/chunks/node_modules_next_dist_1e8vcs8._.js:791
[  492414ms] [LOG] [Fast Refresh] done in 77ms @ http://localhost:3000/_next/static/chunks/node_modules_next_dist_1e8vcs8._.js:791
[  492477ms] [LOG] [Fast Refresh] done in 77ms @ http://localhost:3000/_next/static/chunks/node_modules_next_dist_1e8vcs8._.js:791
[  492538ms] [LOG] [Fast Refresh] done in 77ms @ http://localhost:3000/_next/static/chunks/node_modules_next_dist_1e8vcs8._.js:791
[  492602ms] [LOG] [Fast Refresh] done in 77ms @ http://localhost:3000/_next/static/chunks/node_modules_next_dist_1e8vcs8._.js:791
[  492663ms] [LOG] [Fast Refresh] done in 77ms @ http://localhost:3000/_next/static/chunks/node_modules_next_dist_1e8vcs8._.js:791
[  492727ms] [LOG] [Fast Refresh] done in 77ms @ http://localhost:3000/_next/static/chunks/node_modules_next_dist_1e8vcs8._.js:791
[  492790ms] [LOG] [Fast Refresh] done in 77ms @ http://localhost:3000/_next/static/chunks/node_modules_next_dist_1e8vcs8._.js:791
[  492852ms] [LOG] [Fast Refresh] done in 77ms @ http://localhost:3000/_next/static/chunks/node_modules_next_dist_1e8vcs8._.js:791
[  492922ms] [LOG] [Fast Refresh] done in 77ms @ http://localhost:3000/_next/static/chunks/node_modules_next_dist_1e8vcs8._.js:791
[  492980ms] [LOG] [Fast Refresh] done in 77ms @ http://localhost:3000/_next/static/chunks/node_modules_next_dist_1e8vcs8._.js:791
[  493042ms] [LOG] [Fast Refresh] done in 77ms @ http://localhost:3000/_next/static/chunks/node_modules_next_dist_1e8vcs8._.js:791
[  493104ms] [LOG] [Fast Refresh] done in 77ms @ http://localhost:3000/_next/static/chunks/node_modules_next_dist_1e8vcs8._.js:791
[  493167ms] [LOG] [Fast Refresh] done in 77ms @ http://localhost:3000/_next/static/chunks/node_modules_next_dist_1e8vcs8._.js:791
[  493230ms] [LOG] [Fast Refresh] done in 77ms @ http://localhost:3000/_next/static/chunks/node_modules_next_dist_1e8vcs8._.js:791
[  493290ms] [LOG] [Fast Refresh] done in 77ms @ http://localhost:3000/_next/static/chunks/node_modules_next_dist_1e8vcs8._.js:791
[  493351ms] [LOG] [Fast Refresh] done in 77ms @ http://localhost:3000/_next/static/chunks/node_modules_next_dist_1e8vcs8._.js:791
[  493413ms] [LOG] [Fast Refresh] done in 77ms @ http://localhost:3000/_next/static/chunks/node_modules_next_dist_1e8vcs8._.js:791
[  493475ms] [LOG] [Fast Refresh] done in 77ms @ http://localhost:3000/_next/static/chunks/node_modules_next_dist_1e8vcs8._.js:791
[  493521ms] [LOG] [Fast Refresh] done in 77ms @ http://localhost:3000/_next/static/chunks/node_modules_next_dist_1e8vcs8._.js:791
[  493584ms] [LOG] [Fast Refresh] done in 77ms @ http://localhost:3000/_next/static/chunks/node_modules_next_dist_1e8vcs8._.js:791
[  493632ms] [LOG] [Fast Refresh] done in 77ms @ http://localhost:3000/_next/static/chunks/node_modules_next_dist_1e8vcs8._.js:791
[  493693ms] [LOG] [Fast Refresh] done in 77ms @ http://localhost:3000/_next/static/chunks/node_modules_next_dist_1e8vcs8._.js:791
[  493755ms] [LOG] [Fast Refresh] done in 77ms @ http://localhost:3000/_next/static/chunks/node_modules_next_dist_1e8vcs8._.js:791
[  493817ms] [LOG] [Fast Refresh] done in 77ms @ http://localhost:3000/_next/static/chunks/node_modules_next_dist_1e8vcs8._.js:791
[  493879ms] [LOG] [Fast Refresh] done in 77ms @ http://localhost:3000/_next/static/chunks/node_modules_next_dist_1e8vcs8._.js:791
[  493939ms] [LOG] [Fast Refresh] done in 77ms @ http://localhost:3000/_next/static/chunks/node_modules_next_dist_1e8vcs8._.js:791
[  494003ms] [LOG] [Fast Refresh] done in 77ms @ http://localhost:3000/_next/static/chunks/node_modules_next_dist_1e8vcs8._.js:791
[  494070ms] [LOG] [Fast Refresh] done in 77ms @ http://localhost:3000/_next/static/chunks/node_modules_next_dist_1e8vcs8._.js:791
[  494134ms] [LOG] [Fast Refresh] done in 77ms @ http://localhost:3000/_next/static/chunks/node_modules_next_dist_1e8vcs8._.js:791
[  494195ms] [LOG] [Fast Refresh] done in 77ms @ http://localhost:3000/_next/static/chunks/node_modules_next_dist_1e8vcs8._.js:791
[  494256ms] [LOG] [Fast Refresh] done in 77ms @ http://localhost:3000/_next/static/chunks/node_modules_next_dist_1e8vcs8._.js:791
[  494321ms] [LOG] [Fast Refresh] done in 77ms @ http://localhost:3000/_next/static/chunks/node_modules_next_dist_1e8vcs8._.js:791
[  494384ms] [LOG] [Fast Refresh] done in 77ms @ http://localhost:3000/_next/static/chunks/node_modules_next_dist_1e8vcs8._.js:791
[  494446ms] [LOG] [Fast Refresh] done in 77ms @ http://localhost:3000/_next/static/chunks/node_modules_next_dist_1e8vcs8._.js:791
[  494508ms] [LOG] [Fast Refresh] done in 77ms @ http://localhost:3000/_next/static/chunks/node_modules_next_dist_1e8vcs8._.js:791
[  494571ms] [LOG] [Fast Refresh] done in 77ms @ http://localhost:3000/_next/static/chunks/node_modules_next_dist_1e8vcs8._.js:791
[  494633ms] [LOG] [Fast Refresh] done in 77ms @ http://localhost:3000/_next/static/chunks/node_modules_next_dist_1e8vcs8._.js:791
[  494696ms] [LOG] [Fast Refresh] done in 77ms @ http://localhost:3000/_next/static/chunks/node_modules_next_dist_1e8vcs8._.js:791
[  494758ms] [LOG] [Fast Refresh] done in 77ms @ http://localhost:3000/_next/static/chunks/node_modules_next_dist_1e8vcs8._.js:791
[  494820ms] [LOG] [Fast Refresh] done in 77ms @ http://localhost:3000/_next/static/chunks/node_modules_next_dist_1e8vcs8._.js:791
[  494883ms] [LOG] [Fast Refresh] done in 77ms @ http://localhost:3000/_next/static/chunks/node_modules_next_dist_1e8vcs8._.js:791
[  494944ms] [LOG] [Fast Refresh] done in 77ms @ http://localhost:3000/_next/static/chunks/node_modules_next_dist_1e8vcs8._.js:791
[  495005ms] [LOG] [Fast Refresh] done in 77ms @ http://localhost:3000/_next/static/chunks/node_modules_next_dist_1e8vcs8._.js:791
[  495067ms] [LOG] [Fast Refresh] done in 77ms @ http://localhost:3000/_next/static/chunks/node_modules_next_dist_1e8vcs8._.js:791
[  495128ms] [LOG] [Fast Refresh] done in 77ms @ http://localhost:3000/_next/static/chunks/node_modules_next_dist_1e8vcs8._.js:791
[  495190ms] [LOG] [Fast Refresh] done in 77ms @ http://localhost:3000/_next/static/chunks/node_modules_next_dist_1e8vcs8._.js:791
[  495253ms] [LOG] [Fast Refresh] done in 77ms @ http://localhost:3000/_next/static/chunks/node_modules_next_dist_1e8vcs8._.js:791
[  495315ms] [LOG] [Fast Refresh] done in 77ms @ http://localhost:3000/_next/static/chunks/node_modules_next_dist_1e8vcs8._.js:791
[  495377ms] [LOG] [Fast Refresh] done in 77ms @ http://localhost:3000/_next/static/chunks/node_modules_next_dist_1e8vcs8._.js:791
[  495440ms] [LOG] [Fast Refresh] done in 77ms @ http://localhost:3000/_next/static/chunks/node_modules_next_dist_1e8vcs8._.js:791
[  495502ms] [LOG] [Fast Refresh] done in 77ms @ http://localhost:3000/_next/static/chunks/node_modules_next_dist_1e8vcs8._.js:791
[  495565ms] [LOG] [Fast Refresh] done in 77ms @ http://localhost:3000/_next/static/chunks/node_modules_next_dist_1e8vcs8._.js:791
[  495626ms] [LOG] [Fast Refresh] done in 77ms @ http://localhost:3000/_next/static/chunks/node_modules_next_dist_1e8vcs8._.js:791
[  495687ms] [LOG] [Fast Refresh] done in 77ms @ http://localhost:3000/_next/static/chunks/node_modules_next_dist_1e8vcs8._.js:791
[  495748ms] [LOG] [Fast Refresh] done in 77ms @ http://localhost:3000/_next/static/chunks/node_modules_next_dist_1e8vcs8._.js:791
[  495812ms] [LOG] [Fast Refresh] done in 77ms @ http://localhost:3000/_next/static/chunks/node_modules_next_dist_1e8vcs8._.js:791
[  495875ms] [LOG] [Fast Refresh] done in 77ms @ http://localhost:3000/_next/static/chunks/node_modules_next_dist_1e8vcs8._.js:791
[  495937ms] [LOG] [Fast Refresh] done in 77ms @ http://localhost:3000/_next/static/chunks/node_modules_next_dist_1e8vcs8._.js:791
[  495999ms] [LOG] [Fast Refresh] done in 77ms @ http://localhost:3000/_next/static/chunks/node_modules_next_dist_1e8vcs8._.js:791
[  496061ms] [LOG] [Fast Refresh] done in 77ms @ http://localhost:3000/_next/static/chunks/node_modules_next_dist_1e8vcs8._.js:791
[  496125ms] [LOG] [Fast Refresh] done in 77ms @ http://localhost:3000/_next/static/chunks/node_modules_next_dist_1e8vcs8._.js:791
[  496187ms] [LOG] [Fast Refresh] done in 77ms @ http://localhost:3000/_next/static/chunks/node_modules_next_dist_1e8vcs8._.js:791
[  496249ms] [LOG] [Fast Refresh] done in 77ms @ http://localhost:3000/_next/static/chunks/node_modules_next_dist_1e8vcs8._.js:791
[  496313ms] [LOG] [Fast Refresh] done in 77ms @ http://localhost:3000/_next/static/chunks/node_modules_next_dist_1e8vcs8._.js:791
[  496374ms] [LOG] [Fast Refresh] done in 77ms @ http://localhost:3000/_next/static/chunks/node_modules_next_dist_1e8vcs8._.js:791
[  496437ms] [LOG] [Fast Refresh] done in 77ms @ http://localhost:3000/_next/static/chunks/node_modules_next_dist_1e8vcs8._.js:791
[  496499ms] [LOG] [Fast Refresh] done in 77ms @ http://localhost:3000/_next/static/chunks/node_modules_next_dist_1e8vcs8._.js:791
[  496561ms] [LOG] [Fast Refresh] done in 77ms @ http://localhost:3000/_next/static/chunks/node_modules_next_dist_1e8vcs8._.js:791
[  496624ms] [LOG] [Fast Refresh] done in 77ms @ http://localhost:3000/_next/static/chunks/node_modules_next_dist_1e8vcs8._.js:791
[  496680ms] [LOG] [Fast Refresh] done in 77ms @ http://localhost:3000/_next/static/chunks/node_modules_next_dist_1e8vcs8._.js:791
[  496743ms] [LOG] [Fast Refresh] done in 77ms @ http://localhost:3000/_next/static/chunks/node_modules_next_dist_1e8vcs8._.js:791
[  496793ms] [LOG] [Fast Refresh] done in 77ms @ http://localhost:3000/_next/static/chunks/node_modules_next_dist_1e8vcs8._.js:791
[  496855ms] [LOG] [Fast Refresh] done in 77ms @ http://localhost:3000/_next/static/chunks/node_modules_next_dist_1e8vcs8._.js:791
[  496918ms] [LOG] [Fast Refresh] done in 77ms @ http://localhost:3000/_next/static/chunks/node_modules_next_dist_1e8vcs8._.js:791
[  496987ms] [LOG] [Fast Refresh] done in 77ms @ http://localhost:3000/_next/static/chunks/node_modules_next_dist_1e8vcs8._.js:791
[  497047ms] [LOG] [Fast Refresh] done in 77ms @ http://localhost:3000/_next/static/chunks/node_modules_next_dist_1e8vcs8._.js:791
[  497110ms] [LOG] [Fast Refresh] done in 77ms @ http://localhost:3000/_next/static/chunks/node_modules_next_dist_1e8vcs8._.js:791
[  497173ms] [LOG] [Fast Refresh] done in 77ms @ http://localhost:3000/_next/static/chunks/node_modules_next_dist_1e8vcs8._.js:791
[  497235ms] [LOG] [Fast Refresh] done in 77ms @ http://localhost:3000/_next/static/chunks/node_modules_next_dist_1e8vcs8._.js:791
[  497297ms] [LOG] [Fast Refresh] done in 77ms @ http://localhost:3000/_next/static/chunks/node_modules_next_dist_1e8vcs8._.js:791
[  497361ms] [LOG] [Fast Refresh] done in 77ms @ http://localhost:3000/_next/static/chunks/node_modules_next_dist_1e8vcs8._.js:791
[  497417ms] [LOG] [Fast Refresh] done in 77ms @ http://localhost:3000/_next/static/chunks/node_modules_next_dist_1e8vcs8._.js:791
[  497474ms] [LOG] [Fast Refresh] done in 77ms @ http://localhost:3000/_next/static/chunks/node_modules_next_dist_1e8vcs8._.js:791
[  497537ms] [LOG] [Fast Refresh] done in 77ms @ http://localhost:3000/_next/static/chunks/node_modules_next_dist_1e8vcs8._.js:791
[  497602ms] [LOG] [Fast Refresh] done in 77ms @ http://localhost:3000/_next/static/chunks/node_modules_next_dist_1e8vcs8._.js:791
[  497662ms] [LOG] [Fast Refresh] done in 77ms @ http://localhost:3000/_next/static/chunks/node_modules_next_dist_1e8vcs8._.js:791
[  497727ms] [LOG] [Fast Refresh] done in 77ms @ http://localhost:3000/_next/static/chunks/node_modules_next_dist_1e8vcs8._.js:791
[  497789ms] [LOG] [Fast Refresh] done in 77ms @ http://localhost:3000/_next/static/chunks/node_modules_next_dist_1e8vcs8._.js:791
[  497854ms] [LOG] [Fast Refresh] done in 77ms @ http://localhost:3000/_next/static/chunks/node_modules_next_dist_1e8vcs8._.js:791
[  497917ms] [LOG] [Fast Refresh] done in 77ms @ http://localhost:3000/_next/static/chunks/node_modules_next_dist_1e8vcs8._.js:791
[  497979ms] [LOG] [Fast Refresh] done in 77ms @ http://localhost:3000/_next/static/chunks/node_modules_next_dist_1e8vcs8._.js:791
[  498041ms] [LOG] [Fast Refresh] done in 77ms @ http://localhost:3000/_next/static/chunks/node_modules_next_dist_1e8vcs8._.js:791
[  498103ms] [LOG] [Fast Refresh] done in 77ms @ http://localhost:3000/_next/static/chunks/node_modules_next_dist_1e8vcs8._.js:791
[  498165ms] [LOG] [Fast Refresh] done in 77ms @ http://localhost:3000/_next/static/chunks/node_modules_next_dist_1e8vcs8._.js:791
[  498212ms] [LOG] [Fast Refresh] done in 77ms @ http://localhost:3000/_next/static/chunks/node_modules_next_dist_1e8vcs8._.js:791
[  498275ms] [LOG] [Fast Refresh] done in 77ms @ http://localhost:3000/_next/static/chunks/node_modules_next_dist_1e8vcs8._.js:791
[  498337ms] [LOG] [Fast Refresh] done in 77ms @ http://localhost:3000/_next/static/chunks/node_modules_next_dist_1e8vcs8._.js:791
[  498400ms] [LOG] [Fast Refresh] done in 77ms @ http://localhost:3000/_next/static/chunks/node_modules_next_dist_1e8vcs8._.js:791
[  498448ms] [LOG] [Fast Refresh] done in 77ms @ http://localhost:3000/_next/static/chunks/node_modules_next_dist_1e8vcs8._.js:791
[  498510ms] [LOG] [Fast Refresh] done in 77ms @ http://localhost:3000/_next/static/chunks/node_modules_next_dist_1e8vcs8._.js:791
[  498573ms] [LOG] [Fast Refresh] done in 77ms @ http://localhost:3000/_next/static/chunks/node_modules_next_dist_1e8vcs8._.js:791
[  498635ms] [LOG] [Fast Refresh] done in 77ms @ http://localhost:3000/_next/static/chunks/node_modules_next_dist_1e8vcs8._.js:791
[  498697ms] [LOG] [Fast Refresh] done in 77ms @ http://localhost:3000/_next/static/chunks/node_modules_next_dist_1e8vcs8._.js:791
[  498760ms] [LOG] [Fast Refresh] done in 77ms @ http://localhost:3000/_next/static/chunks/node_modules_next_dist_1e8vcs8._.js:791
[  498822ms] [LOG] [Fast Refresh] done in 77ms @ http://localhost:3000/_next/static/chunks/node_modules_next_dist_1e8vcs8._.js:791
[  498884ms] [LOG] [Fast Refresh] done in 77ms @ http://localhost:3000/_next/static/chunks/node_modules_next_dist_1e8vcs8._.js:791
[  498947ms] [LOG] [Fast Refresh] done in 77ms @ http://localhost:3000/_next/static/chunks/node_modules_next_dist_1e8vcs8._.js:791
[  499010ms] [LOG] [Fast Refresh] done in 77ms @ http://localhost:3000/_next/static/chunks/node_modules_next_dist_1e8vcs8._.js:791
[  499072ms] [LOG] [Fast Refresh] done in 77ms @ http://localhost:3000/_next/static/chunks/node_modules_next_dist_1e8vcs8._.js:791
[  499135ms] [LOG] [Fast Refresh] done in 77ms @ http://localhost:3000/_next/static/chunks/node_modules_next_dist_1e8vcs8._.js:791
[  499197ms] [LOG] [Fast Refresh] done in 77ms @ http://localhost:3000/_next/static/chunks/node_modules_next_dist_1e8vcs8._.js:791
[  499259ms] [LOG] [Fast Refresh] done in 77ms @ http://localhost:3000/_next/static/chunks/node_modules_next_dist_1e8vcs8._.js:791
[  499321ms] [LOG] [Fast Refresh] done in 77ms @ http://localhost:3000/_next/static/chunks/node_modules_next_dist_1e8vcs8._.js:791
[  499383ms] [LOG] [Fast Refresh] done in 77ms @ http://localhost:3000/_next/static/chunks/node_modules_next_dist_1e8vcs8._.js:791
[  499444ms] [LOG] [Fast Refresh] done in 77ms @ http://localhost:3000/_next/static/chunks/node_modules_next_dist_1e8vcs8._.js:791
[  499506ms] [LOG] [Fast Refresh] done in 77ms @ http://localhost:3000/_next/static/chunks/node_modules_next_dist_1e8vcs8._.js:791
[  499568ms] [LOG] [Fast Refresh] done in 77ms @ http://localhost:3000/_next/static/chunks/node_modules_next_dist_1e8vcs8._.js:791
[  499631ms] [LOG] [Fast Refresh] done in 77ms @ http://localhost:3000/_next/static/chunks/node_modules_next_dist_1e8vcs8._.js:791
[  499692ms] [LOG] [Fast Refresh] done in 77ms @ http://localhost:3000/_next/static/chunks/node_modules_next_dist_1e8vcs8._.js:791
[  499754ms] [LOG] [Fast Refresh] done in 77ms @ http://localhost:3000/_next/static/chunks/node_modules_next_dist_1e8vcs8._.js:791
[  499815ms] [LOG] [Fast Refresh] done in 77ms @ http://localhost:3000/_next/static/chunks/node_modules_next_dist_1e8vcs8._.js:791
[  499877ms] [LOG] [Fast Refresh] done in 77ms @ http://localhost:3000/_next/static/chunks/node_modules_next_dist_1e8vcs8._.js:791
[  499940ms] [LOG] [Fast Refresh] done in 77ms @ http://localhost:3000/_next/static/chunks/node_modules_next_dist_1e8vcs8._.js:791
[  500001ms] [LOG] [Fast Refresh] done in 77ms @ http://localhost:3000/_next/static/chunks/node_modules_next_dist_1e8vcs8._.js:791
[  500065ms] [LOG] [Fast Refresh] done in 77ms @ http://localhost:3000/_next/static/chunks/node_modules_next_dist_1e8vcs8._.js:791
[  500128ms] [LOG] [Fast Refresh] done in 77ms @ http://localhost:3000/_next/static/chunks/node_modules_next_dist_1e8vcs8._.js:791
[  500191ms] [LOG] [Fast Refresh] done in 77ms @ http://localhost:3000/_next/static/chunks/node_modules_next_dist_1e8vcs8._.js:791
[  500252ms] [LOG] [Fast Refresh] done in 77ms @ http://localhost:3000/_next/static/chunks/node_modules_next_dist_1e8vcs8._.js:791
[  500314ms] [LOG] [Fast Refresh] done in 77ms @ http://localhost:3000/_next/static/chunks/node_modules_next_dist_1e8vcs8._.js:791
[  500378ms] [LOG] [Fast Refresh] done in 77ms @ http://localhost:3000/_next/static/chunks/node_modules_next_dist_1e8vcs8._.js:791
[  500441ms] [LOG] [Fast Refresh] done in 77ms @ http://localhost:3000/_next/static/chunks/node_modules_next_dist_1e8vcs8._.js:791
[  500503ms] [LOG] [Fast Refresh] done in 77ms @ http://localhost:3000/_next/static/chunks/node_modules_next_dist_1e8vcs8._.js:791
[  500565ms] [LOG] [Fast Refresh] done in 77ms @ http://localhost:3000/_next/static/chunks/node_modules_next_dist_1e8vcs8._.js:791
[  500628ms] [LOG] [Fast Refresh] done in 77ms @ http://localhost:3000/_next/static/chunks/node_modules_next_dist_1e8vcs8._.js:791
[  500692ms] [LOG] [Fast Refresh] done in 77ms @ http://localhost:3000/_next/static/chunks/node_modules_next_dist_1e8vcs8._.js:791
[  500755ms] [LOG] [Fast Refresh] done in 77ms @ http://localhost:3000/_next/static/chunks/node_modules_next_dist_1e8vcs8._.js:791
[  500817ms] [LOG] [Fast Refresh] done in 77ms @ http://localhost:3000/_next/static/chunks/node_modules_next_dist_1e8vcs8._.js:791
[  500880ms] [LOG] [Fast Refresh] done in 77ms @ http://localhost:3000/_next/static/chunks/node_modules_next_dist_1e8vcs8._.js:791
[  500941ms] [LOG] [Fast Refresh] done in 77ms @ http://localhost:3000/_next/static/chunks/node_modules_next_dist_1e8vcs8._.js:791
[  501004ms] [LOG] [Fast Refresh] done in 77ms @ http://localhost:3000/_next/static/chunks/node_modules_next_dist_1e8vcs8._.js:791
[  501066ms] [LOG] [Fast Refresh] done in 77ms @ http://localhost:3000/_next/static/chunks/node_modules_next_dist_1e8vcs8._.js:791
[  501129ms] [LOG] [Fast Refresh] done in 77ms @ http://localhost:3000/_next/static/chunks/node_modules_next_dist_1e8vcs8._.js:791
[  501191ms] [LOG] [Fast Refresh] done in 77ms @ http://localhost:3000/_next/static/chunks/node_modules_next_dist_1e8vcs8._.js:791
[  501254ms] [LOG] [Fast Refresh] done in 77ms @ http://localhost:3000/_next/static/chunks/node_modules_next_dist_1e8vcs8._.js:791
[  501316ms] [LOG] [Fast Refresh] done in 77ms @ http://localhost:3000/_next/static/chunks/node_modules_next_dist_1e8vcs8._.js:791
[  501378ms] [LOG] [Fast Refresh] done in 77ms @ http://localhost:3000/_next/static/chunks/node_modules_next_dist_1e8vcs8._.js:791
[  501439ms] [LOG] [Fast Refresh] done in 77ms @ http://localhost:3000/_next/static/chunks/node_modules_next_dist_1e8vcs8._.js:791
[  501503ms] [LOG] [Fast Refresh] done in 77ms @ http://localhost:3000/_next/static/chunks/node_modules_next_dist_1e8vcs8._.js:791
[  501565ms] [LOG] [Fast Refresh] done in 77ms @ http://localhost:3000/_next/static/chunks/node_modules_next_dist_1e8vcs8._.js:791
[  501627ms] [LOG] [Fast Refresh] done in 77ms @ http://localhost:3000/_next/static/chunks/node_modules_next_dist_1e8vcs8._.js:791
[  501689ms] [LOG] [Fast Refresh] done in 77ms @ http://localhost:3000/_next/static/chunks/node_modules_next_dist_1e8vcs8._.js:791
[  501751ms] [LOG] [Fast Refresh] done in 77ms @ http://localhost:3000/_next/static/chunks/node_modules_next_dist_1e8vcs8._.js:791
[  501814ms] [LOG] [Fast Refresh] done in 77ms @ http://localhost:3000/_next/static/chunks/node_modules_next_dist_1e8vcs8._.js:791
[  501876ms] [LOG] [Fast Refresh] done in 77ms @ http://localhost:3000/_next/static/chunks/node_modules_next_dist_1e8vcs8._.js:791
[  501938ms] [LOG] [Fast Refresh] done in 77ms @ http://localhost:3000/_next/static/chunks/node_modules_next_dist_1e8vcs8._.js:791
[  502000ms] [LOG] [Fast Refresh] done in 77ms @ http://localhost:3000/_next/static/chunks/node_modules_next_dist_1e8vcs8._.js:791
[  502061ms] [LOG] [Fast Refresh] done in 77ms @ http://localhost:3000/_next/static/chunks/node_modules_next_dist_1e8vcs8._.js:791
[  502123ms] [LOG] [Fast Refresh] done in 77ms @ http://localhost:3000/_next/static/chunks/node_modules_next_dist_1e8vcs8._.js:791
[  502185ms] [LOG] [Fast Refresh] done in 77ms @ http://localhost:3000/_next/static/chunks/node_modules_next_dist_1e8vcs8._.js:791
[  502247ms] [LOG] [Fast Refresh] done in 77ms @ http://localhost:3000/_next/static/chunks/node_modules_next_dist_1e8vcs8._.js:791
[  502308ms] [LOG] [Fast Refresh] done in 77ms @ http://localhost:3000/_next/static/chunks/node_modules_next_dist_1e8vcs8._.js:791
[  502369ms] [LOG] [Fast Refresh] done in 77ms @ http://localhost:3000/_next/static/chunks/node_modules_next_dist_1e8vcs8._.js:791
[  502431ms] [LOG] [Fast Refresh] done in 77ms @ http://localhost:3000/_next/static/chunks/node_modules_next_dist_1e8vcs8._.js:791
[  502493ms] [LOG] [Fast Refresh] done in 77ms @ http://localhost:3000/_next/static/chunks/node_modules_next_dist_1e8vcs8._.js:791
[  502556ms] [LOG] [Fast Refresh] done in 77ms @ http://localhost:3000/_next/static/chunks/node_modules_next_dist_1e8vcs8._.js:791
[  502619ms] [LOG] [Fast Refresh] done in 77ms @ http://localhost:3000/_next/static/chunks/node_modules_next_dist_1e8vcs8._.js:791
[  502675ms] [LOG] [Fast Refresh] done in 77ms @ http://localhost:3000/_next/static/chunks/node_modules_next_dist_1e8vcs8._.js:791
[  502737ms] [LOG] [Fast Refresh] done in 77ms @ http://localhost:3000/_next/static/chunks/node_modules_next_dist_1e8vcs8._.js:791
[  502800ms] [LOG] [Fast Refresh] done in 77ms @ http://localhost:3000/_next/static/chunks/node_modules_next_dist_1e8vcs8._.js:791
[  502862ms] [LOG] [Fast Refresh] done in 77ms @ http://localhost:3000/_next/static/chunks/node_modules_next_dist_1e8vcs8._.js:791
[  502924ms] [LOG] [Fast Refresh] done in 77ms @ http://localhost:3000/_next/static/chunks/node_modules_next_dist_1e8vcs8._.js:791
[  502986ms] [LOG] [Fast Refresh] done in 77ms @ http://localhost:3000/_next/static/chunks/node_modules_next_dist_1e8vcs8._.js:791
[  503039ms] [LOG] [Fast Refresh] done in 77ms @ http://localhost:3000/_next/static/chunks/node_modules_next_dist_1e8vcs8._.js:791
[  503100ms] [LOG] [Fast Refresh] done in 77ms @ http://localhost:3000/_next/static/chunks/node_modules_next_dist_1e8vcs8._.js:791
[  503161ms] [LOG] [Fast Refresh] done in 77ms @ http://localhost:3000/_next/static/chunks/node_modules_next_dist_1e8vcs8._.js:791
[  503224ms] [LOG] [Fast Refresh] done in 77ms @ http://localhost:3000/_next/static/chunks/node_modules_next_dist_1e8vcs8._.js:791
[  503285ms] [LOG] [Fast Refresh] done in 77ms @ http://localhost:3000/_next/static/chunks/node_modules_next_dist_1e8vcs8._.js:791
[  503345ms] [LOG] [Fast Refresh] done in 77ms @ http://localhost:3000/_next/static/chunks/node_modules_next_dist_1e8vcs8._.js:791
[  503407ms] [LOG] [Fast Refresh] done in 77ms @ http://localhost:3000/_next/static/chunks/node_modules_next_dist_1e8vcs8._.js:791
[  503468ms] [LOG] [Fast Refresh] done in 77ms @ http://localhost:3000/_next/static/chunks/node_modules_next_dist_1e8vcs8._.js:791
[  503516ms] [LOG] [Fast Refresh] done in 77ms @ http://localhost:3000/_next/static/chunks/node_modules_next_dist_1e8vcs8._.js:791
[  503579ms] [LOG] [Fast Refresh] done in 77ms @ http://localhost:3000/_next/static/chunks/node_modules_next_dist_1e8vcs8._.js:791
[  503642ms] [LOG] [Fast Refresh] done in 77ms @ http://localhost:3000/_next/static/chunks/node_modules_next_dist_1e8vcs8._.js:791
[  503704ms] [LOG] [Fast Refresh] done in 77ms @ http://localhost:3000/_next/static/chunks/node_modules_next_dist_1e8vcs8._.js:791
[  503766ms] [LOG] [Fast Refresh] done in 77ms @ http://localhost:3000/_next/static/chunks/node_modules_next_dist_1e8vcs8._.js:791
[  503829ms] [LOG] [Fast Refresh] done in 77ms @ http://localhost:3000/_next/static/chunks/node_modules_next_dist_1e8vcs8._.js:791
[  503892ms] [LOG] [Fast Refresh] done in 77ms @ http://localhost:3000/_next/static/chunks/node_modules_next_dist_1e8vcs8._.js:791
[  503954ms] [LOG] [Fast Refresh] done in 77ms @ http://localhost:3000/_next/static/chunks/node_modules_next_dist_1e8vcs8._.js:791
[  504017ms] [LOG] [Fast Refresh] done in 77ms @ http://localhost:3000/_next/static/chunks/node_modules_next_dist_1e8vcs8._.js:791
[  504080ms] [LOG] [Fast Refresh] done in 77ms @ http://localhost:3000/_next/static/chunks/node_modules_next_dist_1e8vcs8._.js:791
[  504142ms] [LOG] [Fast Refresh] done in 77ms @ http://localhost:3000/_next/static/chunks/node_modules_next_dist_1e8vcs8._.js:791
[  504203ms] [LOG] [Fast Refresh] done in 77ms @ http://localhost:3000/_next/static/chunks/node_modules_next_dist_1e8vcs8._.js:791
[  504265ms] [LOG] [Fast Refresh] done in 77ms @ http://localhost:3000/_next/static/chunks/node_modules_next_dist_1e8vcs8._.js:791
[  504328ms] [LOG] [Fast Refresh] done in 77ms @ http://localhost:3000/_next/static/chunks/node_modules_next_dist_1e8vcs8._.js:791
[  504390ms] [LOG] [Fast Refresh] done in 77ms @ http://localhost:3000/_next/static/chunks/node_modules_next_dist_1e8vcs8._.js:791
[  504452ms] [LOG] [Fast Refresh] done in 77ms @ http://localhost:3000/_next/static/chunks/node_modules_next_dist_1e8vcs8._.js:791
[  504514ms] [LOG] [Fast Refresh] done in 77ms @ http://localhost:3000/_next/static/chunks/node_modules_next_dist_1e8vcs8._.js:791
[  504577ms] [LOG] [Fast Refresh] done in 77ms @ http://localhost:3000/_next/static/chunks/node_modules_next_dist_1e8vcs8._.js:791
[  504638ms] [LOG] [Fast Refresh] done in 77ms @ http://localhost:3000/_next/static/chunks/node_modules_next_dist_1e8vcs8._.js:791
[  504700ms] [LOG] [Fast Refresh] done in 77ms @ http://localhost:3000/_next/static/chunks/node_modules_next_dist_1e8vcs8._.js:791
[  504761ms] [LOG] [Fast Refresh] done in 77ms @ http://localhost:3000/_next/static/chunks/node_modules_next_dist_1e8vcs8._.js:791
[  504824ms] [LOG] [Fast Refresh] done in 77ms @ http://localhost:3000/_next/static/chunks/node_modules_next_dist_1e8vcs8._.js:791
[  504885ms] [LOG] [Fast Refresh] done in 77ms @ http://localhost:3000/_next/static/chunks/node_modules_next_dist_1e8vcs8._.js:791
[  504949ms] [LOG] [Fast Refresh] done in 77ms @ http://localhost:3000/_next/static/chunks/node_modules_next_dist_1e8vcs8._.js:791
[  505011ms] [LOG] [Fast Refresh] done in 77ms @ http://localhost:3000/_next/static/chunks/node_modules_next_dist_1e8vcs8._.js:791
[  505074ms] [LOG] [Fast Refresh] done in 77ms @ http://localhost:3000/_next/static/chunks/node_modules_next_dist_1e8vcs8._.js:791
[  505138ms] [LOG] [Fast Refresh] done in 77ms @ http://localhost:3000/_next/static/chunks/node_modules_next_dist_1e8vcs8._.js:791
[  505199ms] [LOG] [Fast Refresh] done in 77ms @ http://localhost:3000/_next/static/chunks/node_modules_next_dist_1e8vcs8._.js:791
[  505263ms] [LOG] [Fast Refresh] done in 77ms @ http://localhost:3000/_next/static/chunks/node_modules_next_dist_1e8vcs8._.js:791
[  505324ms] [LOG] [Fast Refresh] done in 77ms @ http://localhost:3000/_next/static/chunks/node_modules_next_dist_1e8vcs8._.js:791
[  505384ms] [LOG] [Fast Refresh] done in 77ms @ http://localhost:3000/_next/static/chunks/node_modules_next_dist_1e8vcs8._.js:791
[  505451ms] [LOG] [Fast Refresh] done in 77ms @ http://localhost:3000/_next/static/chunks/node_modules_next_dist_1e8vcs8._.js:791
[  505516ms] [LOG] [Fast Refresh] done in 77ms @ http://localhost:3000/_next/static/chunks/node_modules_next_dist_1e8vcs8._.js:791
[  505579ms] [LOG] [Fast Refresh] done in 77ms @ http://localhost:3000/_next/static/chunks/node_modules_next_dist_1e8vcs8._.js:791
[  505641ms] [LOG] [Fast Refresh] done in 77ms @ http://localhost:3000/_next/static/chunks/node_modules_next_dist_1e8vcs8._.js:791
[  505705ms] [LOG] [Fast Refresh] done in 77ms @ http://localhost:3000/_next/static/chunks/node_modules_next_dist_1e8vcs8._.js:791
[  505772ms] [LOG] [Fast Refresh] done in 77ms @ http://localhost:3000/_next/static/chunks/node_modules_next_dist_1e8vcs8._.js:791
[  505834ms] [LOG] [Fast Refresh] done in 77ms @ http://localhost:3000/_next/static/chunks/node_modules_next_dist_1e8vcs8._.js:791
[  505897ms] [LOG] [Fast Refresh] done in 77ms @ http://localhost:3000/_next/static/chunks/node_modules_next_dist_1e8vcs8._.js:791
[  505961ms] [LOG] [Fast Refresh] done in 77ms @ http://localhost:3000/_next/static/chunks/node_modules_next_dist_1e8vcs8._.js:791
[  506033ms] [LOG] [Fast Refresh] done in 77ms @ http://localhost:3000/_next/static/chunks/node_modules_next_dist_1e8vcs8._.js:791
[  506093ms] [LOG] [Fast Refresh] done in 77ms @ http://localhost:3000/_next/static/chunks/node_modules_next_dist_1e8vcs8._.js:791
[  506154ms] [LOG] [Fast Refresh] done in 77ms @ http://localhost:3000/_next/static/chunks/node_modules_next_dist_1e8vcs8._.js:791
[  506201ms] [LOG] [Fast Refresh] done in 77ms @ http://localhost:3000/_next/static/chunks/node_modules_next_dist_1e8vcs8._.js:791
[  506264ms] [LOG] [Fast Refresh] done in 77ms @ http://localhost:3000/_next/static/chunks/node_modules_next_dist_1e8vcs8._.js:791
[  506325ms] [LOG] [Fast Refresh] done in 77ms @ http://localhost:3000/_next/static/chunks/node_modules_next_dist_1e8vcs8._.js:791
[  506386ms] [LOG] [Fast Refresh] done in 77ms @ http://localhost:3000/_next/static/chunks/node_modules_next_dist_1e8vcs8._.js:791
[  506450ms] [LOG] [Fast Refresh] done in 77ms @ http://localhost:3000/_next/static/chunks/node_modules_next_dist_1e8vcs8._.js:791
[  506513ms] [LOG] [Fast Refresh] done in 77ms @ http://localhost:3000/_next/static/chunks/node_modules_next_dist_1e8vcs8._.js:791
[  506575ms] [LOG] [Fast Refresh] done in 77ms @ http://localhost:3000/_next/static/chunks/node_modules_next_dist_1e8vcs8._.js:791
[  506636ms] [LOG] [Fast Refresh] done in 77ms @ http://localhost:3000/_next/static/chunks/node_modules_next_dist_1e8vcs8._.js:791
[  506698ms] [LOG] [Fast Refresh] done in 77ms @ http://localhost:3000/_next/static/chunks/node_modules_next_dist_1e8vcs8._.js:791
[  506760ms] [LOG] [Fast Refresh] done in 77ms @ http://localhost:3000/_next/static/chunks/node_modules_next_dist_1e8vcs8._.js:791
[  506824ms] [LOG] [Fast Refresh] done in 77ms @ http://localhost:3000/_next/static/chunks/node_modules_next_dist_1e8vcs8._.js:791
[  506886ms] [LOG] [Fast Refresh] done in 77ms @ http://localhost:3000/_next/static/chunks/node_modules_next_dist_1e8vcs8._.js:791
[  506948ms] [LOG] [Fast Refresh] done in 77ms @ http://localhost:3000/_next/static/chunks/node_modules_next_dist_1e8vcs8._.js:791
[  507011ms] [LOG] [Fast Refresh] done in 77ms @ http://localhost:3000/_next/static/chunks/node_modules_next_dist_1e8vcs8._.js:791
[  507073ms] [LOG] [Fast Refresh] done in 77ms @ http://localhost:3000/_next/static/chunks/node_modules_next_dist_1e8vcs8._.js:791
[  507134ms] [LOG] [Fast Refresh] done in 77ms @ http://localhost:3000/_next/static/chunks/node_modules_next_dist_1e8vcs8._.js:791
[  507197ms] [LOG] [Fast Refresh] done in 77ms @ http://localhost:3000/_next/static/chunks/node_modules_next_dist_1e8vcs8._.js:791
[  507258ms] [LOG] [Fast Refresh] done in 77ms @ http://localhost:3000/_next/static/chunks/node_modules_next_dist_1e8vcs8._.js:791
[  507320ms] [LOG] [Fast Refresh] done in 77ms @ http://localhost:3000/_next/static/chunks/node_modules_next_dist_1e8vcs8._.js:791
[  507383ms] [LOG] [Fast Refresh] done in 77ms @ http://localhost:3000/_next/static/chunks/node_modules_next_dist_1e8vcs8._.js:791
[  507445ms] [LOG] [Fast Refresh] done in 77ms @ http://localhost:3000/_next/static/chunks/node_modules_next_dist_1e8vcs8._.js:791
[  507506ms] [LOG] [Fast Refresh] done in 77ms @ http://localhost:3000/_next/static/chunks/node_modules_next_dist_1e8vcs8._.js:791
[  507569ms] [LOG] [Fast Refresh] done in 77ms @ http://localhost:3000/_next/static/chunks/node_modules_next_dist_1e8vcs8._.js:791
[  507631ms] [LOG] [Fast Refresh] done in 77ms @ http://localhost:3000/_next/static/chunks/node_modules_next_dist_1e8vcs8._.js:791
[  507693ms] [LOG] [Fast Refresh] done in 77ms @ http://localhost:3000/_next/static/chunks/node_modules_next_dist_1e8vcs8._.js:791
[  507754ms] [LOG] [Fast Refresh] done in 77ms @ http://localhost:3000/_next/static/chunks/node_modules_next_dist_1e8vcs8._.js:791
[  507817ms] [LOG] [Fast Refresh] done in 77ms @ http://localhost:3000/_next/static/chunks/node_modules_next_dist_1e8vcs8._.js:791
[  507880ms] [LOG] [Fast Refresh] done in 77ms @ http://localhost:3000/_next/static/chunks/node_modules_next_dist_1e8vcs8._.js:791
[  507944ms] [LOG] [Fast Refresh] done in 77ms @ http://localhost:3000/_next/static/chunks/node_modules_next_dist_1e8vcs8._.js:791
[  508008ms] [LOG] [Fast Refresh] done in 77ms @ http://localhost:3000/_next/static/chunks/node_modules_next_dist_1e8vcs8._.js:791
[  508070ms] [LOG] [Fast Refresh] done in 77ms @ http://localhost:3000/_next/static/chunks/node_modules_next_dist_1e8vcs8._.js:791
[  508129ms] [LOG] [Fast Refresh] done in 77ms @ http://localhost:3000/_next/static/chunks/node_modules_next_dist_1e8vcs8._.js:791
[  508193ms] [LOG] [Fast Refresh] done in 77ms @ http://localhost:3000/_next/static/chunks/node_modules_next_dist_1e8vcs8._.js:791
[  508257ms] [LOG] [Fast Refresh] done in 77ms @ http://localhost:3000/_next/static/chunks/node_modules_next_dist_1e8vcs8._.js:791
[  508320ms] [LOG] [Fast Refresh] done in 77ms @ http://localhost:3000/_next/static/chunks/node_modules_next_dist_1e8vcs8._.js:791
[  508381ms] [LOG] [Fast Refresh] done in 77ms @ http://localhost:3000/_next/static/chunks/node_modules_next_dist_1e8vcs8._.js:791
[  508444ms] [LOG] [Fast Refresh] done in 77ms @ http://localhost:3000/_next/static/chunks/node_modules_next_dist_1e8vcs8._.js:791
[  508506ms] [LOG] [Fast Refresh] done in 77ms @ http://localhost:3000/_next/static/chunks/node_modules_next_dist_1e8vcs8._.js:791
[  508571ms] [LOG] [Fast Refresh] done in 77ms @ http://localhost:3000/_next/static/chunks/node_modules_next_dist_1e8vcs8._.js:791
[  508631ms] [LOG] [Fast Refresh] done in 77ms @ http://localhost:3000/_next/static/chunks/node_modules_next_dist_1e8vcs8._.js:791
[  508693ms] [LOG] [Fast Refresh] done in 77ms @ http://localhost:3000/_next/static/chunks/node_modules_next_dist_1e8vcs8._.js:791
[  508750ms] [LOG] [Fast Refresh] done in 77ms @ http://localhost:3000/_next/static/chunks/node_modules_next_dist_1e8vcs8._.js:791
[  508813ms] [LOG] [Fast Refresh] done in 77ms @ http://localhost:3000/_next/static/chunks/node_modules_next_dist_1e8vcs8._.js:791
[  508876ms] [LOG] [Fast Refresh] done in 77ms @ http://localhost:3000/_next/static/chunks/node_modules_next_dist_1e8vcs8._.js:791
[  508938ms] [LOG] [Fast Refresh] done in 77ms @ http://localhost:3000/_next/static/chunks/node_modules_next_dist_1e8vcs8._.js:791
[  509001ms] [LOG] [Fast Refresh] done in 77ms @ http://localhost:3000/_next/static/chunks/node_modules_next_dist_1e8vcs8._.js:791
[  509063ms] [LOG] [Fast Refresh] done in 77ms @ http://localhost:3000/_next/static/chunks/node_modules_next_dist_1e8vcs8._.js:791
[  509128ms] [LOG] [Fast Refresh] done in 77ms @ http://localhost:3000/_next/static/chunks/node_modules_next_dist_1e8vcs8._.js:791
[  509205ms] [LOG] [Fast Refresh] done in 77ms @ http://localhost:3000/_next/static/chunks/node_modules_next_dist_1e8vcs8._.js:791
[  509267ms] [LOG] [Fast Refresh] done in 77ms @ http://localhost:3000/_next/static/chunks/node_modules_next_dist_1e8vcs8._.js:791
[  509329ms] [LOG] [Fast Refresh] done in 77ms @ http://localhost:3000/_next/static/chunks/node_modules_next_dist_1e8vcs8._.js:791
[  509382ms] [LOG] [Fast Refresh] done in 77ms @ http://localhost:3000/_next/static/chunks/node_modules_next_dist_1e8vcs8._.js:791
[  509434ms] [LOG] [Fast Refresh] done in 77ms @ http://localhost:3000/_next/static/chunks/node_modules_next_dist_1e8vcs8._.js:791
[  509497ms] [LOG] [Fast Refresh] done in 77ms @ http://localhost:3000/_next/static/chunks/node_modules_next_dist_1e8vcs8._.js:791
[  509560ms] [LOG] [Fast Refresh] done in 77ms @ http://localhost:3000/_next/static/chunks/node_modules_next_dist_1e8vcs8._.js:791
[  509624ms] [LOG] [Fast Refresh] done in 77ms @ http://localhost:3000/_next/static/chunks/node_modules_next_dist_1e8vcs8._.js:791
[  509689ms] [LOG] [Fast Refresh] done in 77ms @ http://localhost:3000/_next/static/chunks/node_modules_next_dist_1e8vcs8._.js:791
[  509740ms] [LOG] [Fast Refresh] done in 77ms @ http://localhost:3000/_next/static/chunks/node_modules_next_dist_1e8vcs8._.js:791
[  509802ms] [LOG] [Fast Refresh] done in 77ms @ http://localhost:3000/_next/static/chunks/node_modules_next_dist_1e8vcs8._.js:791
[  509865ms] [LOG] [Fast Refresh] done in 77ms @ http://localhost:3000/_next/static/chunks/node_modules_next_dist_1e8vcs8._.js:791
[  509927ms] [LOG] [Fast Refresh] done in 77ms @ http://localhost:3000/_next/static/chunks/node_modules_next_dist_1e8vcs8._.js:791
[  509990ms] [LOG] [Fast Refresh] done in 77ms @ http://localhost:3000/_next/static/chunks/node_modules_next_dist_1e8vcs8._.js:791
[  510068ms] [LOG] [Fast Refresh] done in 77ms @ http://localhost:3000/_next/static/chunks/node_modules_next_dist_1e8vcs8._.js:791
[  510129ms] [LOG] [Fast Refresh] done in 77ms @ http://localhost:3000/_next/static/chunks/node_modules_next_dist_1e8vcs8._.js:791
[  510190ms] [LOG] [Fast Refresh] done in 77ms @ http://localhost:3000/_next/static/chunks/node_modules_next_dist_1e8vcs8._.js:791
[  510252ms] [LOG] [Fast Refresh] done in 77ms @ http://localhost:3000/_next/static/chunks/node_modules_next_dist_1e8vcs8._.js:791
[  510313ms] [LOG] [Fast Refresh] done in 77ms @ http://localhost:3000/_next/static/chunks/node_modules_next_dist_1e8vcs8._.js:791
[  510377ms] [LOG] [Fast Refresh] done in 77ms @ http://localhost:3000/_next/static/chunks/node_modules_next_dist_1e8vcs8._.js:791
[  510438ms] [LOG] [Fast Refresh] done in 77ms @ http://localhost:3000/_next/static/chunks/node_modules_next_dist_1e8vcs8._.js:791
[  510500ms] [LOG] [Fast Refresh] done in 77ms @ http://localhost:3000/_next/static/chunks/node_modules_next_dist_1e8vcs8._.js:791
[  510562ms] [LOG] [Fast Refresh] done in 77ms @ http://localhost:3000/_next/static/chunks/node_modules_next_dist_1e8vcs8._.js:791
[  510625ms] [LOG] [Fast Refresh] done in 77ms @ http://localhost:3000/_next/static/chunks/node_modules_next_dist_1e8vcs8._.js:791
[  510687ms] [LOG] [Fast Refresh] done in 77ms @ http://localhost:3000/_next/static/chunks/node_modules_next_dist_1e8vcs8._.js:791
[  510749ms] [LOG] [Fast Refresh] done in 77ms @ http://localhost:3000/_next/static/chunks/node_modules_next_dist_1e8vcs8._.js:791
[  510811ms] [LOG] [Fast Refresh] done in 77ms @ http://localhost:3000/_next/static/chunks/node_modules_next_dist_1e8vcs8._.js:791
[  510873ms] [LOG] [Fast Refresh] done in 77ms @ http://localhost:3000/_next/static/chunks/node_modules_next_dist_1e8vcs8._.js:791
[  510921ms] [LOG] [Fast Refresh] done in 77ms @ http://localhost:3000/_next/static/chunks/node_modules_next_dist_1e8vcs8._.js:791
[  510983ms] [LOG] [Fast Refresh] done in 77ms @ http://localhost:3000/_next/static/chunks/node_modules_next_dist_1e8vcs8._.js:791
[  511044ms] [LOG] [Fast Refresh] done in 77ms @ http://localhost:3000/_next/static/chunks/node_modules_next_dist_1e8vcs8._.js:791
[  511106ms] [LOG] [Fast Refresh] done in 77ms @ http://localhost:3000/_next/static/chunks/node_modules_next_dist_1e8vcs8._.js:791
[  511168ms] [LOG] [Fast Refresh] done in 77ms @ http://localhost:3000/_next/static/chunks/node_modules_next_dist_1e8vcs8._.js:791
[  511230ms] [LOG] [Fast Refresh] done in 77ms @ http://localhost:3000/_next/static/chunks/node_modules_next_dist_1e8vcs8._.js:791
[  511292ms] [LOG] [Fast Refresh] done in 77ms @ http://localhost:3000/_next/static/chunks/node_modules_next_dist_1e8vcs8._.js:791
[  511355ms] [LOG] [Fast Refresh] done in 77ms @ http://localhost:3000/_next/static/chunks/node_modules_next_dist_1e8vcs8._.js:791
[  511416ms] [LOG] [Fast Refresh] done in 77ms @ http://localhost:3000/_next/static/chunks/node_modules_next_dist_1e8vcs8._.js:791
[  511479ms] [LOG] [Fast Refresh] done in 77ms @ http://localhost:3000/_next/static/chunks/node_modules_next_dist_1e8vcs8._.js:791
[  511541ms] [LOG] [Fast Refresh] done in 77ms @ http://localhost:3000/_next/static/chunks/node_modules_next_dist_1e8vcs8._.js:791
[  511603ms] [LOG] [Fast Refresh] done in 77ms @ http://localhost:3000/_next/static/chunks/node_modules_next_dist_1e8vcs8._.js:791
[  511665ms] [LOG] [Fast Refresh] done in 77ms @ http://localhost:3000/_next/static/chunks/node_modules_next_dist_1e8vcs8._.js:791
[  511728ms] [LOG] [Fast Refresh] done in 77ms @ http://localhost:3000/_next/static/chunks/node_modules_next_dist_1e8vcs8._.js:791
[  511789ms] [LOG] [Fast Refresh] done in 77ms @ http://localhost:3000/_next/static/chunks/node_modules_next_dist_1e8vcs8._.js:791
[  511851ms] [LOG] [Fast Refresh] done in 77ms @ http://localhost:3000/_next/static/chunks/node_modules_next_dist_1e8vcs8._.js:791
[  511914ms] [LOG] [Fast Refresh] done in 77ms @ http://localhost:3000/_next/static/chunks/node_modules_next_dist_1e8vcs8._.js:791
[  511976ms] [LOG] [Fast Refresh] done in 77ms @ http://localhost:3000/_next/static/chunks/node_modules_next_dist_1e8vcs8._.js:791
[  512037ms] [LOG] [Fast Refresh] done in 77ms @ http://localhost:3000/_next/static/chunks/node_modules_next_dist_1e8vcs8._.js:791
[  512099ms] [LOG] [Fast Refresh] done in 77ms @ http://localhost:3000/_next/static/chunks/node_modules_next_dist_1e8vcs8._.js:791
[  512162ms] [LOG] [Fast Refresh] done in 77ms @ http://localhost:3000/_next/static/chunks/node_modules_next_dist_1e8vcs8._.js:791
[  512224ms] [LOG] [Fast Refresh] done in 77ms @ http://localhost:3000/_next/static/chunks/node_modules_next_dist_1e8vcs8._.js:791
[  512286ms] [LOG] [Fast Refresh] done in 77ms @ http://localhost:3000/_next/static/chunks/node_modules_next_dist_1e8vcs8._.js:791
[  512348ms] [LOG] [Fast Refresh] done in 77ms @ http://localhost:3000/_next/static/chunks/node_modules_next_dist_1e8vcs8._.js:791
[  512409ms] [LOG] [Fast Refresh] done in 77ms @ http://localhost:3000/_next/static/chunks/node_modules_next_dist_1e8vcs8._.js:791
[  512473ms] [LOG] [Fast Refresh] done in 77ms @ http://localhost:3000/_next/static/chunks/node_modules_next_dist_1e8vcs8._.js:791
[  512545ms] [LOG] [Fast Refresh] done in 77ms @ http://localhost:3000/_next/static/chunks/node_modules_next_dist_1e8vcs8._.js:791
[  512606ms] [LOG] [Fast Refresh] done in 77ms @ http://localhost:3000/_next/static/chunks/node_modules_next_dist_1e8vcs8._.js:791
[  512668ms] [LOG] [Fast Refresh] done in 77ms @ http://localhost:3000/_next/static/chunks/node_modules_next_dist_1e8vcs8._.js:791
[  512730ms] [LOG] [Fast Refresh] done in 77ms @ http://localhost:3000/_next/static/chunks/node_modules_next_dist_1e8vcs8._.js:791
[  512792ms] [LOG] [Fast Refresh] done in 77ms @ http://localhost:3000/_next/static/chunks/node_modules_next_dist_1e8vcs8._.js:791
[  512855ms] [LOG] [Fast Refresh] done in 77ms @ http://localhost:3000/_next/static/chunks/node_modules_next_dist_1e8vcs8._.js:791
[  512917ms] [LOG] [Fast Refresh] done in 77ms @ http://localhost:3000/_next/static/chunks/node_modules_next_dist_1e8vcs8._.js:791
[  512976ms] [LOG] [Fast Refresh] done in 77ms @ http://localhost:3000/_next/static/chunks/node_modules_next_dist_1e8vcs8._.js:791
[  513038ms] [LOG] [Fast Refresh] done in 77ms @ http://localhost:3000/_next/static/chunks/node_modules_next_dist_1e8vcs8._.js:791
[  513094ms] [LOG] [Fast Refresh] done in 77ms @ http://localhost:3000/_next/static/chunks/node_modules_next_dist_1e8vcs8._.js:791
[  513155ms] [LOG] [Fast Refresh] done in 77ms @ http://localhost:3000/_next/static/chunks/node_modules_next_dist_1e8vcs8._.js:791
[  513217ms] [LOG] [Fast Refresh] done in 77ms @ http://localhost:3000/_next/static/chunks/node_modules_next_dist_1e8vcs8._.js:791
[  513281ms] [LOG] [Fast Refresh] done in 77ms @ http://localhost:3000/_next/static/chunks/node_modules_next_dist_1e8vcs8._.js:791
[  513343ms] [LOG] [Fast Refresh] done in 77ms @ http://localhost:3000/_next/static/chunks/node_modules_next_dist_1e8vcs8._.js:791
[  513406ms] [LOG] [Fast Refresh] done in 77ms @ http://localhost:3000/_next/static/chunks/node_modules_next_dist_1e8vcs8._.js:791
[  513467ms] [LOG] [Fast Refresh] done in 77ms @ http://localhost:3000/_next/static/chunks/node_modules_next_dist_1e8vcs8._.js:791
[  513530ms] [LOG] [Fast Refresh] done in 77ms @ http://localhost:3000/_next/static/chunks/node_modules_next_dist_1e8vcs8._.js:791
[  513592ms] [LOG] [Fast Refresh] done in 77ms @ http://localhost:3000/_next/static/chunks/node_modules_next_dist_1e8vcs8._.js:791
[  513655ms] [LOG] [Fast Refresh] done in 77ms @ http://localhost:3000/_next/static/chunks/node_modules_next_dist_1e8vcs8._.js:791
[  513716ms] [LOG] [Fast Refresh] done in 77ms @ http://localhost:3000/_next/static/chunks/node_modules_next_dist_1e8vcs8._.js:791
[  513781ms] [LOG] [Fast Refresh] done in 77ms @ http://localhost:3000/_next/static/chunks/node_modules_next_dist_1e8vcs8._.js:791
[  513842ms] [LOG] [Fast Refresh] done in 77ms @ http://localhost:3000/_next/static/chunks/node_modules_next_dist_1e8vcs8._.js:791
[  513904ms] [LOG] [Fast Refresh] done in 77ms @ http://localhost:3000/_next/static/chunks/node_modules_next_dist_1e8vcs8._.js:791
[  513969ms] [LOG] [Fast Refresh] done in 77ms @ http://localhost:3000/_next/static/chunks/node_modules_next_dist_1e8vcs8._.js:791
[  514029ms] [LOG] [Fast Refresh] done in 77ms @ http://localhost:3000/_next/static/chunks/node_modules_next_dist_1e8vcs8._.js:791
[  514090ms] [LOG] [Fast Refresh] done in 77ms @ http://localhost:3000/_next/static/chunks/node_modules_next_dist_1e8vcs8._.js:791
[  514154ms] [LOG] [Fast Refresh] done in 77ms @ http://localhost:3000/_next/static/chunks/node_modules_next_dist_1e8vcs8._.js:791
[  514219ms] [LOG] [Fast Refresh] done in 77ms @ http://localhost:3000/_next/static/chunks/node_modules_next_dist_1e8vcs8._.js:791
[  514281ms] [LOG] [Fast Refresh] done in 77ms @ http://localhost:3000/_next/static/chunks/node_modules_next_dist_1e8vcs8._.js:791
[  514343ms] [LOG] [Fast Refresh] done in 77ms @ http://localhost:3000/_next/static/chunks/node_modules_next_dist_1e8vcs8._.js:791
[  514405ms] [LOG] [Fast Refresh] done in 77ms @ http://localhost:3000/_next/static/chunks/node_modules_next_dist_1e8vcs8._.js:791
[  514466ms] [LOG] [Fast Refresh] done in 77ms @ http://localhost:3000/_next/static/chunks/node_modules_next_dist_1e8vcs8._.js:791
[  514528ms] [LOG] [Fast Refresh] done in 77ms @ http://localhost:3000/_next/static/chunks/node_modules_next_dist_1e8vcs8._.js:791
[  514590ms] [LOG] [Fast Refresh] done in 77ms @ http://localhost:3000/_next/static/chunks/node_modules_next_dist_1e8vcs8._.js:791
[  514651ms] [LOG] [Fast Refresh] done in 77ms @ http://localhost:3000/_next/static/chunks/node_modules_next_dist_1e8vcs8._.js:791
[  514713ms] [LOG] [Fast Refresh] done in 77ms @ http://localhost:3000/_next/static/chunks/node_modules_next_dist_1e8vcs8._.js:791
[  514776ms] [LOG] [Fast Refresh] done in 77ms @ http://localhost:3000/_next/static/chunks/node_modules_next_dist_1e8vcs8._.js:791
[  514837ms] [LOG] [Fast Refresh] done in 77ms @ http://localhost:3000/_next/static/chunks/node_modules_next_dist_1e8vcs8._.js:791
[  514899ms] [LOG] [Fast Refresh] done in 77ms @ http://localhost:3000/_next/static/chunks/node_modules_next_dist_1e8vcs8._.js:791
[  514961ms] [LOG] [Fast Refresh] done in 77ms @ http://localhost:3000/_next/static/chunks/node_modules_next_dist_1e8vcs8._.js:791
[  515023ms] [LOG] [Fast Refresh] done in 77ms @ http://localhost:3000/_next/static/chunks/node_modules_next_dist_1e8vcs8._.js:791
[  515085ms] [LOG] [Fast Refresh] done in 77ms @ http://localhost:3000/_next/static/chunks/node_modules_next_dist_1e8vcs8._.js:791
[  515147ms] [LOG] [Fast Refresh] done in 77ms @ http://localhost:3000/_next/static/chunks/node_modules_next_dist_1e8vcs8._.js:791
[  515210ms] [LOG] [Fast Refresh] done in 77ms @ http://localhost:3000/_next/static/chunks/node_modules_next_dist_1e8vcs8._.js:791
[  515273ms] [LOG] [Fast Refresh] done in 77ms @ http://localhost:3000/_next/static/chunks/node_modules_next_dist_1e8vcs8._.js:791
[  515335ms] [LOG] [Fast Refresh] done in 77ms @ http://localhost:3000/_next/static/chunks/node_modules_next_dist_1e8vcs8._.js:791
[  515399ms] [LOG] [Fast Refresh] done in 77ms @ http://localhost:3000/_next/static/chunks/node_modules_next_dist_1e8vcs8._.js:791
[  515447ms] [LOG] [Fast Refresh] done in 77ms @ http://localhost:3000/_next/static/chunks/node_modules_next_dist_1e8vcs8._.js:791
[  515510ms] [LOG] [Fast Refresh] done in 77ms @ http://localhost:3000/_next/static/chunks/node_modules_next_dist_1e8vcs8._.js:791
[  515572ms] [LOG] [Fast Refresh] done in 77ms @ http://localhost:3000/_next/static/chunks/node_modules_next_dist_1e8vcs8._.js:791
[  515620ms] [LOG] [Fast Refresh] done in 77ms @ http://localhost:3000/_next/static/chunks/node_modules_next_dist_1e8vcs8._.js:791
[  515682ms] [LOG] [Fast Refresh] done in 77ms @ http://localhost:3000/_next/static/chunks/node_modules_next_dist_1e8vcs8._.js:791
[  515744ms] [LOG] [Fast Refresh] done in 77ms @ http://localhost:3000/_next/static/chunks/node_modules_next_dist_1e8vcs8._.js:791
[  515807ms] [LOG] [Fast Refresh] done in 77ms @ http://localhost:3000/_next/static/chunks/node_modules_next_dist_1e8vcs8._.js:791
[  515869ms] [LOG] [Fast Refresh] done in 77ms @ http://localhost:3000/_next/static/chunks/node_modules_next_dist_1e8vcs8._.js:791
[  515931ms] [LOG] [Fast Refresh] done in 77ms @ http://localhost:3000/_next/static/chunks/node_modules_next_dist_1e8vcs8._.js:791
[  515993ms] [LOG] [Fast Refresh] done in 77ms @ http://localhost:3000/_next/static/chunks/node_modules_next_dist_1e8vcs8._.js:791
[  516056ms] [LOG] [Fast Refresh] done in 77ms @ http://localhost:3000/_next/static/chunks/node_modules_next_dist_1e8vcs8._.js:791
[  516119ms] [LOG] [Fast Refresh] done in 77ms @ http://localhost:3000/_next/static/chunks/node_modules_next_dist_1e8vcs8._.js:791
[  516182ms] [LOG] [Fast Refresh] done in 77ms @ http://localhost:3000/_next/static/chunks/node_modules_next_dist_1e8vcs8._.js:791
[  516230ms] [LOG] [Fast Refresh] done in 77ms @ http://localhost:3000/_next/static/chunks/node_modules_next_dist_1e8vcs8._.js:791
[  516293ms] [LOG] [Fast Refresh] done in 77ms @ http://localhost:3000/_next/static/chunks/node_modules_next_dist_1e8vcs8._.js:791
[  516356ms] [LOG] [Fast Refresh] done in 77ms @ http://localhost:3000/_next/static/chunks/node_modules_next_dist_1e8vcs8._.js:791
[  516419ms] [LOG] [Fast Refresh] done in 77ms @ http://localhost:3000/_next/static/chunks/node_modules_next_dist_1e8vcs8._.js:791
[  516486ms] [LOG] [Fast Refresh] done in 77ms @ http://localhost:3000/_next/static/chunks/node_modules_next_dist_1e8vcs8._.js:791
[  516545ms] [LOG] [Fast Refresh] done in 77ms @ http://localhost:3000/_next/static/chunks/node_modules_next_dist_1e8vcs8._.js:791
[  516609ms] [LOG] [Fast Refresh] done in 77ms @ http://localhost:3000/_next/static/chunks/node_modules_next_dist_1e8vcs8._.js:791
[  516672ms] [LOG] [Fast Refresh] done in 77ms @ http://localhost:3000/_next/static/chunks/node_modules_next_dist_1e8vcs8._.js:791
[  516732ms] [LOG] [Fast Refresh] done in 77ms @ http://localhost:3000/_next/static/chunks/node_modules_next_dist_1e8vcs8._.js:791
[  516797ms] [LOG] [Fast Refresh] done in 77ms @ http://localhost:3000/_next/static/chunks/node_modules_next_dist_1e8vcs8._.js:791
[  516873ms] [LOG] [Fast Refresh] done in 77ms @ http://localhost:3000/_next/static/chunks/node_modules_next_dist_1e8vcs8._.js:791
[  516932ms] [LOG] [Fast Refresh] done in 77ms @ http://localhost:3000/_next/static/chunks/node_modules_next_dist_1e8vcs8._.js:791
[  516995ms] [LOG] [Fast Refresh] done in 77ms @ http://localhost:3000/_next/static/chunks/node_modules_next_dist_1e8vcs8._.js:791
[  517060ms] [LOG] [Fast Refresh] done in 77ms @ http://localhost:3000/_next/static/chunks/node_modules_next_dist_1e8vcs8._.js:791
[  517127ms] [LOG] [Fast Refresh] done in 77ms @ http://localhost:3000/_next/static/chunks/node_modules_next_dist_1e8vcs8._.js:791
[  517189ms] [LOG] [Fast Refresh] done in 77ms @ http://localhost:3000/_next/static/chunks/node_modules_next_dist_1e8vcs8._.js:791
[  517251ms] [LOG] [Fast Refresh] done in 77ms @ http://localhost:3000/_next/static/chunks/node_modules_next_dist_1e8vcs8._.js:791
[  517312ms] [LOG] [Fast Refresh] done in 77ms @ http://localhost:3000/_next/static/chunks/node_modules_next_dist_1e8vcs8._.js:791
[  517374ms] [LOG] [Fast Refresh] done in 77ms @ http://localhost:3000/_next/static/chunks/node_modules_next_dist_1e8vcs8._.js:791
[  517434ms] [LOG] [Fast Refresh] done in 77ms @ http://localhost:3000/_next/static/chunks/node_modules_next_dist_1e8vcs8._.js:791
[  517496ms] [LOG] [Fast Refresh] done in 77ms @ http://localhost:3000/_next/static/chunks/node_modules_next_dist_1e8vcs8._.js:791
[  517558ms] [LOG] [Fast Refresh] done in 77ms @ http://localhost:3000/_next/static/chunks/node_modules_next_dist_1e8vcs8._.js:791
[  517623ms] [LOG] [Fast Refresh] done in 77ms @ http://localhost:3000/_next/static/chunks/node_modules_next_dist_1e8vcs8._.js:791
[  517684ms] [LOG] [Fast Refresh] done in 77ms @ http://localhost:3000/_next/static/chunks/node_modules_next_dist_1e8vcs8._.js:791
[  517731ms] [LOG] [Fast Refresh] done in 77ms @ http://localhost:3000/_next/static/chunks/node_modules_next_dist_1e8vcs8._.js:791
[  517794ms] [LOG] [Fast Refresh] done in 77ms @ http://localhost:3000/_next/static/chunks/node_modules_next_dist_1e8vcs8._.js:791
[  517842ms] [LOG] [Fast Refresh] done in 77ms @ http://localhost:3000/_next/static/chunks/node_modules_next_dist_1e8vcs8._.js:791
[  517904ms] [LOG] [Fast Refresh] done in 77ms @ http://localhost:3000/_next/static/chunks/node_modules_next_dist_1e8vcs8._.js:791
[  517966ms] [LOG] [Fast Refresh] done in 77ms @ http://localhost:3000/_next/static/chunks/node_modules_next_dist_1e8vcs8._.js:791
[  518045ms] [LOG] [Fast Refresh] done in 77ms @ http://localhost:3000/_next/static/chunks/node_modules_next_dist_1e8vcs8._.js:791
[  518110ms] [LOG] [Fast Refresh] done in 77ms @ http://localhost:3000/_next/static/chunks/node_modules_next_dist_1e8vcs8._.js:791
[  518173ms] [LOG] [Fast Refresh] done in 77ms @ http://localhost:3000/_next/static/chunks/node_modules_next_dist_1e8vcs8._.js:791
[  518237ms] [LOG] [Fast Refresh] done in 77ms @ http://localhost:3000/_next/static/chunks/node_modules_next_dist_1e8vcs8._.js:791
[  518299ms] [LOG] [Fast Refresh] done in 77ms @ http://localhost:3000/_next/static/chunks/node_modules_next_dist_1e8vcs8._.js:791
[  518360ms] [LOG] [Fast Refresh] done in 77ms @ http://localhost:3000/_next/static/chunks/node_modules_next_dist_1e8vcs8._.js:791
[  518422ms] [LOG] [Fast Refresh] done in 77ms @ http://localhost:3000/_next/static/chunks/node_modules_next_dist_1e8vcs8._.js:791
[  518483ms] [LOG] [Fast Refresh] done in 77ms @ http://localhost:3000/_next/static/chunks/node_modules_next_dist_1e8vcs8._.js:791
[  518542ms] [LOG] [Fast Refresh] done in 77ms @ http://localhost:3000/_next/static/chunks/node_modules_next_dist_1e8vcs8._.js:791
[  518604ms] [LOG] [Fast Refresh] done in 77ms @ http://localhost:3000/_next/static/chunks/node_modules_next_dist_1e8vcs8._.js:791
[  518652ms] [LOG] [Fast Refresh] done in 77ms @ http://localhost:3000/_next/static/chunks/node_modules_next_dist_1e8vcs8._.js:791
[  518714ms] [LOG] [Fast Refresh] done in 77ms @ http://localhost:3000/_next/static/chunks/node_modules_next_dist_1e8vcs8._.js:791
[  518777ms] [LOG] [Fast Refresh] done in 77ms @ http://localhost:3000/_next/static/chunks/node_modules_next_dist_1e8vcs8._.js:791
[  518839ms] [LOG] [Fast Refresh] done in 77ms @ http://localhost:3000/_next/static/chunks/node_modules_next_dist_1e8vcs8._.js:791
[  518900ms] [LOG] [Fast Refresh] done in 77ms @ http://localhost:3000/_next/static/chunks/node_modules_next_dist_1e8vcs8._.js:791
[  518963ms] [LOG] [Fast Refresh] done in 77ms @ http://localhost:3000/_next/static/chunks/node_modules_next_dist_1e8vcs8._.js:791
[  519026ms] [LOG] [Fast Refresh] done in 77ms @ http://localhost:3000/_next/static/chunks/node_modules_next_dist_1e8vcs8._.js:791
[  519088ms] [LOG] [Fast Refresh] done in 77ms @ http://localhost:3000/_next/static/chunks/node_modules_next_dist_1e8vcs8._.js:791
[  519149ms] [LOG] [Fast Refresh] done in 77ms @ http://localhost:3000/_next/static/chunks/node_modules_next_dist_1e8vcs8._.js:791
[  519210ms] [LOG] [Fast Refresh] done in 77ms @ http://localhost:3000/_next/static/chunks/node_modules_next_dist_1e8vcs8._.js:791
[  519273ms] [LOG] [Fast Refresh] done in 77ms @ http://localhost:3000/_next/static/chunks/node_modules_next_dist_1e8vcs8._.js:791
[  519334ms] [LOG] [Fast Refresh] done in 77ms @ http://localhost:3000/_next/static/chunks/node_modules_next_dist_1e8vcs8._.js:791
[  519396ms] [LOG] [Fast Refresh] done in 77ms @ http://localhost:3000/_next/static/chunks/node_modules_next_dist_1e8vcs8._.js:791
[  519458ms] [LOG] [Fast Refresh] done in 77ms @ http://localhost:3000/_next/static/chunks/node_modules_next_dist_1e8vcs8._.js:791
[  519521ms] [LOG] [Fast Refresh] done in 77ms @ http://localhost:3000/_next/static/chunks/node_modules_next_dist_1e8vcs8._.js:791
[  519585ms] [LOG] [Fast Refresh] done in 77ms @ http://localhost:3000/_next/static/chunks/node_modules_next_dist_1e8vcs8._.js:791
[  519641ms] [LOG] [Fast Refresh] done in 77ms @ http://localhost:3000/_next/static/chunks/node_modules_next_dist_1e8vcs8._.js:791
[  519702ms] [LOG] [Fast Refresh] done in 77ms @ http://localhost:3000/_next/static/chunks/node_modules_next_dist_1e8vcs8._.js:791
[  519764ms] [LOG] [Fast Refresh] done in 77ms @ http://localhost:3000/_next/static/chunks/node_modules_next_dist_1e8vcs8._.js:791
[  519812ms] [LOG] [Fast Refresh] done in 77ms @ http://localhost:3000/_next/static/chunks/node_modules_next_dist_1e8vcs8._.js:791
[  519874ms] [LOG] [Fast Refresh] done in 77ms @ http://localhost:3000/_next/static/chunks/node_modules_next_dist_1e8vcs8._.js:791
[  519936ms] [LOG] [Fast Refresh] done in 77ms @ http://localhost:3000/_next/static/chunks/node_modules_next_dist_1e8vcs8._.js:791
[  519998ms] [LOG] [Fast Refresh] done in 77ms @ http://localhost:3000/_next/static/chunks/node_modules_next_dist_1e8vcs8._.js:791
[  520061ms] [LOG] [Fast Refresh] done in 77ms @ http://localhost:3000/_next/static/chunks/node_modules_next_dist_1e8vcs8._.js:791
[  520123ms] [LOG] [Fast Refresh] done in 77ms @ http://localhost:3000/_next/static/chunks/node_modules_next_dist_1e8vcs8._.js:791
[  520186ms] [LOG] [Fast Refresh] done in 77ms @ http://localhost:3000/_next/static/chunks/node_modules_next_dist_1e8vcs8._.js:791
[  520248ms] [LOG] [Fast Refresh] done in 77ms @ http://localhost:3000/_next/static/chunks/node_modules_next_dist_1e8vcs8._.js:791
[  520310ms] [LOG] [Fast Refresh] done in 77ms @ http://localhost:3000/_next/static/chunks/node_modules_next_dist_1e8vcs8._.js:791
[  520372ms] [LOG] [Fast Refresh] done in 77ms @ http://localhost:3000/_next/static/chunks/node_modules_next_dist_1e8vcs8._.js:791
[  520434ms] [LOG] [Fast Refresh] done in 77ms @ http://localhost:3000/_next/static/chunks/node_modules_next_dist_1e8vcs8._.js:791
[  520495ms] [LOG] [Fast Refresh] done in 77ms @ http://localhost:3000/_next/static/chunks/node_modules_next_dist_1e8vcs8._.js:791
[  520559ms] [LOG] [Fast Refresh] done in 77ms @ http://localhost:3000/_next/static/chunks/node_modules_next_dist_1e8vcs8._.js:791
[  520607ms] [LOG] [Fast Refresh] done in 77ms @ http://localhost:3000/_next/static/chunks/node_modules_next_dist_1e8vcs8._.js:791
[  520669ms] [LOG] [Fast Refresh] done in 77ms @ http://localhost:3000/_next/static/chunks/node_modules_next_dist_1e8vcs8._.js:791
[  520731ms] [LOG] [Fast Refresh] done in 77ms @ http://localhost:3000/_next/static/chunks/node_modules_next_dist_1e8vcs8._.js:791
[  520794ms] [LOG] [Fast Refresh] done in 77ms @ http://localhost:3000/_next/static/chunks/node_modules_next_dist_1e8vcs8._.js:791
[  520858ms] [LOG] [Fast Refresh] done in 77ms @ http://localhost:3000/_next/static/chunks/node_modules_next_dist_1e8vcs8._.js:791
[  520921ms] [LOG] [Fast Refresh] done in 77ms @ http://localhost:3000/_next/static/chunks/node_modules_next_dist_1e8vcs8._.js:791
[  520983ms] [LOG] [Fast Refresh] done in 77ms @ http://localhost:3000/_next/static/chunks/node_modules_next_dist_1e8vcs8._.js:791
[  521046ms] [LOG] [Fast Refresh] done in 77ms @ http://localhost:3000/_next/static/chunks/node_modules_next_dist_1e8vcs8._.js:791
[  521107ms] [LOG] [Fast Refresh] done in 77ms @ http://localhost:3000/_next/static/chunks/node_modules_next_dist_1e8vcs8._.js:791
[  521170ms] [LOG] [Fast Refresh] done in 77ms @ http://localhost:3000/_next/static/chunks/node_modules_next_dist_1e8vcs8._.js:791
[  521232ms] [LOG] [Fast Refresh] done in 77ms @ http://localhost:3000/_next/static/chunks/node_modules_next_dist_1e8vcs8._.js:791
[  521295ms] [LOG] [Fast Refresh] done in 77ms @ http://localhost:3000/_next/static/chunks/node_modules_next_dist_1e8vcs8._.js:791
[  521356ms] [LOG] [Fast Refresh] done in 77ms @ http://localhost:3000/_next/static/chunks/node_modules_next_dist_1e8vcs8._.js:791
[  521419ms] [LOG] [Fast Refresh] done in 77ms @ http://localhost:3000/_next/static/chunks/node_modules_next_dist_1e8vcs8._.js:791
[  521466ms] [LOG] [Fast Refresh] done in 77ms @ http://localhost:3000/_next/static/chunks/node_modules_next_dist_1e8vcs8._.js:791
[  521527ms] [LOG] [Fast Refresh] done in 77ms @ http://localhost:3000/_next/static/chunks/node_modules_next_dist_1e8vcs8._.js:791
[  521589ms] [LOG] [Fast Refresh] done in 77ms @ http://localhost:3000/_next/static/chunks/node_modules_next_dist_1e8vcs8._.js:791
[  521652ms] [LOG] [Fast Refresh] done in 77ms @ http://localhost:3000/_next/static/chunks/node_modules_next_dist_1e8vcs8._.js:791
[  521713ms] [LOG] [Fast Refresh] done in 77ms @ http://localhost:3000/_next/static/chunks/node_modules_next_dist_1e8vcs8._.js:791
[  521775ms] [LOG] [Fast Refresh] done in 77ms @ http://localhost:3000/_next/static/chunks/node_modules_next_dist_1e8vcs8._.js:791
[  521837ms] [LOG] [Fast Refresh] done in 77ms @ http://localhost:3000/_next/static/chunks/node_modules_next_dist_1e8vcs8._.js:791
[  521899ms] [LOG] [Fast Refresh] done in 77ms @ http://localhost:3000/_next/static/chunks/node_modules_next_dist_1e8vcs8._.js:791
[  521960ms] [LOG] [Fast Refresh] done in 77ms @ http://localhost:3000/_next/static/chunks/node_modules_next_dist_1e8vcs8._.js:791
[  522023ms] [LOG] [Fast Refresh] done in 77ms @ http://localhost:3000/_next/static/chunks/node_modules_next_dist_1e8vcs8._.js:791
[  522085ms] [LOG] [Fast Refresh] done in 77ms @ http://localhost:3000/_next/static/chunks/node_modules_next_dist_1e8vcs8._.js:791
[  522148ms] [LOG] [Fast Refresh] done in 77ms @ http://localhost:3000/_next/static/chunks/node_modules_next_dist_1e8vcs8._.js:791
[  522210ms] [LOG] [Fast Refresh] done in 77ms @ http://localhost:3000/_next/static/chunks/node_modules_next_dist_1e8vcs8._.js:791
[  522273ms] [LOG] [Fast Refresh] done in 77ms @ http://localhost:3000/_next/static/chunks/node_modules_next_dist_1e8vcs8._.js:791
[  522334ms] [LOG] [Fast Refresh] done in 77ms @ http://localhost:3000/_next/static/chunks/node_modules_next_dist_1e8vcs8._.js:791
[  522397ms] [LOG] [Fast Refresh] done in 77ms @ http://localhost:3000/_next/static/chunks/node_modules_next_dist_1e8vcs8._.js:791
[  522458ms] [LOG] [Fast Refresh] done in 77ms @ http://localhost:3000/_next/static/chunks/node_modules_next_dist_1e8vcs8._.js:791
[  522521ms] [LOG] [Fast Refresh] done in 77ms @ http://localhost:3000/_next/static/chunks/node_modules_next_dist_1e8vcs8._.js:791
[  522583ms] [LOG] [Fast Refresh] done in 77ms @ http://localhost:3000/_next/static/chunks/node_modules_next_dist_1e8vcs8._.js:791
[  522644ms] [LOG] [Fast Refresh] done in 77ms @ http://localhost:3000/_next/static/chunks/node_modules_next_dist_1e8vcs8._.js:791
[  522706ms] [LOG] [Fast Refresh] done in 77ms @ http://localhost:3000/_next/static/chunks/node_modules_next_dist_1e8vcs8._.js:791
[  522768ms] [LOG] [Fast Refresh] done in 77ms @ http://localhost:3000/_next/static/chunks/node_modules_next_dist_1e8vcs8._.js:791
[  522831ms] [LOG] [Fast Refresh] done in 77ms @ http://localhost:3000/_next/static/chunks/node_modules_next_dist_1e8vcs8._.js:791
[  522893ms] [LOG] [Fast Refresh] done in 77ms @ http://localhost:3000/_next/static/chunks/node_modules_next_dist_1e8vcs8._.js:791
[  522954ms] [LOG] [Fast Refresh] done in 77ms @ http://localhost:3000/_next/static/chunks/node_modules_next_dist_1e8vcs8._.js:791
[  523017ms] [LOG] [Fast Refresh] done in 77ms @ http://localhost:3000/_next/static/chunks/node_modules_next_dist_1e8vcs8._.js:791
[  523078ms] [LOG] [Fast Refresh] done in 77ms @ http://localhost:3000/_next/static/chunks/node_modules_next_dist_1e8vcs8._.js:791
[  523141ms] [LOG] [Fast Refresh] done in 77ms @ http://localhost:3000/_next/static/chunks/node_modules_next_dist_1e8vcs8._.js:791
[  523203ms] [LOG] [Fast Refresh] done in 77ms @ http://localhost:3000/_next/static/chunks/node_modules_next_dist_1e8vcs8._.js:791
[  523266ms] [LOG] [Fast Refresh] done in 77ms @ http://localhost:3000/_next/static/chunks/node_modules_next_dist_1e8vcs8._.js:791
[  523328ms] [LOG] [Fast Refresh] done in 77ms @ http://localhost:3000/_next/static/chunks/node_modules_next_dist_1e8vcs8._.js:791
[  523390ms] [LOG] [Fast Refresh] done in 77ms @ http://localhost:3000/_next/static/chunks/node_modules_next_dist_1e8vcs8._.js:791
[  523452ms] [LOG] [Fast Refresh] done in 77ms @ http://localhost:3000/_next/static/chunks/node_modules_next_dist_1e8vcs8._.js:791
[  523516ms] [LOG] [Fast Refresh] done in 77ms @ http://localhost:3000/_next/static/chunks/node_modules_next_dist_1e8vcs8._.js:791
[  523578ms] [LOG] [Fast Refresh] done in 77ms @ http://localhost:3000/_next/static/chunks/node_modules_next_dist_1e8vcs8._.js:791
[  523640ms] [LOG] [Fast Refresh] done in 77ms @ http://localhost:3000/_next/static/chunks/node_modules_next_dist_1e8vcs8._.js:791
[  523701ms] [LOG] [Fast Refresh] done in 77ms @ http://localhost:3000/_next/static/chunks/node_modules_next_dist_1e8vcs8._.js:791
[  523763ms] [LOG] [Fast Refresh] done in 77ms @ http://localhost:3000/_next/static/chunks/node_modules_next_dist_1e8vcs8._.js:791
[  523825ms] [LOG] [Fast Refresh] done in 77ms @ http://localhost:3000/_next/static/chunks/node_modules_next_dist_1e8vcs8._.js:791
[  523880ms] [LOG] [Fast Refresh] done in 77ms @ http://localhost:3000/_next/static/chunks/node_modules_next_dist_1e8vcs8._.js:791
[  523935ms] [LOG] [Fast Refresh] done in 77ms @ http://localhost:3000/_next/static/chunks/node_modules_next_dist_1e8vcs8._.js:791
[  523983ms] [LOG] [Fast Refresh] done in 77ms @ http://localhost:3000/_next/static/chunks/node_modules_next_dist_1e8vcs8._.js:791
[  524044ms] [LOG] [Fast Refresh] done in 77ms @ http://localhost:3000/_next/static/chunks/node_modules_next_dist_1e8vcs8._.js:791
[  524106ms] [LOG] [Fast Refresh] done in 77ms @ http://localhost:3000/_next/static/chunks/node_modules_next_dist_1e8vcs8._.js:791
[  524169ms] [LOG] [Fast Refresh] done in 77ms @ http://localhost:3000/_next/static/chunks/node_modules_next_dist_1e8vcs8._.js:791
[  524230ms] [LOG] [Fast Refresh] done in 77ms @ http://localhost:3000/_next/static/chunks/node_modules_next_dist_1e8vcs8._.js:791
[  524293ms] [LOG] [Fast Refresh] done in 77ms @ http://localhost:3000/_next/static/chunks/node_modules_next_dist_1e8vcs8._.js:791
[  524355ms] [LOG] [Fast Refresh] done in 77ms @ http://localhost:3000/_next/static/chunks/node_modules_next_dist_1e8vcs8._.js:791
[  524417ms] [LOG] [Fast Refresh] done in 77ms @ http://localhost:3000/_next/static/chunks/node_modules_next_dist_1e8vcs8._.js:791
[  524480ms] [LOG] [Fast Refresh] done in 77ms @ http://localhost:3000/_next/static/chunks/node_modules_next_dist_1e8vcs8._.js:791
[  524541ms] [LOG] [Fast Refresh] done in 77ms @ http://localhost:3000/_next/static/chunks/node_modules_next_dist_1e8vcs8._.js:791
[  524603ms] [LOG] [Fast Refresh] done in 77ms @ http://localhost:3000/_next/static/chunks/node_modules_next_dist_1e8vcs8._.js:791
[  524665ms] [LOG] [Fast Refresh] done in 77ms @ http://localhost:3000/_next/static/chunks/node_modules_next_dist_1e8vcs8._.js:791
[  524727ms] [LOG] [Fast Refresh] done in 77ms @ http://localhost:3000/_next/static/chunks/node_modules_next_dist_1e8vcs8._.js:791
[  524789ms] [LOG] [Fast Refresh] done in 77ms @ http://localhost:3000/_next/static/chunks/node_modules_next_dist_1e8vcs8._.js:791
[  524851ms] [LOG] [Fast Refresh] done in 77ms @ http://localhost:3000/_next/static/chunks/node_modules_next_dist_1e8vcs8._.js:791
[  524913ms] [LOG] [Fast Refresh] done in 77ms @ http://localhost:3000/_next/static/chunks/node_modules_next_dist_1e8vcs8._.js:791
[  524977ms] [LOG] [Fast Refresh] done in 77ms @ http://localhost:3000/_next/static/chunks/node_modules_next_dist_1e8vcs8._.js:791
[  525038ms] [LOG] [Fast Refresh] done in 77ms @ http://localhost:3000/_next/static/chunks/node_modules_next_dist_1e8vcs8._.js:791
[  525100ms] [LOG] [Fast Refresh] done in 77ms @ http://localhost:3000/_next/static/chunks/node_modules_next_dist_1e8vcs8._.js:791
[  525162ms] [LOG] [Fast Refresh] done in 77ms @ http://localhost:3000/_next/static/chunks/node_modules_next_dist_1e8vcs8._.js:791
[  525224ms] [LOG] [Fast Refresh] done in 77ms @ http://localhost:3000/_next/static/chunks/node_modules_next_dist_1e8vcs8._.js:791
[  525286ms] [LOG] [Fast Refresh] done in 77ms @ http://localhost:3000/_next/static/chunks/node_modules_next_dist_1e8vcs8._.js:791
[  525348ms] [LOG] [Fast Refresh] done in 77ms @ http://localhost:3000/_next/static/chunks/node_modules_next_dist_1e8vcs8._.js:791
[  525410ms] [LOG] [Fast Refresh] done in 77ms @ http://localhost:3000/_next/static/chunks/node_modules_next_dist_1e8vcs8._.js:791
[  525473ms] [LOG] [Fast Refresh] done in 77ms @ http://localhost:3000/_next/static/chunks/node_modules_next_dist_1e8vcs8._.js:791
[  525535ms] [LOG] [Fast Refresh] done in 77ms @ http://localhost:3000/_next/static/chunks/node_modules_next_dist_1e8vcs8._.js:791
[  525598ms] [LOG] [Fast Refresh] done in 77ms @ http://localhost:3000/_next/static/chunks/node_modules_next_dist_1e8vcs8._.js:791
[  525648ms] [LOG] [Fast Refresh] done in 77ms @ http://localhost:3000/_next/static/chunks/node_modules_next_dist_1e8vcs8._.js:791
[  525700ms] [LOG] [Fast Refresh] done in 77ms @ http://localhost:3000/_next/static/chunks/node_modules_next_dist_1e8vcs8._.js:791
[  525761ms] [LOG] [Fast Refresh] done in 77ms @ http://localhost:3000/_next/static/chunks/node_modules_next_dist_1e8vcs8._.js:791
[  525822ms] [LOG] [Fast Refresh] done in 77ms @ http://localhost:3000/_next/static/chunks/node_modules_next_dist_1e8vcs8._.js:791
[  525885ms] [LOG] [Fast Refresh] done in 77ms @ http://localhost:3000/_next/static/chunks/node_modules_next_dist_1e8vcs8._.js:791
[  525946ms] [LOG] [Fast Refresh] done in 77ms @ http://localhost:3000/_next/static/chunks/node_modules_next_dist_1e8vcs8._.js:791
[  526009ms] [LOG] [Fast Refresh] done in 77ms @ http://localhost:3000/_next/static/chunks/node_modules_next_dist_1e8vcs8._.js:791
[  526070ms] [LOG] [Fast Refresh] done in 77ms @ http://localhost:3000/_next/static/chunks/node_modules_next_dist_1e8vcs8._.js:791
[  526132ms] [LOG] [Fast Refresh] done in 77ms @ http://localhost:3000/_next/static/chunks/node_modules_next_dist_1e8vcs8._.js:791
[  526195ms] [LOG] [Fast Refresh] done in 77ms @ http://localhost:3000/_next/static/chunks/node_modules_next_dist_1e8vcs8._.js:791
[  526258ms] [LOG] [Fast Refresh] done in 77ms @ http://localhost:3000/_next/static/chunks/node_modules_next_dist_1e8vcs8._.js:791
[  526320ms] [LOG] [Fast Refresh] done in 77ms @ http://localhost:3000/_next/static/chunks/node_modules_next_dist_1e8vcs8._.js:791
[  526378ms] [LOG] [Fast Refresh] done in 77ms @ http://localhost:3000/_next/static/chunks/node_modules_next_dist_1e8vcs8._.js:791
[  526441ms] [LOG] [Fast Refresh] done in 77ms @ http://localhost:3000/_next/static/chunks/node_modules_next_dist_1e8vcs8._.js:791
[  526504ms] [LOG] [Fast Refresh] done in 77ms @ http://localhost:3000/_next/static/chunks/node_modules_next_dist_1e8vcs8._.js:791
[  526567ms] [LOG] [Fast Refresh] done in 77ms @ http://localhost:3000/_next/static/chunks/node_modules_next_dist_1e8vcs8._.js:791
[  526614ms] [LOG] [Fast Refresh] done in 77ms @ http://localhost:3000/_next/static/chunks/node_modules_next_dist_1e8vcs8._.js:791
[  526676ms] [LOG] [Fast Refresh] done in 77ms @ http://localhost:3000/_next/static/chunks/node_modules_next_dist_1e8vcs8._.js:791
[  526723ms] [LOG] [Fast Refresh] done in 77ms @ http://localhost:3000/_next/static/chunks/node_modules_next_dist_1e8vcs8._.js:791
[  526785ms] [LOG] [Fast Refresh] done in 77ms @ http://localhost:3000/_next/static/chunks/node_modules_next_dist_1e8vcs8._.js:791
[  526848ms] [LOG] [Fast Refresh] done in 77ms @ http://localhost:3000/_next/static/chunks/node_modules_next_dist_1e8vcs8._.js:791
[  526910ms] [LOG] [Fast Refresh] done in 77ms @ http://localhost:3000/_next/static/chunks/node_modules_next_dist_1e8vcs8._.js:791
[  526972ms] [LOG] [Fast Refresh] done in 77ms @ http://localhost:3000/_next/static/chunks/node_modules_next_dist_1e8vcs8._.js:791
[  527034ms] [LOG] [Fast Refresh] done in 77ms @ http://localhost:3000/_next/static/chunks/node_modules_next_dist_1e8vcs8._.js:791
[  527096ms] [LOG] [Fast Refresh] done in 77ms @ http://localhost:3000/_next/static/chunks/node_modules_next_dist_1e8vcs8._.js:791
[  527158ms] [LOG] [Fast Refresh] done in 77ms @ http://localhost:3000/_next/static/chunks/node_modules_next_dist_1e8vcs8._.js:791
[  527221ms] [LOG] [Fast Refresh] done in 77ms @ http://localhost:3000/_next/static/chunks/node_modules_next_dist_1e8vcs8._.js:791
[  527284ms] [LOG] [Fast Refresh] done in 77ms @ http://localhost:3000/_next/static/chunks/node_modules_next_dist_1e8vcs8._.js:791
[  527346ms] [LOG] [Fast Refresh] done in 77ms @ http://localhost:3000/_next/static/chunks/node_modules_next_dist_1e8vcs8._.js:791
[  527408ms] [LOG] [Fast Refresh] done in 77ms @ http://localhost:3000/_next/static/chunks/node_modules_next_dist_1e8vcs8._.js:791
[  527471ms] [LOG] [Fast Refresh] done in 77ms @ http://localhost:3000/_next/static/chunks/node_modules_next_dist_1e8vcs8._.js:791
[  527533ms] [LOG] [Fast Refresh] done in 77ms @ http://localhost:3000/_next/static/chunks/node_modules_next_dist_1e8vcs8._.js:791
[  527596ms] [LOG] [Fast Refresh] done in 77ms @ http://localhost:3000/_next/static/chunks/node_modules_next_dist_1e8vcs8._.js:791
[  527659ms] [LOG] [Fast Refresh] done in 77ms @ http://localhost:3000/_next/static/chunks/node_modules_next_dist_1e8vcs8._.js:791
[  527721ms] [LOG] [Fast Refresh] done in 77ms @ http://localhost:3000/_next/static/chunks/node_modules_next_dist_1e8vcs8._.js:791
[  527782ms] [LOG] [Fast Refresh] done in 77ms @ http://localhost:3000/_next/static/chunks/node_modules_next_dist_1e8vcs8._.js:791
[  527844ms] [LOG] [Fast Refresh] done in 77ms @ http://localhost:3000/_next/static/chunks/node_modules_next_dist_1e8vcs8._.js:791
[  527906ms] [LOG] [Fast Refresh] done in 77ms @ http://localhost:3000/_next/static/chunks/node_modules_next_dist_1e8vcs8._.js:791
[  527968ms] [LOG] [Fast Refresh] done in 77ms @ http://localhost:3000/_next/static/chunks/node_modules_next_dist_1e8vcs8._.js:791
[  528030ms] [LOG] [Fast Refresh] done in 77ms @ http://localhost:3000/_next/static/chunks/node_modules_next_dist_1e8vcs8._.js:791
[  528078ms] [LOG] [Fast Refresh] done in 77ms @ http://localhost:3000/_next/static/chunks/node_modules_next_dist_1e8vcs8._.js:791
[  528141ms] [LOG] [Fast Refresh] done in 77ms @ http://localhost:3000/_next/static/chunks/node_modules_next_dist_1e8vcs8._.js:791
[  528189ms] [LOG] [Fast Refresh] done in 77ms @ http://localhost:3000/_next/static/chunks/node_modules_next_dist_1e8vcs8._.js:791
[  528251ms] [LOG] [Fast Refresh] done in 77ms @ http://localhost:3000/_next/static/chunks/node_modules_next_dist_1e8vcs8._.js:791
[  528313ms] [LOG] [Fast Refresh] done in 77ms @ http://localhost:3000/_next/static/chunks/node_modules_next_dist_1e8vcs8._.js:791
[  528375ms] [LOG] [Fast Refresh] done in 77ms @ http://localhost:3000/_next/static/chunks/node_modules_next_dist_1e8vcs8._.js:791
[  528437ms] [LOG] [Fast Refresh] done in 77ms @ http://localhost:3000/_next/static/chunks/node_modules_next_dist_1e8vcs8._.js:791
[  528498ms] [LOG] [Fast Refresh] done in 77ms @ http://localhost:3000/_next/static/chunks/node_modules_next_dist_1e8vcs8._.js:791
[  528561ms] [LOG] [Fast Refresh] done in 77ms @ http://localhost:3000/_next/static/chunks/node_modules_next_dist_1e8vcs8._.js:791
[  528621ms] [LOG] [Fast Refresh] done in 77ms @ http://localhost:3000/_next/static/chunks/node_modules_next_dist_1e8vcs8._.js:791
[  528669ms] [LOG] [Fast Refresh] done in 77ms @ http://localhost:3000/_next/static/chunks/node_modules_next_dist_1e8vcs8._.js:791
[  528732ms] [LOG] [Fast Refresh] done in 77ms @ http://localhost:3000/_next/static/chunks/node_modules_next_dist_1e8vcs8._.js:791
[  528794ms] [LOG] [Fast Refresh] done in 77ms @ http://localhost:3000/_next/static/chunks/node_modules_next_dist_1e8vcs8._.js:791
[  528856ms] [LOG] [Fast Refresh] done in 77ms @ http://localhost:3000/_next/static/chunks/node_modules_next_dist_1e8vcs8._.js:791
[  528918ms] [LOG] [Fast Refresh] done in 77ms @ http://localhost:3000/_next/static/chunks/node_modules_next_dist_1e8vcs8._.js:791
[  528979ms] [LOG] [Fast Refresh] done in 77ms @ http://localhost:3000/_next/static/chunks/node_modules_next_dist_1e8vcs8._.js:791
[  529042ms] [LOG] [Fast Refresh] done in 77ms @ http://localhost:3000/_next/static/chunks/node_modules_next_dist_1e8vcs8._.js:791
[  529104ms] [LOG] [Fast Refresh] done in 77ms @ http://localhost:3000/_next/static/chunks/node_modules_next_dist_1e8vcs8._.js:791
[  529167ms] [LOG] [Fast Refresh] done in 77ms @ http://localhost:3000/_next/static/chunks/node_modules_next_dist_1e8vcs8._.js:791
[  529229ms] [LOG] [Fast Refresh] done in 77ms @ http://localhost:3000/_next/static/chunks/node_modules_next_dist_1e8vcs8._.js:791
[  529276ms] [LOG] [Fast Refresh] done in 77ms @ http://localhost:3000/_next/static/chunks/node_modules_next_dist_1e8vcs8._.js:791
[  529338ms] [LOG] [Fast Refresh] done in 77ms @ http://localhost:3000/_next/static/chunks/node_modules_next_dist_1e8vcs8._.js:791
[  529385ms] [LOG] [Fast Refresh] done in 77ms @ http://localhost:3000/_next/static/chunks/node_modules_next_dist_1e8vcs8._.js:791
[  529447ms] [LOG] [Fast Refresh] done in 77ms @ http://localhost:3000/_next/static/chunks/node_modules_next_dist_1e8vcs8._.js:791
[  529509ms] [LOG] [Fast Refresh] done in 77ms @ http://localhost:3000/_next/static/chunks/node_modules_next_dist_1e8vcs8._.js:791
[  529570ms] [LOG] [Fast Refresh] done in 77ms @ http://localhost:3000/_next/static/chunks/node_modules_next_dist_1e8vcs8._.js:791
[  529618ms] [LOG] [Fast Refresh] done in 77ms @ http://localhost:3000/_next/static/chunks/node_modules_next_dist_1e8vcs8._.js:791
[  529695ms] [LOG] [Fast Refresh] done in 77ms @ http://localhost:3000/_next/static/chunks/node_modules_next_dist_1e8vcs8._.js:791
[  529753ms] [LOG] [Fast Refresh] done in 77ms @ http://localhost:3000/_next/static/chunks/node_modules_next_dist_1e8vcs8._.js:791
[  529815ms] [LOG] [Fast Refresh] done in 77ms @ http://localhost:3000/_next/static/chunks/node_modules_next_dist_1e8vcs8._.js:791
[  529876ms] [LOG] [Fast Refresh] done in 77ms @ http://localhost:3000/_next/static/chunks/node_modules_next_dist_1e8vcs8._.js:791
[  529940ms] [LOG] [Fast Refresh] done in 77ms @ http://localhost:3000/_next/static/chunks/node_modules_next_dist_1e8vcs8._.js:791
[  529987ms] [LOG] [Fast Refresh] done in 77ms @ http://localhost:3000/_next/static/chunks/node_modules_next_dist_1e8vcs8._.js:791
[  530049ms] [LOG] [Fast Refresh] done in 77ms @ http://localhost:3000/_next/static/chunks/node_modules_next_dist_1e8vcs8._.js:791
[  530111ms] [LOG] [Fast Refresh] done in 77ms @ http://localhost:3000/_next/static/chunks/node_modules_next_dist_1e8vcs8._.js:791
[  530172ms] [LOG] [Fast Refresh] done in 77ms @ http://localhost:3000/_next/static/chunks/node_modules_next_dist_1e8vcs8._.js:791
[  530234ms] [LOG] [Fast Refresh] done in 77ms @ http://localhost:3000/_next/static/chunks/node_modules_next_dist_1e8vcs8._.js:791
[  530297ms] [LOG] [Fast Refresh] done in 77ms @ http://localhost:3000/_next/static/chunks/node_modules_next_dist_1e8vcs8._.js:791
[  530359ms] [LOG] [Fast Refresh] done in 77ms @ http://localhost:3000/_next/static/chunks/node_modules_next_dist_1e8vcs8._.js:791
[  530424ms] [LOG] [Fast Refresh] done in 77ms @ http://localhost:3000/_next/static/chunks/node_modules_next_dist_1e8vcs8._.js:791
[  530486ms] [LOG] [Fast Refresh] done in 77ms @ http://localhost:3000/_next/static/chunks/node_modules_next_dist_1e8vcs8._.js:791
[  530546ms] [LOG] [Fast Refresh] done in 77ms @ http://localhost:3000/_next/static/chunks/node_modules_next_dist_1e8vcs8._.js:791
[  530609ms] [LOG] [Fast Refresh] done in 77ms @ http://localhost:3000/_next/static/chunks/node_modules_next_dist_1e8vcs8._.js:791
[  530671ms] [LOG] [Fast Refresh] done in 77ms @ http://localhost:3000/_next/static/chunks/node_modules_next_dist_1e8vcs8._.js:791
[  530733ms] [LOG] [Fast Refresh] done in 77ms @ http://localhost:3000/_next/static/chunks/node_modules_next_dist_1e8vcs8._.js:791
[  530795ms] [LOG] [Fast Refresh] done in 77ms @ http://localhost:3000/_next/static/chunks/node_modules_next_dist_1e8vcs8._.js:791
[  530857ms] [LOG] [Fast Refresh] done in 77ms @ http://localhost:3000/_next/static/chunks/node_modules_next_dist_1e8vcs8._.js:791
[  530920ms] [LOG] [Fast Refresh] done in 77ms @ http://localhost:3000/_next/static/chunks/node_modules_next_dist_1e8vcs8._.js:791
[  530983ms] [LOG] [Fast Refresh] done in 77ms @ http://localhost:3000/_next/static/chunks/node_modules_next_dist_1e8vcs8._.js:791
[  531045ms] [LOG] [Fast Refresh] done in 77ms @ http://localhost:3000/_next/static/chunks/node_modules_next_dist_1e8vcs8._.js:791
[  531107ms] [LOG] [Fast Refresh] done in 77ms @ http://localhost:3000/_next/static/chunks/node_modules_next_dist_1e8vcs8._.js:791
[  531156ms] [LOG] [Fast Refresh] done in 77ms @ http://localhost:3000/_next/static/chunks/node_modules_next_dist_1e8vcs8._.js:791
[  531218ms] [LOG] [Fast Refresh] done in 77ms @ http://localhost:3000/_next/static/chunks/node_modules_next_dist_1e8vcs8._.js:791
[  531281ms] [LOG] [Fast Refresh] done in 77ms @ http://localhost:3000/_next/static/chunks/node_modules_next_dist_1e8vcs8._.js:791
[  531343ms] [LOG] [Fast Refresh] done in 77ms @ http://localhost:3000/_next/static/chunks/node_modules_next_dist_1e8vcs8._.js:791
[  531405ms] [LOG] [Fast Refresh] done in 77ms @ http://localhost:3000/_next/static/chunks/node_modules_next_dist_1e8vcs8._.js:791
[  531467ms] [LOG] [Fast Refresh] done in 77ms @ http://localhost:3000/_next/static/chunks/node_modules_next_dist_1e8vcs8._.js:791
[  531544ms] [LOG] [Fast Refresh] done in 77ms @ http://localhost:3000/_next/static/chunks/node_modules_next_dist_1e8vcs8._.js:791
[  531592ms] [LOG] [Fast Refresh] done in 77ms @ http://localhost:3000/_next/static/chunks/node_modules_next_dist_1e8vcs8._.js:791
[  531654ms] [LOG] [Fast Refresh] done in 77ms @ http://localhost:3000/_next/static/chunks/node_modules_next_dist_1e8vcs8._.js:791
[  531715ms] [LOG] [Fast Refresh] done in 77ms @ http://localhost:3000/_next/static/chunks/node_modules_next_dist_1e8vcs8._.js:791
[  531779ms] [LOG] [Fast Refresh] done in 77ms @ http://localhost:3000/_next/static/chunks/node_modules_next_dist_1e8vcs8._.js:791
[  531843ms] [LOG] [Fast Refresh] done in 77ms @ http://localhost:3000/_next/static/chunks/node_modules_next_dist_1e8vcs8._.js:791
[  531904ms] [LOG] [Fast Refresh] done in 77ms @ http://localhost:3000/_next/static/chunks/node_modules_next_dist_1e8vcs8._.js:791
[  531967ms] [LOG] [Fast Refresh] done in 77ms @ http://localhost:3000/_next/static/chunks/node_modules_next_dist_1e8vcs8._.js:791
[  532029ms] [LOG] [Fast Refresh] done in 77ms @ http://localhost:3000/_next/static/chunks/node_modules_next_dist_1e8vcs8._.js:791
[  532093ms] [LOG] [Fast Refresh] done in 77ms @ http://localhost:3000/_next/static/chunks/node_modules_next_dist_1e8vcs8._.js:791
[  532155ms] [LOG] [Fast Refresh] done in 77ms @ http://localhost:3000/_next/static/chunks/node_modules_next_dist_1e8vcs8._.js:791
[  532218ms] [LOG] [Fast Refresh] done in 77ms @ http://localhost:3000/_next/static/chunks/node_modules_next_dist_1e8vcs8._.js:791
[  532281ms] [LOG] [Fast Refresh] done in 77ms @ http://localhost:3000/_next/static/chunks/node_modules_next_dist_1e8vcs8._.js:791
[  532344ms] [LOG] [Fast Refresh] done in 77ms @ http://localhost:3000/_next/static/chunks/node_modules_next_dist_1e8vcs8._.js:791
[  532408ms] [LOG] [Fast Refresh] done in 77ms @ http://localhost:3000/_next/static/chunks/node_modules_next_dist_1e8vcs8._.js:791
[  532470ms] [LOG] [Fast Refresh] done in 77ms @ http://localhost:3000/_next/static/chunks/node_modules_next_dist_1e8vcs8._.js:791
[  532532ms] [LOG] [Fast Refresh] done in 77ms @ http://localhost:3000/_next/static/chunks/node_modules_next_dist_1e8vcs8._.js:791
[  532597ms] [LOG] [Fast Refresh] done in 77ms @ http://localhost:3000/_next/static/chunks/node_modules_next_dist_1e8vcs8._.js:791
[  532660ms] [LOG] [Fast Refresh] done in 77ms @ http://localhost:3000/_next/static/chunks/node_modules_next_dist_1e8vcs8._.js:791
[  532720ms] [LOG] [Fast Refresh] done in 77ms @ http://localhost:3000/_next/static/chunks/node_modules_next_dist_1e8vcs8._.js:791
[  532782ms] [LOG] [Fast Refresh] done in 77ms @ http://localhost:3000/_next/static/chunks/node_modules_next_dist_1e8vcs8._.js:791
[  532844ms] [LOG] [Fast Refresh] done in 77ms @ http://localhost:3000/_next/static/chunks/node_modules_next_dist_1e8vcs8._.js:791
[  532906ms] [LOG] [Fast Refresh] done in 77ms @ http://localhost:3000/_next/static/chunks/node_modules_next_dist_1e8vcs8._.js:791
[  532976ms] [LOG] [Fast Refresh] done in 77ms @ http://localhost:3000/_next/static/chunks/node_modules_next_dist_1e8vcs8._.js:791
[  533037ms] [LOG] [Fast Refresh] done in 77ms @ http://localhost:3000/_next/static/chunks/node_modules_next_dist_1e8vcs8._.js:791
[  533100ms] [LOG] [Fast Refresh] done in 77ms @ http://localhost:3000/_next/static/chunks/node_modules_next_dist_1e8vcs8._.js:791
[  533163ms] [LOG] [Fast Refresh] done in 77ms @ http://localhost:3000/_next/static/chunks/node_modules_next_dist_1e8vcs8._.js:791
[  533225ms] [LOG] [Fast Refresh] done in 77ms @ http://localhost:3000/_next/static/chunks/node_modules_next_dist_1e8vcs8._.js:791
[  533290ms] [LOG] [Fast Refresh] done in 77ms @ http://localhost:3000/_next/static/chunks/node_modules_next_dist_1e8vcs8._.js:791
[  533352ms] [LOG] [Fast Refresh] done in 77ms @ http://localhost:3000/_next/static/chunks/node_modules_next_dist_1e8vcs8._.js:791
[  533417ms] [LOG] [Fast Refresh] done in 77ms @ http://localhost:3000/_next/static/chunks/node_modules_next_dist_1e8vcs8._.js:791
[  533483ms] [LOG] [Fast Refresh] done in 77ms @ http://localhost:3000/_next/static/chunks/node_modules_next_dist_1e8vcs8._.js:791
[  533556ms] [LOG] [Fast Refresh] done in 77ms @ http://localhost:3000/_next/static/chunks/node_modules_next_dist_1e8vcs8._.js:791
[  533618ms] [LOG] [Fast Refresh] done in 77ms @ http://localhost:3000/_next/static/chunks/node_modules_next_dist_1e8vcs8._.js:791
[  533665ms] [LOG] [Fast Refresh] done in 77ms @ http://localhost:3000/_next/static/chunks/node_modules_next_dist_1e8vcs8._.js:791
[  533728ms] [LOG] [Fast Refresh] done in 77ms @ http://localhost:3000/_next/static/chunks/node_modules_next_dist_1e8vcs8._.js:791
[  533789ms] [LOG] [Fast Refresh] done in 77ms @ http://localhost:3000/_next/static/chunks/node_modules_next_dist_1e8vcs8._.js:791
[  533852ms] [LOG] [Fast Refresh] done in 77ms @ http://localhost:3000/_next/static/chunks/node_modules_next_dist_1e8vcs8._.js:791
[  533891ms] [LOG] [Fast Refresh] done in 77ms @ http://localhost:3000/_next/static/chunks/node_modules_next_dist_1e8vcs8._.js:791
[  533953ms] [LOG] [Fast Refresh] done in 77ms @ http://localhost:3000/_next/static/chunks/node_modules_next_dist_1e8vcs8._.js:791
[  534017ms] [LOG] [Fast Refresh] done in 77ms @ http://localhost:3000/_next/static/chunks/node_modules_next_dist_1e8vcs8._.js:791
[  534079ms] [LOG] [Fast Refresh] done in 77ms @ http://localhost:3000/_next/static/chunks/node_modules_next_dist_1e8vcs8._.js:791
[  534141ms] [LOG] [Fast Refresh] done in 77ms @ http://localhost:3000/_next/static/chunks/node_modules_next_dist_1e8vcs8._.js:791
[  534204ms] [LOG] [Fast Refresh] done in 77ms @ http://localhost:3000/_next/static/chunks/node_modules_next_dist_1e8vcs8._.js:791
[  534267ms] [LOG] [Fast Refresh] done in 77ms @ http://localhost:3000/_next/static/chunks/node_modules_next_dist_1e8vcs8._.js:791
[  534328ms] [LOG] [Fast Refresh] done in 77ms @ http://localhost:3000/_next/static/chunks/node_modules_next_dist_1e8vcs8._.js:791
[  534391ms] [LOG] [Fast Refresh] done in 77ms @ http://localhost:3000/_next/static/chunks/node_modules_next_dist_1e8vcs8._.js:791
[  534453ms] [LOG] [Fast Refresh] done in 77ms @ http://localhost:3000/_next/static/chunks/node_modules_next_dist_1e8vcs8._.js:791
[  534500ms] [LOG] [Fast Refresh] done in 77ms @ http://localhost:3000/_next/static/chunks/node_modules_next_dist_1e8vcs8._.js:791
[  534562ms] [LOG] [Fast Refresh] done in 77ms @ http://localhost:3000/_next/static/chunks/node_modules_next_dist_1e8vcs8._.js:791
[  534624ms] [LOG] [Fast Refresh] done in 77ms @ http://localhost:3000/_next/static/chunks/node_modules_next_dist_1e8vcs8._.js:791
[  534688ms] [LOG] [Fast Refresh] done in 77ms @ http://localhost:3000/_next/static/chunks/node_modules_next_dist_1e8vcs8._.js:791
[  534750ms] [LOG] [Fast Refresh] done in 77ms @ http://localhost:3000/_next/static/chunks/node_modules_next_dist_1e8vcs8._.js:791
[  534812ms] [LOG] [Fast Refresh] done in 77ms @ http://localhost:3000/_next/static/chunks/node_modules_next_dist_1e8vcs8._.js:791
[  534875ms] [LOG] [Fast Refresh] done in 77ms @ http://localhost:3000/_next/static/chunks/node_modules_next_dist_1e8vcs8._.js:791
[  534937ms] [LOG] [Fast Refresh] done in 77ms @ http://localhost:3000/_next/static/chunks/node_modules_next_dist_1e8vcs8._.js:791
[  535000ms] [LOG] [Fast Refresh] done in 77ms @ http://localhost:3000/_next/static/chunks/node_modules_next_dist_1e8vcs8._.js:791
[  535063ms] [LOG] [Fast Refresh] done in 77ms @ http://localhost:3000/_next/static/chunks/node_modules_next_dist_1e8vcs8._.js:791
[  535124ms] [LOG] [Fast Refresh] done in 77ms @ http://localhost:3000/_next/static/chunks/node_modules_next_dist_1e8vcs8._.js:791
[  535186ms] [LOG] [Fast Refresh] done in 77ms @ http://localhost:3000/_next/static/chunks/node_modules_next_dist_1e8vcs8._.js:791
[  535249ms] [LOG] [Fast Refresh] done in 77ms @ http://localhost:3000/_next/static/chunks/node_modules_next_dist_1e8vcs8._.js:791
[  535311ms] [LOG] [Fast Refresh] done in 77ms @ http://localhost:3000/_next/static/chunks/node_modules_next_dist_1e8vcs8._.js:791
[  535358ms] [LOG] [Fast Refresh] done in 77ms @ http://localhost:3000/_next/static/chunks/node_modules_next_dist_1e8vcs8._.js:791
[  535420ms] [LOG] [Fast Refresh] done in 77ms @ http://localhost:3000/_next/static/chunks/node_modules_next_dist_1e8vcs8._.js:791
[  535483ms] [LOG] [Fast Refresh] done in 77ms @ http://localhost:3000/_next/static/chunks/node_modules_next_dist_1e8vcs8._.js:791
[  535545ms] [LOG] [Fast Refresh] done in 77ms @ http://localhost:3000/_next/static/chunks/node_modules_next_dist_1e8vcs8._.js:791
[  535606ms] [LOG] [Fast Refresh] done in 77ms @ http://localhost:3000/_next/static/chunks/node_modules_next_dist_1e8vcs8._.js:791
[  535668ms] [LOG] [Fast Refresh] done in 77ms @ http://localhost:3000/_next/static/chunks/node_modules_next_dist_1e8vcs8._.js:791
[  535731ms] [LOG] [Fast Refresh] done in 77ms @ http://localhost:3000/_next/static/chunks/node_modules_next_dist_1e8vcs8._.js:791
[  535794ms] [LOG] [Fast Refresh] done in 77ms @ http://localhost:3000/_next/static/chunks/node_modules_next_dist_1e8vcs8._.js:791
[  535856ms] [LOG] [Fast Refresh] done in 77ms @ http://localhost:3000/_next/static/chunks/node_modules_next_dist_1e8vcs8._.js:791
[  535918ms] [LOG] [Fast Refresh] done in 77ms @ http://localhost:3000/_next/static/chunks/node_modules_next_dist_1e8vcs8._.js:791
[  535966ms] [LOG] [Fast Refresh] done in 77ms @ http://localhost:3000/_next/static/chunks/node_modules_next_dist_1e8vcs8._.js:791
[  536027ms] [LOG] [Fast Refresh] done in 77ms @ http://localhost:3000/_next/static/chunks/node_modules_next_dist_1e8vcs8._.js:791
[  536088ms] [LOG] [Fast Refresh] done in 77ms @ http://localhost:3000/_next/static/chunks/node_modules_next_dist_1e8vcs8._.js:791
[  536151ms] [LOG] [Fast Refresh] done in 77ms @ http://localhost:3000/_next/static/chunks/node_modules_next_dist_1e8vcs8._.js:791
[  536212ms] [LOG] [Fast Refresh] done in 77ms @ http://localhost:3000/_next/static/chunks/node_modules_next_dist_1e8vcs8._.js:791
[  536275ms] [LOG] [Fast Refresh] done in 77ms @ http://localhost:3000/_next/static/chunks/node_modules_next_dist_1e8vcs8._.js:791
[  536338ms] [LOG] [Fast Refresh] done in 77ms @ http://localhost:3000/_next/static/chunks/node_modules_next_dist_1e8vcs8._.js:791
[  536401ms] [LOG] [Fast Refresh] done in 77ms @ http://localhost:3000/_next/static/chunks/node_modules_next_dist_1e8vcs8._.js:791
[  536463ms] [LOG] [Fast Refresh] done in 77ms @ http://localhost:3000/_next/static/chunks/node_modules_next_dist_1e8vcs8._.js:791
[  536527ms] [LOG] [Fast Refresh] done in 77ms @ http://localhost:3000/_next/static/chunks/node_modules_next_dist_1e8vcs8._.js:791
[  536590ms] [LOG] [Fast Refresh] done in 77ms @ http://localhost:3000/_next/static/chunks/node_modules_next_dist_1e8vcs8._.js:791
[  536652ms] [LOG] [Fast Refresh] done in 77ms @ http://localhost:3000/_next/static/chunks/node_modules_next_dist_1e8vcs8._.js:791
[  536716ms] [LOG] [Fast Refresh] done in 77ms @ http://localhost:3000/_next/static/chunks/node_modules_next_dist_1e8vcs8._.js:791
[  536779ms] [LOG] [Fast Refresh] done in 77ms @ http://localhost:3000/_next/static/chunks/node_modules_next_dist_1e8vcs8._.js:791
[  536827ms] [LOG] [Fast Refresh] done in 77ms @ http://localhost:3000/_next/static/chunks/node_modules_next_dist_1e8vcs8._.js:791
[  536888ms] [LOG] [Fast Refresh] done in 77ms @ http://localhost:3000/_next/static/chunks/node_modules_next_dist_1e8vcs8._.js:791
[  536936ms] [LOG] [Fast Refresh] done in 77ms @ http://localhost:3000/_next/static/chunks/node_modules_next_dist_1e8vcs8._.js:791
[  536982ms] [LOG] [Fast Refresh] done in 77ms @ http://localhost:3000/_next/static/chunks/node_modules_next_dist_1e8vcs8._.js:791
[  537045ms] [LOG] [Fast Refresh] done in 77ms @ http://localhost:3000/_next/static/chunks/node_modules_next_dist_1e8vcs8._.js:791
[  537108ms] [LOG] [Fast Refresh] done in 77ms @ http://localhost:3000/_next/static/chunks/node_modules_next_dist_1e8vcs8._.js:791
[  537169ms] [LOG] [Fast Refresh] done in 77ms @ http://localhost:3000/_next/static/chunks/node_modules_next_dist_1e8vcs8._.js:791
[  537231ms] [LOG] [Fast Refresh] done in 77ms @ http://localhost:3000/_next/static/chunks/node_modules_next_dist_1e8vcs8._.js:791
[  537295ms] [LOG] [Fast Refresh] done in 77ms @ http://localhost:3000/_next/static/chunks/node_modules_next_dist_1e8vcs8._.js:791
[  537357ms] [LOG] [Fast Refresh] done in 77ms @ http://localhost:3000/_next/static/chunks/node_modules_next_dist_1e8vcs8._.js:791
[  537419ms] [LOG] [Fast Refresh] done in 77ms @ http://localhost:3000/_next/static/chunks/node_modules_next_dist_1e8vcs8._.js:791
[  537481ms] [LOG] [Fast Refresh] done in 77ms @ http://localhost:3000/_next/static/chunks/node_modules_next_dist_1e8vcs8._.js:791
[  537542ms] [LOG] [Fast Refresh] done in 77ms @ http://localhost:3000/_next/static/chunks/node_modules_next_dist_1e8vcs8._.js:791
[  537604ms] [LOG] [Fast Refresh] done in 77ms @ http://localhost:3000/_next/static/chunks/node_modules_next_dist_1e8vcs8._.js:791
[  537666ms] [LOG] [Fast Refresh] done in 77ms @ http://localhost:3000/_next/static/chunks/node_modules_next_dist_1e8vcs8._.js:791
[  537714ms] [LOG] [Fast Refresh] done in 77ms @ http://localhost:3000/_next/static/chunks/node_modules_next_dist_1e8vcs8._.js:791
[  537770ms] [LOG] [Fast Refresh] done in 77ms @ http://localhost:3000/_next/static/chunks/node_modules_next_dist_1e8vcs8._.js:791
[  537824ms] [LOG] [Fast Refresh] done in 77ms @ http://localhost:3000/_next/static/chunks/node_modules_next_dist_1e8vcs8._.js:791
[  537889ms] [LOG] [Fast Refresh] done in 77ms @ http://localhost:3000/_next/static/chunks/node_modules_next_dist_1e8vcs8._.js:791
[  537950ms] [LOG] [Fast Refresh] done in 77ms @ http://localhost:3000/_next/static/chunks/node_modules_next_dist_1e8vcs8._.js:791
[  538014ms] [LOG] [Fast Refresh] done in 77ms @ http://localhost:3000/_next/static/chunks/node_modules_next_dist_1e8vcs8._.js:791
[  538076ms] [LOG] [Fast Refresh] done in 77ms @ http://localhost:3000/_next/static/chunks/node_modules_next_dist_1e8vcs8._.js:791
[  538138ms] [LOG] [Fast Refresh] done in 77ms @ http://localhost:3000/_next/static/chunks/node_modules_next_dist_1e8vcs8._.js:791
[  538200ms] [LOG] [Fast Refresh] done in 77ms @ http://localhost:3000/_next/static/chunks/node_modules_next_dist_1e8vcs8._.js:791
[  538264ms] [LOG] [Fast Refresh] done in 77ms @ http://localhost:3000/_next/static/chunks/node_modules_next_dist_1e8vcs8._.js:791
[  538327ms] [LOG] [Fast Refresh] done in 77ms @ http://localhost:3000/_next/static/chunks/node_modules_next_dist_1e8vcs8._.js:791
[  538390ms] [LOG] [Fast Refresh] done in 77ms @ http://localhost:3000/_next/static/chunks/node_modules_next_dist_1e8vcs8._.js:791
[  538487ms] [LOG] [Fast Refresh] done in 77ms @ http://localhost:3000/_next/static/chunks/node_modules_next_dist_1e8vcs8._.js:791
[  538543ms] [LOG] [Fast Refresh] done in 77ms @ http://localhost:3000/_next/static/chunks/node_modules_next_dist_1e8vcs8._.js:791
[  538605ms] [LOG] [Fast Refresh] done in 77ms @ http://localhost:3000/_next/static/chunks/node_modules_next_dist_1e8vcs8._.js:791
[  538666ms] [LOG] [Fast Refresh] done in 77ms @ http://localhost:3000/_next/static/chunks/node_modules_next_dist_1e8vcs8._.js:791
[  538730ms] [LOG] [Fast Refresh] done in 77ms @ http://localhost:3000/_next/static/chunks/node_modules_next_dist_1e8vcs8._.js:791
[  538791ms] [LOG] [Fast Refresh] done in 77ms @ http://localhost:3000/_next/static/chunks/node_modules_next_dist_1e8vcs8._.js:791
[  538853ms] [LOG] [Fast Refresh] done in 77ms @ http://localhost:3000/_next/static/chunks/node_modules_next_dist_1e8vcs8._.js:791
[  538915ms] [LOG] [Fast Refresh] done in 77ms @ http://localhost:3000/_next/static/chunks/node_modules_next_dist_1e8vcs8._.js:791
[  538977ms] [LOG] [Fast Refresh] done in 77ms @ http://localhost:3000/_next/static/chunks/node_modules_next_dist_1e8vcs8._.js:791
[  539039ms] [LOG] [Fast Refresh] done in 77ms @ http://localhost:3000/_next/static/chunks/node_modules_next_dist_1e8vcs8._.js:791
[  539101ms] [LOG] [Fast Refresh] done in 77ms @ http://localhost:3000/_next/static/chunks/node_modules_next_dist_1e8vcs8._.js:791
[  539164ms] [LOG] [Fast Refresh] done in 77ms @ http://localhost:3000/_next/static/chunks/node_modules_next_dist_1e8vcs8._.js:791
[  539226ms] [LOG] [Fast Refresh] done in 77ms @ http://localhost:3000/_next/static/chunks/node_modules_next_dist_1e8vcs8._.js:791
[  539288ms] [LOG] [Fast Refresh] done in 77ms @ http://localhost:3000/_next/static/chunks/node_modules_next_dist_1e8vcs8._.js:791
[  539351ms] [LOG] [Fast Refresh] done in 77ms @ http://localhost:3000/_next/static/chunks/node_modules_next_dist_1e8vcs8._.js:791
[  539413ms] [LOG] [Fast Refresh] done in 77ms @ http://localhost:3000/_next/static/chunks/node_modules_next_dist_1e8vcs8._.js:791
[  539476ms] [LOG] [Fast Refresh] done in 77ms @ http://localhost:3000/_next/static/chunks/node_modules_next_dist_1e8vcs8._.js:791
[  539537ms] [LOG] [Fast Refresh] done in 77ms @ http://localhost:3000/_next/static/chunks/node_modules_next_dist_1e8vcs8._.js:791
[  539599ms] [LOG] [Fast Refresh] done in 77ms @ http://localhost:3000/_next/static/chunks/node_modules_next_dist_1e8vcs8._.js:791
[  539663ms] [LOG] [Fast Refresh] done in 77ms @ http://localhost:3000/_next/static/chunks/node_modules_next_dist_1e8vcs8._.js:791
[  539728ms] [LOG] [Fast Refresh] done in 77ms @ http://localhost:3000/_next/static/chunks/node_modules_next_dist_1e8vcs8._.js:791
[  539789ms] [LOG] [Fast Refresh] done in 77ms @ http://localhost:3000/_next/static/chunks/node_modules_next_dist_1e8vcs8._.js:791
[  539862ms] [LOG] [Fast Refresh] done in 77ms @ http://localhost:3000/_next/static/chunks/node_modules_next_dist_1e8vcs8._.js:791
[  539930ms] [LOG] [Fast Refresh] done in 77ms @ http://localhost:3000/_next/static/chunks/node_modules_next_dist_1e8vcs8._.js:791
[  539991ms] [LOG] [Fast Refresh] done in 77ms @ http://localhost:3000/_next/static/chunks/node_modules_next_dist_1e8vcs8._.js:791
[  540054ms] [LOG] [Fast Refresh] done in 77ms @ http://localhost:3000/_next/static/chunks/node_modules_next_dist_1e8vcs8._.js:791
[  540117ms] [LOG] [Fast Refresh] done in 77ms @ http://localhost:3000/_next/static/chunks/node_modules_next_dist_1e8vcs8._.js:791
[  540176ms] [LOG] [Fast Refresh] done in 77ms @ http://localhost:3000/_next/static/chunks/node_modules_next_dist_1e8vcs8._.js:791
[  540236ms] [LOG] [Fast Refresh] done in 77ms @ http://localhost:3000/_next/static/chunks/node_modules_next_dist_1e8vcs8._.js:791
[  540299ms] [LOG] [Fast Refresh] done in 77ms @ http://localhost:3000/_next/static/chunks/node_modules_next_dist_1e8vcs8._.js:791
[  540360ms] [LOG] [Fast Refresh] done in 77ms @ http://localhost:3000/_next/static/chunks/node_modules_next_dist_1e8vcs8._.js:791
[  540425ms] [LOG] [Fast Refresh] done in 77ms @ http://localhost:3000/_next/static/chunks/node_modules_next_dist_1e8vcs8._.js:791
[  540493ms] [LOG] [Fast Refresh] done in 77ms @ http://localhost:3000/_next/static/chunks/node_modules_next_dist_1e8vcs8._.js:791
[  540591ms] [LOG] [Fast Refresh] done in 77ms @ http://localhost:3000/_next/static/chunks/node_modules_next_dist_1e8vcs8._.js:791
[  540654ms] [LOG] [Fast Refresh] done in 77ms @ http://localhost:3000/_next/static/chunks/node_modules_next_dist_1e8vcs8._.js:791
[  540716ms] [LOG] [Fast Refresh] done in 77ms @ http://localhost:3000/_next/static/chunks/node_modules_next_dist_1e8vcs8._.js:791
[  540779ms] [LOG] [Fast Refresh] done in 77ms @ http://localhost:3000/_next/static/chunks/node_modules_next_dist_1e8vcs8._.js:791
[  540842ms] [LOG] [Fast Refresh] done in 77ms @ http://localhost:3000/_next/static/chunks/node_modules_next_dist_1e8vcs8._.js:791
[  540900ms] [LOG] [Fast Refresh] done in 77ms @ http://localhost:3000/_next/static/chunks/node_modules_next_dist_1e8vcs8._.js:791
[  540962ms] [LOG] [Fast Refresh] done in 77ms @ http://localhost:3000/_next/static/chunks/node_modules_next_dist_1e8vcs8._.js:791
[  541009ms] [LOG] [Fast Refresh] done in 77ms @ http://localhost:3000/_next/static/chunks/node_modules_next_dist_1e8vcs8._.js:791
[  541071ms] [LOG] [Fast Refresh] done in 77ms @ http://localhost:3000/_next/static/chunks/node_modules_next_dist_1e8vcs8._.js:791
[  541134ms] [LOG] [Fast Refresh] done in 77ms @ http://localhost:3000/_next/static/chunks/node_modules_next_dist_1e8vcs8._.js:791
[  541196ms] [LOG] [Fast Refresh] done in 77ms @ http://localhost:3000/_next/static/chunks/node_modules_next_dist_1e8vcs8._.js:791
[  541259ms] [LOG] [Fast Refresh] done in 77ms @ http://localhost:3000/_next/static/chunks/node_modules_next_dist_1e8vcs8._.js:791
[  541320ms] [LOG] [Fast Refresh] done in 77ms @ http://localhost:3000/_next/static/chunks/node_modules_next_dist_1e8vcs8._.js:791
[  541382ms] [LOG] [Fast Refresh] done in 77ms @ http://localhost:3000/_next/static/chunks/node_modules_next_dist_1e8vcs8._.js:791
[  541444ms] [LOG] [Fast Refresh] done in 77ms @ http://localhost:3000/_next/static/chunks/node_modules_next_dist_1e8vcs8._.js:791
[  541507ms] [LOG] [Fast Refresh] done in 77ms @ http://localhost:3000/_next/static/chunks/node_modules_next_dist_1e8vcs8._.js:791
[  541570ms] [LOG] [Fast Refresh] done in 77ms @ http://localhost:3000/_next/static/chunks/node_modules_next_dist_1e8vcs8._.js:791
[  541632ms] [LOG] [Fast Refresh] done in 77ms @ http://localhost:3000/_next/static/chunks/node_modules_next_dist_1e8vcs8._.js:791
[  541695ms] [LOG] [Fast Refresh] done in 77ms @ http://localhost:3000/_next/static/chunks/node_modules_next_dist_1e8vcs8._.js:791
[  541758ms] [LOG] [Fast Refresh] done in 77ms @ http://localhost:3000/_next/static/chunks/node_modules_next_dist_1e8vcs8._.js:791
[  541824ms] [LOG] [Fast Refresh] done in 77ms @ http://localhost:3000/_next/static/chunks/node_modules_next_dist_1e8vcs8._.js:791
[  541883ms] [LOG] [Fast Refresh] done in 77ms @ http://localhost:3000/_next/static/chunks/node_modules_next_dist_1e8vcs8._.js:791
[  541945ms] [LOG] [Fast Refresh] done in 77ms @ http://localhost:3000/_next/static/chunks/node_modules_next_dist_1e8vcs8._.js:791
[  542003ms] [LOG] [Fast Refresh] done in 77ms @ http://localhost:3000/_next/static/chunks/node_modules_next_dist_1e8vcs8._.js:791
[  542066ms] [LOG] [Fast Refresh] done in 77ms @ http://localhost:3000/_next/static/chunks/node_modules_next_dist_1e8vcs8._.js:791
[  542132ms] [LOG] [Fast Refresh] done in 77ms @ http://localhost:3000/_next/static/chunks/node_modules_next_dist_1e8vcs8._.js:791
[  542191ms] [LOG] [Fast Refresh] done in 77ms @ http://localhost:3000/_next/static/chunks/node_modules_next_dist_1e8vcs8._.js:791
[  542255ms] [LOG] [Fast Refresh] done in 77ms @ http://localhost:3000/_next/static/chunks/node_modules_next_dist_1e8vcs8._.js:791
[  542316ms] [LOG] [Fast Refresh] done in 77ms @ http://localhost:3000/_next/static/chunks/node_modules_next_dist_1e8vcs8._.js:791
[  542380ms] [LOG] [Fast Refresh] done in 77ms @ http://localhost:3000/_next/static/chunks/node_modules_next_dist_1e8vcs8._.js:791
[  542444ms] [LOG] [Fast Refresh] done in 77ms @ http://localhost:3000/_next/static/chunks/node_modules_next_dist_1e8vcs8._.js:791
[  542504ms] [LOG] [Fast Refresh] done in 77ms @ http://localhost:3000/_next/static/chunks/node_modules_next_dist_1e8vcs8._.js:791
[  542566ms] [LOG] [Fast Refresh] done in 77ms @ http://localhost:3000/_next/static/chunks/node_modules_next_dist_1e8vcs8._.js:791
[  542628ms] [LOG] [Fast Refresh] done in 77ms @ http://localhost:3000/_next/static/chunks/node_modules_next_dist_1e8vcs8._.js:791
[  542693ms] [LOG] [Fast Refresh] done in 77ms @ http://localhost:3000/_next/static/chunks/node_modules_next_dist_1e8vcs8._.js:791
[  542755ms] [LOG] [Fast Refresh] done in 77ms @ http://localhost:3000/_next/static/chunks/node_modules_next_dist_1e8vcs8._.js:791
[  542816ms] [LOG] [Fast Refresh] done in 77ms @ http://localhost:3000/_next/static/chunks/node_modules_next_dist_1e8vcs8._.js:791
[  542879ms] [LOG] [Fast Refresh] done in 77ms @ http://localhost:3000/_next/static/chunks/node_modules_next_dist_1e8vcs8._.js:791
[  542940ms] [LOG] [Fast Refresh] done in 77ms @ http://localhost:3000/_next/static/chunks/node_modules_next_dist_1e8vcs8._.js:791
[  543002ms] [LOG] [Fast Refresh] done in 77ms @ http://localhost:3000/_next/static/chunks/node_modules_next_dist_1e8vcs8._.js:791
[  543065ms] [LOG] [Fast Refresh] done in 77ms @ http://localhost:3000/_next/static/chunks/node_modules_next_dist_1e8vcs8._.js:791
[  543127ms] [LOG] [Fast Refresh] done in 77ms @ http://localhost:3000/_next/static/chunks/node_modules_next_dist_1e8vcs8._.js:791
[  543191ms] [LOG] [Fast Refresh] done in 77ms @ http://localhost:3000/_next/static/chunks/node_modules_next_dist_1e8vcs8._.js:791
[  543254ms] [LOG] [Fast Refresh] done in 77ms @ http://localhost:3000/_next/static/chunks/node_modules_next_dist_1e8vcs8._.js:791
[  543316ms] [LOG] [Fast Refresh] done in 77ms @ http://localhost:3000/_next/static/chunks/node_modules_next_dist_1e8vcs8._.js:791
[  543377ms] [LOG] [Fast Refresh] done in 77ms @ http://localhost:3000/_next/static/chunks/node_modules_next_dist_1e8vcs8._.js:791
[  543439ms] [LOG] [Fast Refresh] done in 77ms @ http://localhost:3000/_next/static/chunks/node_modules_next_dist_1e8vcs8._.js:791
[  543503ms] [LOG] [Fast Refresh] done in 77ms @ http://localhost:3000/_next/static/chunks/node_modules_next_dist_1e8vcs8._.js:791
[  543563ms] [LOG] [Fast Refresh] done in 77ms @ http://localhost:3000/_next/static/chunks/node_modules_next_dist_1e8vcs8._.js:791
[  543626ms] [LOG] [Fast Refresh] done in 77ms @ http://localhost:3000/_next/static/chunks/node_modules_next_dist_1e8vcs8._.js:791
[  543689ms] [LOG] [Fast Refresh] done in 77ms @ http://localhost:3000/_next/static/chunks/node_modules_next_dist_1e8vcs8._.js:791
[  543735ms] [LOG] [Fast Refresh] done in 77ms @ http://localhost:3000/_next/static/chunks/node_modules_next_dist_1e8vcs8._.js:791
[  543799ms] [LOG] [Fast Refresh] done in 77ms @ http://localhost:3000/_next/static/chunks/node_modules_next_dist_1e8vcs8._.js:791
[  543861ms] [LOG] [Fast Refresh] done in 77ms @ http://localhost:3000/_next/static/chunks/node_modules_next_dist_1e8vcs8._.js:791
[  543924ms] [LOG] [Fast Refresh] done in 77ms @ http://localhost:3000/_next/static/chunks/node_modules_next_dist_1e8vcs8._.js:791
[  543987ms] [LOG] [Fast Refresh] done in 77ms @ http://localhost:3000/_next/static/chunks/node_modules_next_dist_1e8vcs8._.js:791
[  544051ms] [LOG] [Fast Refresh] done in 77ms @ http://localhost:3000/_next/static/chunks/node_modules_next_dist_1e8vcs8._.js:791
[  544112ms] [LOG] [Fast Refresh] done in 77ms @ http://localhost:3000/_next/static/chunks/node_modules_next_dist_1e8vcs8._.js:791
[  544174ms] [LOG] [Fast Refresh] done in 77ms @ http://localhost:3000/_next/static/chunks/node_modules_next_dist_1e8vcs8._.js:791
[  544237ms] [LOG] [Fast Refresh] done in 77ms @ http://localhost:3000/_next/static/chunks/node_modules_next_dist_1e8vcs8._.js:791
[  544300ms] [LOG] [Fast Refresh] done in 77ms @ http://localhost:3000/_next/static/chunks/node_modules_next_dist_1e8vcs8._.js:791
[  544361ms] [LOG] [Fast Refresh] done in 77ms @ http://localhost:3000/_next/static/chunks/node_modules_next_dist_1e8vcs8._.js:791
[  544424ms] [LOG] [Fast Refresh] done in 77ms @ http://localhost:3000/_next/static/chunks/node_modules_next_dist_1e8vcs8._.js:791
[  544486ms] [LOG] [Fast Refresh] done in 77ms @ http://localhost:3000/_next/static/chunks/node_modules_next_dist_1e8vcs8._.js:791
[  544549ms] [LOG] [Fast Refresh] done in 77ms @ http://localhost:3000/_next/static/chunks/node_modules_next_dist_1e8vcs8._.js:791
[  544612ms] [LOG] [Fast Refresh] done in 77ms @ http://localhost:3000/_next/static/chunks/node_modules_next_dist_1e8vcs8._.js:791
[  544675ms] [LOG] [Fast Refresh] done in 77ms @ http://localhost:3000/_next/static/chunks/node_modules_next_dist_1e8vcs8._.js:791
[  544741ms] [LOG] [Fast Refresh] done in 77ms @ http://localhost:3000/_next/static/chunks/node_modules_next_dist_1e8vcs8._.js:791
[  544803ms] [LOG] [Fast Refresh] done in 77ms @ http://localhost:3000/_next/static/chunks/node_modules_next_dist_1e8vcs8._.js:791
[  544864ms] [LOG] [Fast Refresh] done in 77ms @ http://localhost:3000/_next/static/chunks/node_modules_next_dist_1e8vcs8._.js:791
[  544928ms] [LOG] [Fast Refresh] done in 77ms @ http://localhost:3000/_next/static/chunks/node_modules_next_dist_1e8vcs8._.js:791
[  544987ms] [LOG] [Fast Refresh] done in 77ms @ http://localhost:3000/_next/static/chunks/node_modules_next_dist_1e8vcs8._.js:791
[  545050ms] [LOG] [Fast Refresh] done in 77ms @ http://localhost:3000/_next/static/chunks/node_modules_next_dist_1e8vcs8._.js:791
[  545111ms] [LOG] [Fast Refresh] done in 77ms @ http://localhost:3000/_next/static/chunks/node_modules_next_dist_1e8vcs8._.js:791
[  545176ms] [LOG] [Fast Refresh] done in 77ms @ http://localhost:3000/_next/static/chunks/node_modules_next_dist_1e8vcs8._.js:791
[  545238ms] [LOG] [Fast Refresh] done in 77ms @ http://localhost:3000/_next/static/chunks/node_modules_next_dist_1e8vcs8._.js:791
[  545300ms] [LOG] [Fast Refresh] done in 77ms @ http://localhost:3000/_next/static/chunks/node_modules_next_dist_1e8vcs8._.js:791
[  545363ms] [LOG] [Fast Refresh] done in 77ms @ http://localhost:3000/_next/static/chunks/node_modules_next_dist_1e8vcs8._.js:791
[  545426ms] [LOG] [Fast Refresh] done in 77ms @ http://localhost:3000/_next/static/chunks/node_modules_next_dist_1e8vcs8._.js:791
[  545512ms] [LOG] [Fast Refresh] done in 77ms @ http://localhost:3000/_next/static/chunks/node_modules_next_dist_1e8vcs8._.js:791
[ 1146727ms] [LOG] [Fast Refresh] rebuilding @ http://localhost:3000/_next/static/chunks/node_modules_next_dist_1e8vcs8._.js:791
[ 1146812ms] [LOG] [Fast Refresh] done in 27ms @ http://localhost:3000/_next/static/chunks/node_modules_next_dist_1e8vcs8._.js:791
[ 1146871ms] [LOG] [Fast Refresh] done in 27ms @ http://localhost:3000/_next/static/chunks/node_modules_next_dist_1e8vcs8._.js:791
[ 1146933ms] [LOG] [Fast Refresh] done in 27ms @ http://localhost:3000/_next/static/chunks/node_modules_next_dist_1e8vcs8._.js:791
[ 1146992ms] [LOG] [Fast Refresh] done in 27ms @ http://localhost:3000/_next/static/chunks/node_modules_next_dist_1e8vcs8._.js:791
[ 1147046ms] [LOG] [Fast Refresh] done in 27ms @ http://localhost:3000/_next/static/chunks/node_modules_next_dist_1e8vcs8._.js:791
[ 1147105ms] [LOG] [Fast Refresh] done in 27ms @ http://localhost:3000/_next/static/chunks/node_modules_next_dist_1e8vcs8._.js:791
[ 1147168ms] [LOG] [Fast Refresh] done in 27ms @ http://localhost:3000/_next/static/chunks/node_modules_next_dist_1e8vcs8._.js:791
[ 1147231ms] [LOG] [Fast Refresh] done in 27ms @ http://localhost:3000/_next/static/chunks/node_modules_next_dist_1e8vcs8._.js:791
[ 1147296ms] [LOG] [Fast Refresh] done in 27ms @ http://localhost:3000/_next/static/chunks/node_modules_next_dist_1e8vcs8._.js:791
[ 1147358ms] [LOG] [Fast Refresh] done in 27ms @ http://localhost:3000/_next/static/chunks/node_modules_next_dist_1e8vcs8._.js:791
[ 1147421ms] [LOG] [Fast Refresh] done in 27ms @ http://localhost:3000/_next/static/chunks/node_modules_next_dist_1e8vcs8._.js:791
[ 1147485ms] [LOG] [Fast Refresh] done in 27ms @ http://localhost:3000/_next/static/chunks/node_modules_next_dist_1e8vcs8._.js:791
[ 1147542ms] [LOG] [Fast Refresh] done in 27ms @ http://localhost:3000/_next/static/chunks/node_modules_next_dist_1e8vcs8._.js:791
[ 1147609ms] [LOG] [Fast Refresh] done in 27ms @ http://localhost:3000/_next/static/chunks/node_modules_next_dist_1e8vcs8._.js:791
[ 1147672ms] [LOG] [Fast Refresh] done in 27ms @ http://localhost:3000/_next/static/chunks/node_modules_next_dist_1e8vcs8._.js:791
[ 1147734ms] [LOG] [Fast Refresh] done in 27ms @ http://localhost:3000/_next/static/chunks/node_modules_next_dist_1e8vcs8._.js:791
[ 1147798ms] [LOG] [Fast Refresh] done in 27ms @ http://localhost:3000/_next/static/chunks/node_modules_next_dist_1e8vcs8._.js:791
[ 1147859ms] [LOG] [Fast Refresh] done in 27ms @ http://localhost:3000/_next/static/chunks/node_modules_next_dist_1e8vcs8._.js:791
[ 1147908ms] [LOG] [Fast Refresh] done in 27ms @ http://localhost:3000/_next/static/chunks/node_modules_next_dist_1e8vcs8._.js:791
[ 1147970ms] [LOG] [Fast Refresh] done in 27ms @ http://localhost:3000/_next/static/chunks/node_modules_next_dist_1e8vcs8._.js:791
[ 1148030ms] [LOG] [Fast Refresh] done in 27ms @ http://localhost:3000/_next/static/chunks/node_modules_next_dist_1e8vcs8._.js:791
[ 1148093ms] [LOG] [Fast Refresh] done in 27ms @ http://localhost:3000/_next/static/chunks/node_modules_next_dist_1e8vcs8._.js:791
[ 1148157ms] [LOG] [Fast Refresh] done in 27ms @ http://localhost:3000/_next/static/chunks/node_modules_next_dist_1e8vcs8._.js:791
[ 1148221ms] [LOG] [Fast Refresh] done in 27ms @ http://localhost:3000/_next/static/chunks/node_modules_next_dist_1e8vcs8._.js:791
[ 1148284ms] [LOG] [Fast Refresh] done in 27ms @ http://localhost:3000/_next/static/chunks/node_modules_next_dist_1e8vcs8._.js:791
[ 1148347ms] [LOG] [Fast Refresh] done in 27ms @ http://localhost:3000/_next/static/chunks/node_modules_next_dist_1e8vcs8._.js:791
[ 1148412ms] [LOG] [Fast Refresh] done in 27ms @ http://localhost:3000/_next/static/chunks/node_modules_next_dist_1e8vcs8._.js:791
[ 1148464ms] [LOG] [Fast Refresh] done in 27ms @ http://localhost:3000/_next/static/chunks/node_modules_next_dist_1e8vcs8._.js:791
[ 1148525ms] [LOG] [Fast Refresh] done in 27ms @ http://localhost:3000/_next/static/chunks/node_modules_next_dist_1e8vcs8._.js:791
[ 1148586ms] [LOG] [Fast Refresh] done in 27ms @ http://localhost:3000/_next/static/chunks/node_modules_next_dist_1e8vcs8._.js:791
[ 1148634ms] [LOG] [Fast Refresh] done in 27ms @ http://localhost:3000/_next/static/chunks/node_modules_next_dist_1e8vcs8._.js:791
[ 1148695ms] [LOG] [Fast Refresh] done in 27ms @ http://localhost:3000/_next/static/chunks/node_modules_next_dist_1e8vcs8._.js:791
[ 1148754ms] [LOG] [Fast Refresh] done in 27ms @ http://localhost:3000/_next/static/chunks/node_modules_next_dist_1e8vcs8._.js:791
[ 1148818ms] [LOG] [Fast Refresh] done in 27ms @ http://localhost:3000/_next/static/chunks/node_modules_next_dist_1e8vcs8._.js:791
[ 1148879ms] [LOG] [Fast Refresh] done in 27ms @ http://localhost:3000/_next/static/chunks/node_modules_next_dist_1e8vcs8._.js:791
[ 1148941ms] [LOG] [Fast Refresh] done in 27ms @ http://localhost:3000/_next/static/chunks/node_modules_next_dist_1e8vcs8._.js:791
[ 1149002ms] [LOG] [Fast Refresh] done in 27ms @ http://localhost:3000/_next/static/chunks/node_modules_next_dist_1e8vcs8._.js:791
[ 1149067ms] [LOG] [Fast Refresh] done in 27ms @ http://localhost:3000/_next/static/chunks/node_modules_next_dist_1e8vcs8._.js:791
[ 1149120ms] [LOG] [Fast Refresh] done in 27ms @ http://localhost:3000/_next/static/chunks/node_modules_next_dist_1e8vcs8._.js:791
[ 1149182ms] [LOG] [Fast Refresh] done in 27ms @ http://localhost:3000/_next/static/chunks/node_modules_next_dist_1e8vcs8._.js:791
[ 1149244ms] [LOG] [Fast Refresh] done in 27ms @ http://localhost:3000/_next/static/chunks/node_modules_next_dist_1e8vcs8._.js:791
[ 1149305ms] [LOG] [Fast Refresh] done in 27ms @ http://localhost:3000/_next/static/chunks/node_modules_next_dist_1e8vcs8._.js:791
[ 1149364ms] [LOG] [Fast Refresh] done in 27ms @ http://localhost:3000/_next/static/chunks/node_modules_next_dist_1e8vcs8._.js:791
[ 1149426ms] [LOG] [Fast Refresh] done in 27ms @ http://localhost:3000/_next/static/chunks/node_modules_next_dist_1e8vcs8._.js:791
[ 1149488ms] [LOG] [Fast Refresh] done in 27ms @ http://localhost:3000/_next/static/chunks/node_modules_next_dist_1e8vcs8._.js:791
[ 1149551ms] [LOG] [Fast Refresh] done in 27ms @ http://localhost:3000/_next/static/chunks/node_modules_next_dist_1e8vcs8._.js:791
[ 1149614ms] [LOG] [Fast Refresh] done in 27ms @ http://localhost:3000/_next/static/chunks/node_modules_next_dist_1e8vcs8._.js:791
[ 1149677ms] [LOG] [Fast Refresh] done in 27ms @ http://localhost:3000/_next/static/chunks/node_modules_next_dist_1e8vcs8._.js:791
[ 1149738ms] [LOG] [Fast Refresh] done in 27ms @ http://localhost:3000/_next/static/chunks/node_modules_next_dist_1e8vcs8._.js:791
[ 1149800ms] [LOG] [Fast Refresh] done in 27ms @ http://localhost:3000/_next/static/chunks/node_modules_next_dist_1e8vcs8._.js:791
[ 1149847ms] [LOG] [Fast Refresh] done in 27ms @ http://localhost:3000/_next/static/chunks/node_modules_next_dist_1e8vcs8._.js:791
[ 1149909ms] [LOG] [Fast Refresh] done in 27ms @ http://localhost:3000/_next/static/chunks/node_modules_next_dist_1e8vcs8._.js:791
[ 1149970ms] [LOG] [Fast Refresh] done in 27ms @ http://localhost:3000/_next/static/chunks/node_modules_next_dist_1e8vcs8._.js:791
[ 1150032ms] [LOG] [Fast Refresh] done in 27ms @ http://localhost:3000/_next/static/chunks/node_modules_next_dist_1e8vcs8._.js:791
[ 1150096ms] [LOG] [Fast Refresh] done in 27ms @ http://localhost:3000/_next/static/chunks/node_modules_next_dist_1e8vcs8._.js:791
[ 1150159ms] [LOG] [Fast Refresh] done in 27ms @ http://localhost:3000/_next/static/chunks/node_modules_next_dist_1e8vcs8._.js:791
[ 1150220ms] [LOG] [Fast Refresh] done in 27ms @ http://localhost:3000/_next/static/chunks/node_modules_next_dist_1e8vcs8._.js:791
[ 1150282ms] [LOG] [Fast Refresh] done in 27ms @ http://localhost:3000/_next/static/chunks/node_modules_next_dist_1e8vcs8._.js:791
[ 1150345ms] [LOG] [Fast Refresh] done in 27ms @ http://localhost:3000/_next/static/chunks/node_modules_next_dist_1e8vcs8._.js:791
[ 1150409ms] [LOG] [Fast Refresh] done in 27ms @ http://localhost:3000/_next/static/chunks/node_modules_next_dist_1e8vcs8._.js:791
[ 1150470ms] [LOG] [Fast Refresh] done in 27ms @ http://localhost:3000/_next/static/chunks/node_modules_next_dist_1e8vcs8._.js:791
[ 1150532ms] [LOG] [Fast Refresh] done in 27ms @ http://localhost:3000/_next/static/chunks/node_modules_next_dist_1e8vcs8._.js:791
[ 1150595ms] [LOG] [Fast Refresh] done in 27ms @ http://localhost:3000/_next/static/chunks/node_modules_next_dist_1e8vcs8._.js:791
[ 1150647ms] [LOG] [Fast Refresh] done in 27ms @ http://localhost:3000/_next/static/chunks/node_modules_next_dist_1e8vcs8._.js:791
[ 1150710ms] [LOG] [Fast Refresh] done in 27ms @ http://localhost:3000/_next/static/chunks/node_modules_next_dist_1e8vcs8._.js:791
[ 1150773ms] [LOG] [Fast Refresh] done in 27ms @ http://localhost:3000/_next/static/chunks/node_modules_next_dist_1e8vcs8._.js:791
[ 1150834ms] [LOG] [Fast Refresh] done in 27ms @ http://localhost:3000/_next/static/chunks/node_modules_next_dist_1e8vcs8._.js:791
[ 1150896ms] [LOG] [Fast Refresh] done in 27ms @ http://localhost:3000/_next/static/chunks/node_modules_next_dist_1e8vcs8._.js:791
[ 1150959ms] [LOG] [Fast Refresh] done in 27ms @ http://localhost:3000/_next/static/chunks/node_modules_next_dist_1e8vcs8._.js:791
[ 1151020ms] [LOG] [Fast Refresh] done in 27ms @ http://localhost:3000/_next/static/chunks/node_modules_next_dist_1e8vcs8._.js:791
[ 1151083ms] [LOG] [Fast Refresh] done in 27ms @ http://localhost:3000/_next/static/chunks/node_modules_next_dist_1e8vcs8._.js:791
[ 1151145ms] [LOG] [Fast Refresh] done in 27ms @ http://localhost:3000/_next/static/chunks/node_modules_next_dist_1e8vcs8._.js:791
[ 1151209ms] [LOG] [Fast Refresh] done in 27ms @ http://localhost:3000/_next/static/chunks/node_modules_next_dist_1e8vcs8._.js:791
[ 1151271ms] [LOG] [Fast Refresh] done in 27ms @ http://localhost:3000/_next/static/chunks/node_modules_next_dist_1e8vcs8._.js:791
[ 1151333ms] [LOG] [Fast Refresh] done in 27ms @ http://localhost:3000/_next/static/chunks/node_modules_next_dist_1e8vcs8._.js:791
[ 1151396ms] [LOG] [Fast Refresh] done in 27ms @ http://localhost:3000/_next/static/chunks/node_modules_next_dist_1e8vcs8._.js:791
[ 1151457ms] [LOG] [Fast Refresh] done in 27ms @ http://localhost:3000/_next/static/chunks/node_modules_next_dist_1e8vcs8._.js:791
[ 1151515ms] [LOG] [Fast Refresh] done in 27ms @ http://localhost:3000/_next/static/chunks/node_modules_next_dist_1e8vcs8._.js:791
[ 1151574ms] [LOG] [Fast Refresh] done in 27ms @ http://localhost:3000/_next/static/chunks/node_modules_next_dist_1e8vcs8._.js:791
[ 1151636ms] [LOG] [Fast Refresh] done in 27ms @ http://localhost:3000/_next/static/chunks/node_modules_next_dist_1e8vcs8._.js:791
[ 1151699ms] [LOG] [Fast Refresh] done in 27ms @ http://localhost:3000/_next/static/chunks/node_modules_next_dist_1e8vcs8._.js:791
[ 1151762ms] [LOG] [Fast Refresh] done in 27ms @ http://localhost:3000/_next/static/chunks/node_modules_next_dist_1e8vcs8._.js:791
[ 1151825ms] [LOG] [Fast Refresh] done in 27ms @ http://localhost:3000/_next/static/chunks/node_modules_next_dist_1e8vcs8._.js:791
[ 1151887ms] [LOG] [Fast Refresh] done in 27ms @ http://localhost:3000/_next/static/chunks/node_modules_next_dist_1e8vcs8._.js:791
[ 1151950ms] [LOG] [Fast Refresh] done in 27ms @ http://localhost:3000/_next/static/chunks/node_modules_next_dist_1e8vcs8._.js:791
[ 1152014ms] [LOG] [Fast Refresh] done in 27ms @ http://localhost:3000/_next/static/chunks/node_modules_next_dist_1e8vcs8._.js:791
[ 1152080ms] [LOG] [Fast Refresh] done in 27ms @ http://localhost:3000/_next/static/chunks/node_modules_next_dist_1e8vcs8._.js:791
[ 1152157ms] [LOG] [Fast Refresh] done in 27ms @ http://localhost:3000/_next/static/chunks/node_modules_next_dist_1e8vcs8._.js:791
[ 1152235ms] [LOG] [Fast Refresh] done in 27ms @ http://localhost:3000/_next/static/chunks/node_modules_next_dist_1e8vcs8._.js:791
[ 1152298ms] [LOG] [Fast Refresh] done in 27ms @ http://localhost:3000/_next/static/chunks/node_modules_next_dist_1e8vcs8._.js:791
[ 1152361ms] [LOG] [Fast Refresh] done in 27ms @ http://localhost:3000/_next/static/chunks/node_modules_next_dist_1e8vcs8._.js:791
[ 1152424ms] [LOG] [Fast Refresh] done in 27ms @ http://localhost:3000/_next/static/chunks/node_modules_next_dist_1e8vcs8._.js:791
[ 1152488ms] [LOG] [Fast Refresh] done in 27ms @ http://localhost:3000/_next/static/chunks/node_modules_next_dist_1e8vcs8._.js:791
[ 1152554ms] [LOG] [Fast Refresh] done in 27ms @ http://localhost:3000/_next/static/chunks/node_modules_next_dist_1e8vcs8._.js:791
[ 1152616ms] [LOG] [Fast Refresh] done in 27ms @ http://localhost:3000/_next/static/chunks/node_modules_next_dist_1e8vcs8._.js:791
[ 1152679ms] [LOG] [Fast Refresh] done in 27ms @ http://localhost:3000/_next/static/chunks/node_modules_next_dist_1e8vcs8._.js:791
[ 1152740ms] [LOG] [Fast Refresh] done in 27ms @ http://localhost:3000/_next/static/chunks/node_modules_next_dist_1e8vcs8._.js:791
[ 1152796ms] [LOG] [Fast Refresh] done in 27ms @ http://localhost:3000/_next/static/chunks/node_modules_next_dist_1e8vcs8._.js:791
[ 1152858ms] [LOG] [Fast Refresh] done in 27ms @ http://localhost:3000/_next/static/chunks/node_modules_next_dist_1e8vcs8._.js:791
[ 1152915ms] [LOG] [Fast Refresh] done in 27ms @ http://localhost:3000/_next/static/chunks/node_modules_next_dist_1e8vcs8._.js:791
[ 1152977ms] [LOG] [Fast Refresh] done in 27ms @ http://localhost:3000/_next/static/chunks/node_modules_next_dist_1e8vcs8._.js:791
[ 1153038ms] [LOG] [Fast Refresh] done in 27ms @ http://localhost:3000/_next/static/chunks/node_modules_next_dist_1e8vcs8._.js:791
[ 1153100ms] [LOG] [Fast Refresh] done in 27ms @ http://localhost:3000/_next/static/chunks/node_modules_next_dist_1e8vcs8._.js:791
[ 1153162ms] [LOG] [Fast Refresh] done in 27ms @ http://localhost:3000/_next/static/chunks/node_modules_next_dist_1e8vcs8._.js:791
[ 1153224ms] [LOG] [Fast Refresh] done in 27ms @ http://localhost:3000/_next/static/chunks/node_modules_next_dist_1e8vcs8._.js:791
[ 1153271ms] [LOG] [Fast Refresh] done in 27ms @ http://localhost:3000/_next/static/chunks/node_modules_next_dist_1e8vcs8._.js:791
[ 1153334ms] [LOG] [Fast Refresh] done in 27ms @ http://localhost:3000/_next/static/chunks/node_modules_next_dist_1e8vcs8._.js:791
[ 1153398ms] [LOG] [Fast Refresh] done in 27ms @ http://localhost:3000/_next/static/chunks/node_modules_next_dist_1e8vcs8._.js:791
[ 1153460ms] [LOG] [Fast Refresh] done in 27ms @ http://localhost:3000/_next/static/chunks/node_modules_next_dist_1e8vcs8._.js:791
[ 1153522ms] [LOG] [Fast Refresh] done in 27ms @ http://localhost:3000/_next/static/chunks/node_modules_next_dist_1e8vcs8._.js:791
[ 1153584ms] [LOG] [Fast Refresh] done in 27ms @ http://localhost:3000/_next/static/chunks/node_modules_next_dist_1e8vcs8._.js:791
[ 1153647ms] [LOG] [Fast Refresh] done in 27ms @ http://localhost:3000/_next/static/chunks/node_modules_next_dist_1e8vcs8._.js:791
[ 1153710ms] [LOG] [Fast Refresh] done in 27ms @ http://localhost:3000/_next/static/chunks/node_modules_next_dist_1e8vcs8._.js:791
[ 1153773ms] [LOG] [Fast Refresh] done in 27ms @ http://localhost:3000/_next/static/chunks/node_modules_next_dist_1e8vcs8._.js:791
[ 1153846ms] [LOG] [Fast Refresh] done in 27ms @ http://localhost:3000/_next/static/chunks/node_modules_next_dist_1e8vcs8._.js:791
[ 1153914ms] [LOG] [Fast Refresh] done in 27ms @ http://localhost:3000/_next/static/chunks/node_modules_next_dist_1e8vcs8._.js:791
[ 1153977ms] [LOG] [Fast Refresh] done in 27ms @ http://localhost:3000/_next/static/chunks/node_modules_next_dist_1e8vcs8._.js:791
[ 1154038ms] [LOG] [Fast Refresh] done in 27ms @ http://localhost:3000/_next/static/chunks/node_modules_next_dist_1e8vcs8._.js:791
[ 1154102ms] [LOG] [Fast Refresh] done in 27ms @ http://localhost:3000/_next/static/chunks/node_modules_next_dist_1e8vcs8._.js:791
[ 1154163ms] [LOG] [Fast Refresh] done in 27ms @ http://localhost:3000/_next/static/chunks/node_modules_next_dist_1e8vcs8._.js:791
[ 1154225ms] [LOG] [Fast Refresh] done in 27ms @ http://localhost:3000/_next/static/chunks/node_modules_next_dist_1e8vcs8._.js:791
[ 1154274ms] [LOG] [Fast Refresh] done in 27ms @ http://localhost:3000/_next/static/chunks/node_modules_next_dist_1e8vcs8._.js:791
[ 1154336ms] [LOG] [Fast Refresh] done in 27ms @ http://localhost:3000/_next/static/chunks/node_modules_next_dist_1e8vcs8._.js:791
[ 1154399ms] [LOG] [Fast Refresh] done in 27ms @ http://localhost:3000/_next/static/chunks/node_modules_next_dist_1e8vcs8._.js:791
[ 1154451ms] [LOG] [Fast Refresh] done in 27ms @ http://localhost:3000/_next/static/chunks/node_modules_next_dist_1e8vcs8._.js:791
[ 1154511ms] [LOG] [Fast Refresh] done in 27ms @ http://localhost:3000/_next/static/chunks/node_modules_next_dist_1e8vcs8._.js:791
[ 1154574ms] [LOG] [Fast Refresh] done in 27ms @ http://localhost:3000/_next/static/chunks/node_modules_next_dist_1e8vcs8._.js:791
[ 1154635ms] [LOG] [Fast Refresh] done in 27ms @ http://localhost:3000/_next/static/chunks/node_modules_next_dist_1e8vcs8._.js:791
[ 1154698ms] [LOG] [Fast Refresh] done in 27ms @ http://localhost:3000/_next/static/chunks/node_modules_next_dist_1e8vcs8._.js:791
[ 1154760ms] [LOG] [Fast Refresh] done in 27ms @ http://localhost:3000/_next/static/chunks/node_modules_next_dist_1e8vcs8._.js:791
[ 1154823ms] [LOG] [Fast Refresh] done in 27ms @ http://localhost:3000/_next/static/chunks/node_modules_next_dist_1e8vcs8._.js:791
[ 1154885ms] [LOG] [Fast Refresh] done in 27ms @ http://localhost:3000/_next/static/chunks/node_modules_next_dist_1e8vcs8._.js:791
[ 1154949ms] [LOG] [Fast Refresh] done in 27ms @ http://localhost:3000/_next/static/chunks/node_modules_next_dist_1e8vcs8._.js:791
[ 1155012ms] [LOG] [Fast Refresh] done in 27ms @ http://localhost:3000/_next/static/chunks/node_modules_next_dist_1e8vcs8._.js:791
[ 1155075ms] [LOG] [Fast Refresh] done in 27ms @ http://localhost:3000/_next/static/chunks/node_modules_next_dist_1e8vcs8._.js:791
[ 1155138ms] [LOG] [Fast Refresh] done in 27ms @ http://localhost:3000/_next/static/chunks/node_modules_next_dist_1e8vcs8._.js:791
[ 1155200ms] [LOG] [Fast Refresh] done in 27ms @ http://localhost:3000/_next/static/chunks/node_modules_next_dist_1e8vcs8._.js:791
[ 1155263ms] [LOG] [Fast Refresh] done in 27ms @ http://localhost:3000/_next/static/chunks/node_modules_next_dist_1e8vcs8._.js:791
[ 1155311ms] [LOG] [Fast Refresh] done in 27ms @ http://localhost:3000/_next/static/chunks/node_modules_next_dist_1e8vcs8._.js:791
[ 1155374ms] [LOG] [Fast Refresh] done in 27ms @ http://localhost:3000/_next/static/chunks/node_modules_next_dist_1e8vcs8._.js:791
[ 1155437ms] [LOG] [Fast Refresh] done in 27ms @ http://localhost:3000/_next/static/chunks/node_modules_next_dist_1e8vcs8._.js:791
[ 1155500ms] [LOG] [Fast Refresh] done in 27ms @ http://localhost:3000/_next/static/chunks/node_modules_next_dist_1e8vcs8._.js:791
[ 1155562ms] [LOG] [Fast Refresh] done in 27ms @ http://localhost:3000/_next/static/chunks/node_modules_next_dist_1e8vcs8._.js:791
[ 1155624ms] [LOG] [Fast Refresh] done in 27ms @ http://localhost:3000/_next/static/chunks/node_modules_next_dist_1e8vcs8._.js:791
[ 1155687ms] [LOG] [Fast Refresh] done in 27ms @ http://localhost:3000/_next/static/chunks/node_modules_next_dist_1e8vcs8._.js:791
[ 1155748ms] [LOG] [Fast Refresh] done in 27ms @ http://localhost:3000/_next/static/chunks/node_modules_next_dist_1e8vcs8._.js:791
[ 1155811ms] [LOG] [Fast Refresh] done in 27ms @ http://localhost:3000/_next/static/chunks/node_modules_next_dist_1e8vcs8._.js:791
[ 1155874ms] [LOG] [Fast Refresh] done in 27ms @ http://localhost:3000/_next/static/chunks/node_modules_next_dist_1e8vcs8._.js:791
[ 1155934ms] [LOG] [Fast Refresh] done in 27ms @ http://localhost:3000/_next/static/chunks/node_modules_next_dist_1e8vcs8._.js:791
[ 1155996ms] [LOG] [Fast Refresh] done in 27ms @ http://localhost:3000/_next/static/chunks/node_modules_next_dist_1e8vcs8._.js:791
[ 1156059ms] [LOG] [Fast Refresh] done in 27ms @ http://localhost:3000/_next/static/chunks/node_modules_next_dist_1e8vcs8._.js:791
[ 1156121ms] [LOG] [Fast Refresh] done in 27ms @ http://localhost:3000/_next/static/chunks/node_modules_next_dist_1e8vcs8._.js:791
[ 1156184ms] [LOG] [Fast Refresh] done in 27ms @ http://localhost:3000/_next/static/chunks/node_modules_next_dist_1e8vcs8._.js:791
[ 1156235ms] [LOG] [Fast Refresh] done in 27ms @ http://localhost:3000/_next/static/chunks/node_modules_next_dist_1e8vcs8._.js:791
[ 1156297ms] [LOG] [Fast Refresh] done in 27ms @ http://localhost:3000/_next/static/chunks/node_modules_next_dist_1e8vcs8._.js:791
[ 1156361ms] [LOG] [Fast Refresh] done in 27ms @ http://localhost:3000/_next/static/chunks/node_modules_next_dist_1e8vcs8._.js:791
[ 1156424ms] [LOG] [Fast Refresh] done in 27ms @ http://localhost:3000/_next/static/chunks/node_modules_next_dist_1e8vcs8._.js:791
[ 1156485ms] [LOG] [Fast Refresh] done in 27ms @ http://localhost:3000/_next/static/chunks/node_modules_next_dist_1e8vcs8._.js:791
[ 1156548ms] [LOG] [Fast Refresh] done in 27ms @ http://localhost:3000/_next/static/chunks/node_modules_next_dist_1e8vcs8._.js:791
[ 1156611ms] [LOG] [Fast Refresh] done in 27ms @ http://localhost:3000/_next/static/chunks/node_modules_next_dist_1e8vcs8._.js:791
[ 1156673ms] [LOG] [Fast Refresh] done in 27ms @ http://localhost:3000/_next/static/chunks/node_modules_next_dist_1e8vcs8._.js:791
[ 1156736ms] [LOG] [Fast Refresh] done in 27ms @ http://localhost:3000/_next/static/chunks/node_modules_next_dist_1e8vcs8._.js:791
[ 1156798ms] [LOG] [Fast Refresh] done in 27ms @ http://localhost:3000/_next/static/chunks/node_modules_next_dist_1e8vcs8._.js:791
[ 1156861ms] [LOG] [Fast Refresh] done in 27ms @ http://localhost:3000/_next/static/chunks/node_modules_next_dist_1e8vcs8._.js:791
[ 1156924ms] [LOG] [Fast Refresh] done in 27ms @ http://localhost:3000/_next/static/chunks/node_modules_next_dist_1e8vcs8._.js:791
[ 1156988ms] [LOG] [Fast Refresh] done in 27ms @ http://localhost:3000/_next/static/chunks/node_modules_next_dist_1e8vcs8._.js:791
[ 1157051ms] [LOG] [Fast Refresh] done in 27ms @ http://localhost:3000/_next/static/chunks/node_modules_next_dist_1e8vcs8._.js:791
[ 1157112ms] [LOG] [Fast Refresh] done in 27ms @ http://localhost:3000/_next/static/chunks/node_modules_next_dist_1e8vcs8._.js:791
[ 1157174ms] [LOG] [Fast Refresh] done in 27ms @ http://localhost:3000/_next/static/chunks/node_modules_next_dist_1e8vcs8._.js:791
[ 1157237ms] [LOG] [Fast Refresh] done in 27ms @ http://localhost:3000/_next/static/chunks/node_modules_next_dist_1e8vcs8._.js:791
[ 1157299ms] [LOG] [Fast Refresh] done in 27ms @ http://localhost:3000/_next/static/chunks/node_modules_next_dist_1e8vcs8._.js:791
[ 1157361ms] [LOG] [Fast Refresh] done in 27ms @ http://localhost:3000/_next/static/chunks/node_modules_next_dist_1e8vcs8._.js:791
[ 1157423ms] [LOG] [Fast Refresh] done in 27ms @ http://localhost:3000/_next/static/chunks/node_modules_next_dist_1e8vcs8._.js:791
[ 1157486ms] [LOG] [Fast Refresh] done in 27ms @ http://localhost:3000/_next/static/chunks/node_modules_next_dist_1e8vcs8._.js:791
[ 1157547ms] [LOG] [Fast Refresh] done in 27ms @ http://localhost:3000/_next/static/chunks/node_modules_next_dist_1e8vcs8._.js:791
[ 1157610ms] [LOG] [Fast Refresh] done in 27ms @ http://localhost:3000/_next/static/chunks/node_modules_next_dist_1e8vcs8._.js:791
[ 1157672ms] [LOG] [Fast Refresh] done in 27ms @ http://localhost:3000/_next/static/chunks/node_modules_next_dist_1e8vcs8._.js:791
[ 1157734ms] [LOG] [Fast Refresh] done in 27ms @ http://localhost:3000/_next/static/chunks/node_modules_next_dist_1e8vcs8._.js:791
[ 1157797ms] [LOG] [Fast Refresh] done in 27ms @ http://localhost:3000/_next/static/chunks/node_modules_next_dist_1e8vcs8._.js:791
[ 1157860ms] [LOG] [Fast Refresh] done in 27ms @ http://localhost:3000/_next/static/chunks/node_modules_next_dist_1e8vcs8._.js:791
[ 1157922ms] [LOG] [Fast Refresh] done in 27ms @ http://localhost:3000/_next/static/chunks/node_modules_next_dist_1e8vcs8._.js:791
[ 1157985ms] [LOG] [Fast Refresh] done in 27ms @ http://localhost:3000/_next/static/chunks/node_modules_next_dist_1e8vcs8._.js:791
[ 1158048ms] [LOG] [Fast Refresh] done in 27ms @ http://localhost:3000/_next/static/chunks/node_modules_next_dist_1e8vcs8._.js:791
[ 1158110ms] [LOG] [Fast Refresh] done in 27ms @ http://localhost:3000/_next/static/chunks/node_modules_next_dist_1e8vcs8._.js:791
[ 1158173ms] [LOG] [Fast Refresh] done in 27ms @ http://localhost:3000/_next/static/chunks/node_modules_next_dist_1e8vcs8._.js:791
[ 1158234ms] [LOG] [Fast Refresh] done in 27ms @ http://localhost:3000/_next/static/chunks/node_modules_next_dist_1e8vcs8._.js:791
[ 1158297ms] [LOG] [Fast Refresh] done in 27ms @ http://localhost:3000/_next/static/chunks/node_modules_next_dist_1e8vcs8._.js:791
[ 1158358ms] [LOG] [Fast Refresh] done in 27ms @ http://localhost:3000/_next/static/chunks/node_modules_next_dist_1e8vcs8._.js:791
[ 1158422ms] [LOG] [Fast Refresh] done in 27ms @ http://localhost:3000/_next/static/chunks/node_modules_next_dist_1e8vcs8._.js:791
[ 1158483ms] [LOG] [Fast Refresh] done in 27ms @ http://localhost:3000/_next/static/chunks/node_modules_next_dist_1e8vcs8._.js:791
[ 1158545ms] [LOG] [Fast Refresh] done in 27ms @ http://localhost:3000/_next/static/chunks/node_modules_next_dist_1e8vcs8._.js:791
[ 1158609ms] [LOG] [Fast Refresh] done in 27ms @ http://localhost:3000/_next/static/chunks/node_modules_next_dist_1e8vcs8._.js:791
[ 1158671ms] [LOG] [Fast Refresh] done in 27ms @ http://localhost:3000/_next/static/chunks/node_modules_next_dist_1e8vcs8._.js:791
[ 1158734ms] [LOG] [Fast Refresh] done in 27ms @ http://localhost:3000/_next/static/chunks/node_modules_next_dist_1e8vcs8._.js:791
[ 1158796ms] [LOG] [Fast Refresh] done in 27ms @ http://localhost:3000/_next/static/chunks/node_modules_next_dist_1e8vcs8._.js:791
[ 1158860ms] [LOG] [Fast Refresh] done in 27ms @ http://localhost:3000/_next/static/chunks/node_modules_next_dist_1e8vcs8._.js:791
[ 1158924ms] [LOG] [Fast Refresh] done in 27ms @ http://localhost:3000/_next/static/chunks/node_modules_next_dist_1e8vcs8._.js:791
[ 1158986ms] [LOG] [Fast Refresh] done in 27ms @ http://localhost:3000/_next/static/chunks/node_modules_next_dist_1e8vcs8._.js:791
[ 1159047ms] [LOG] [Fast Refresh] done in 27ms @ http://localhost:3000/_next/static/chunks/node_modules_next_dist_1e8vcs8._.js:791
[ 1159109ms] [LOG] [Fast Refresh] done in 27ms @ http://localhost:3000/_next/static/chunks/node_modules_next_dist_1e8vcs8._.js:791
[ 1159172ms] [LOG] [Fast Refresh] done in 27ms @ http://localhost:3000/_next/static/chunks/node_modules_next_dist_1e8vcs8._.js:791
[ 1159236ms] [LOG] [Fast Refresh] done in 27ms @ http://localhost:3000/_next/static/chunks/node_modules_next_dist_1e8vcs8._.js:791
[ 1159297ms] [LOG] [Fast Refresh] done in 27ms @ http://localhost:3000/_next/static/chunks/node_modules_next_dist_1e8vcs8._.js:791
[ 1159358ms] [LOG] [Fast Refresh] done in 27ms @ http://localhost:3000/_next/static/chunks/node_modules_next_dist_1e8vcs8._.js:791
[ 1159419ms] [LOG] [Fast Refresh] done in 27ms @ http://localhost:3000/_next/static/chunks/node_modules_next_dist_1e8vcs8._.js:791
[ 1159481ms] [LOG] [Fast Refresh] done in 27ms @ http://localhost:3000/_next/static/chunks/node_modules_next_dist_1e8vcs8._.js:791
[ 1159544ms] [LOG] [Fast Refresh] done in 27ms @ http://localhost:3000/_next/static/chunks/node_modules_next_dist_1e8vcs8._.js:791
[ 1159607ms] [LOG] [Fast Refresh] done in 27ms @ http://localhost:3000/_next/static/chunks/node_modules_next_dist_1e8vcs8._.js:791
[ 1159670ms] [LOG] [Fast Refresh] done in 27ms @ http://localhost:3000/_next/static/chunks/node_modules_next_dist_1e8vcs8._.js:791
[ 1159731ms] [LOG] [Fast Refresh] done in 27ms @ http://localhost:3000/_next/static/chunks/node_modules_next_dist_1e8vcs8._.js:791
[ 1159793ms] [LOG] [Fast Refresh] done in 27ms @ http://localhost:3000/_next/static/chunks/node_modules_next_dist_1e8vcs8._.js:791
[ 1159841ms] [LOG] [Fast Refresh] done in 27ms @ http://localhost:3000/_next/static/chunks/node_modules_next_dist_1e8vcs8._.js:791
[ 1159902ms] [LOG] [Fast Refresh] done in 27ms @ http://localhost:3000/_next/static/chunks/node_modules_next_dist_1e8vcs8._.js:791
[ 1159950ms] [LOG] [Fast Refresh] done in 27ms @ http://localhost:3000/_next/static/chunks/node_modules_next_dist_1e8vcs8._.js:791
[ 1160012ms] [LOG] [Fast Refresh] done in 27ms @ http://localhost:3000/_next/static/chunks/node_modules_next_dist_1e8vcs8._.js:791
[ 1160075ms] [LOG] [Fast Refresh] done in 27ms @ http://localhost:3000/_next/static/chunks/node_modules_next_dist_1e8vcs8._.js:791
[ 1160122ms] [LOG] [Fast Refresh] done in 27ms @ http://localhost:3000/_next/static/chunks/node_modules_next_dist_1e8vcs8._.js:791
[ 1160184ms] [LOG] [Fast Refresh] done in 27ms @ http://localhost:3000/_next/static/chunks/node_modules_next_dist_1e8vcs8._.js:791
[ 1160247ms] [LOG] [Fast Refresh] done in 27ms @ http://localhost:3000/_next/static/chunks/node_modules_next_dist_1e8vcs8._.js:791
[ 1160294ms] [LOG] [Fast Refresh] done in 27ms @ http://localhost:3000/_next/static/chunks/node_modules_next_dist_1e8vcs8._.js:791
[ 1160358ms] [LOG] [Fast Refresh] done in 27ms @ http://localhost:3000/_next/static/chunks/node_modules_next_dist_1e8vcs8._.js:791
[ 1160420ms] [LOG] [Fast Refresh] done in 27ms @ http://localhost:3000/_next/static/chunks/node_modules_next_dist_1e8vcs8._.js:791
[ 1160468ms] [LOG] [Fast Refresh] done in 27ms @ http://localhost:3000/_next/static/chunks/node_modules_next_dist_1e8vcs8._.js:791
[ 1160532ms] [LOG] [Fast Refresh] done in 27ms @ http://localhost:3000/_next/static/chunks/node_modules_next_dist_1e8vcs8._.js:791
[ 1160594ms] [LOG] [Fast Refresh] done in 27ms @ http://localhost:3000/_next/static/chunks/node_modules_next_dist_1e8vcs8._.js:791
[ 1160657ms] [LOG] [Fast Refresh] done in 27ms @ http://localhost:3000/_next/static/chunks/node_modules_next_dist_1e8vcs8._.js:791
[ 1160720ms] [LOG] [Fast Refresh] done in 27ms @ http://localhost:3000/_next/static/chunks/node_modules_next_dist_1e8vcs8._.js:791
[ 1160784ms] [LOG] [Fast Refresh] done in 27ms @ http://localhost:3000/_next/static/chunks/node_modules_next_dist_1e8vcs8._.js:791
[ 1160846ms] [LOG] [Fast Refresh] done in 27ms @ http://localhost:3000/_next/static/chunks/node_modules_next_dist_1e8vcs8._.js:791
[ 1160908ms] [LOG] [Fast Refresh] done in 27ms @ http://localhost:3000/_next/static/chunks/node_modules_next_dist_1e8vcs8._.js:791
[ 1160970ms] [LOG] [Fast Refresh] done in 27ms @ http://localhost:3000/_next/static/chunks/node_modules_next_dist_1e8vcs8._.js:791
[ 1161033ms] [LOG] [Fast Refresh] done in 27ms @ http://localhost:3000/_next/static/chunks/node_modules_next_dist_1e8vcs8._.js:791
[ 1161097ms] [LOG] [Fast Refresh] done in 27ms @ http://localhost:3000/_next/static/chunks/node_modules_next_dist_1e8vcs8._.js:791
[ 1161146ms] [LOG] [Fast Refresh] done in 27ms @ http://localhost:3000/_next/static/chunks/node_modules_next_dist_1e8vcs8._.js:791
[ 1161208ms] [LOG] [Fast Refresh] done in 27ms @ http://localhost:3000/_next/static/chunks/node_modules_next_dist_1e8vcs8._.js:791
[ 1161270ms] [LOG] [Fast Refresh] done in 27ms @ http://localhost:3000/_next/static/chunks/node_modules_next_dist_1e8vcs8._.js:791
[ 1161333ms] [LOG] [Fast Refresh] done in 27ms @ http://localhost:3000/_next/static/chunks/node_modules_next_dist_1e8vcs8._.js:791
[ 1161394ms] [LOG] [Fast Refresh] done in 27ms @ http://localhost:3000/_next/static/chunks/node_modules_next_dist_1e8vcs8._.js:791
[ 1161457ms] [LOG] [Fast Refresh] done in 27ms @ http://localhost:3000/_next/static/chunks/node_modules_next_dist_1e8vcs8._.js:791
[ 1161504ms] [LOG] [Fast Refresh] done in 27ms @ http://localhost:3000/_next/static/chunks/node_modules_next_dist_1e8vcs8._.js:791
[ 1161567ms] [LOG] [Fast Refresh] done in 27ms @ http://localhost:3000/_next/static/chunks/node_modules_next_dist_1e8vcs8._.js:791
[ 1161629ms] [LOG] [Fast Refresh] done in 27ms @ http://localhost:3000/_next/static/chunks/node_modules_next_dist_1e8vcs8._.js:791
[ 1161692ms] [LOG] [Fast Refresh] done in 27ms @ http://localhost:3000/_next/static/chunks/node_modules_next_dist_1e8vcs8._.js:791
[ 1161754ms] [LOG] [Fast Refresh] done in 27ms @ http://localhost:3000/_next/static/chunks/node_modules_next_dist_1e8vcs8._.js:791
[ 1161817ms] [LOG] [Fast Refresh] done in 27ms @ http://localhost:3000/_next/static/chunks/node_modules_next_dist_1e8vcs8._.js:791
[ 1161880ms] [LOG] [Fast Refresh] done in 27ms @ http://localhost:3000/_next/static/chunks/node_modules_next_dist_1e8vcs8._.js:791
[ 1161941ms] [LOG] [Fast Refresh] done in 27ms @ http://localhost:3000/_next/static/chunks/node_modules_next_dist_1e8vcs8._.js:791
[ 1162003ms] [LOG] [Fast Refresh] done in 27ms @ http://localhost:3000/_next/static/chunks/node_modules_next_dist_1e8vcs8._.js:791
[ 1162064ms] [LOG] [Fast Refresh] done in 27ms @ http://localhost:3000/_next/static/chunks/node_modules_next_dist_1e8vcs8._.js:791
[ 1162127ms] [LOG] [Fast Refresh] done in 27ms @ http://localhost:3000/_next/static/chunks/node_modules_next_dist_1e8vcs8._.js:791
[ 1162190ms] [LOG] [Fast Refresh] done in 27ms @ http://localhost:3000/_next/static/chunks/node_modules_next_dist_1e8vcs8._.js:791
[ 1162237ms] [LOG] [Fast Refresh] done in 27ms @ http://localhost:3000/_next/static/chunks/node_modules_next_dist_1e8vcs8._.js:791
[ 1162300ms] [LOG] [Fast Refresh] done in 27ms @ http://localhost:3000/_next/static/chunks/node_modules_next_dist_1e8vcs8._.js:791
[ 1162363ms] [LOG] [Fast Refresh] done in 27ms @ http://localhost:3000/_next/static/chunks/node_modules_next_dist_1e8vcs8._.js:791
[ 1162425ms] [LOG] [Fast Refresh] done in 27ms @ http://localhost:3000/_next/static/chunks/node_modules_next_dist_1e8vcs8._.js:791
[ 1162488ms] [LOG] [Fast Refresh] done in 27ms @ http://localhost:3000/_next/static/chunks/node_modules_next_dist_1e8vcs8._.js:791
[ 1162551ms] [LOG] [Fast Refresh] done in 27ms @ http://localhost:3000/_next/static/chunks/node_modules_next_dist_1e8vcs8._.js:791
[ 1162607ms] [LOG] [Fast Refresh] done in 27ms @ http://localhost:3000/_next/static/chunks/node_modules_next_dist_1e8vcs8._.js:791
[ 1162659ms] [LOG] [Fast Refresh] done in 27ms @ http://localhost:3000/_next/static/chunks/node_modules_next_dist_1e8vcs8._.js:791
[ 1162719ms] [LOG] [Fast Refresh] done in 27ms @ http://localhost:3000/_next/static/chunks/node_modules_next_dist_1e8vcs8._.js:791
[ 1162794ms] [LOG] [Fast Refresh] done in 27ms @ http://localhost:3000/_next/static/chunks/node_modules_next_dist_1e8vcs8._.js:791
[ 1162857ms] [LOG] [Fast Refresh] done in 27ms @ http://localhost:3000/_next/static/chunks/node_modules_next_dist_1e8vcs8._.js:791
[ 1162918ms] [LOG] [Fast Refresh] done in 27ms @ http://localhost:3000/_next/static/chunks/node_modules_next_dist_1e8vcs8._.js:791
[ 1162980ms] [LOG] [Fast Refresh] done in 27ms @ http://localhost:3000/_next/static/chunks/node_modules_next_dist_1e8vcs8._.js:791
[ 1163042ms] [LOG] [Fast Refresh] done in 27ms @ http://localhost:3000/_next/static/chunks/node_modules_next_dist_1e8vcs8._.js:791
[ 1163093ms] [LOG] [Fast Refresh] done in 27ms @ http://localhost:3000/_next/static/chunks/node_modules_next_dist_1e8vcs8._.js:791
[ 1163154ms] [LOG] [Fast Refresh] done in 27ms @ http://localhost:3000/_next/static/chunks/node_modules_next_dist_1e8vcs8._.js:791
[ 1163215ms] [LOG] [Fast Refresh] done in 27ms @ http://localhost:3000/_next/static/chunks/node_modules_next_dist_1e8vcs8._.js:791
[ 1163278ms] [LOG] [Fast Refresh] done in 27ms @ http://localhost:3000/_next/static/chunks/node_modules_next_dist_1e8vcs8._.js:791
[ 1163339ms] [LOG] [Fast Refresh] done in 27ms @ http://localhost:3000/_next/static/chunks/node_modules_next_dist_1e8vcs8._.js:791
[ 1163401ms] [LOG] [Fast Refresh] done in 27ms @ http://localhost:3000/_next/static/chunks/node_modules_next_dist_1e8vcs8._.js:791
[ 1163464ms] [LOG] [Fast Refresh] done in 27ms @ http://localhost:3000/_next/static/chunks/node_modules_next_dist_1e8vcs8._.js:791
[ 1163511ms] [LOG] [Fast Refresh] done in 27ms @ http://localhost:3000/_next/static/chunks/node_modules_next_dist_1e8vcs8._.js:791
[ 1163573ms] [LOG] [Fast Refresh] done in 27ms @ http://localhost:3000/_next/static/chunks/node_modules_next_dist_1e8vcs8._.js:791
[ 1163637ms] [LOG] [Fast Refresh] done in 27ms @ http://localhost:3000/_next/static/chunks/node_modules_next_dist_1e8vcs8._.js:791
[ 1163699ms] [LOG] [Fast Refresh] done in 27ms @ http://localhost:3000/_next/static/chunks/node_modules_next_dist_1e8vcs8._.js:791
[ 1163762ms] [LOG] [Fast Refresh] done in 27ms @ http://localhost:3000/_next/static/chunks/node_modules_next_dist_1e8vcs8._.js:791
[ 1163825ms] [LOG] [Fast Refresh] done in 27ms @ http://localhost:3000/_next/static/chunks/node_modules_next_dist_1e8vcs8._.js:791
[ 1163887ms] [LOG] [Fast Refresh] done in 27ms @ http://localhost:3000/_next/static/chunks/node_modules_next_dist_1e8vcs8._.js:791
[ 1163949ms] [LOG] [Fast Refresh] done in 27ms @ http://localhost:3000/_next/static/chunks/node_modules_next_dist_1e8vcs8._.js:791
[ 1164011ms] [LOG] [Fast Refresh] done in 27ms @ http://localhost:3000/_next/static/chunks/node_modules_next_dist_1e8vcs8._.js:791
[ 1164073ms] [LOG] [Fast Refresh] done in 27ms @ http://localhost:3000/_next/static/chunks/node_modules_next_dist_1e8vcs8._.js:791
[ 1164135ms] [LOG] [Fast Refresh] done in 27ms @ http://localhost:3000/_next/static/chunks/node_modules_next_dist_1e8vcs8._.js:791
[ 1164198ms] [LOG] [Fast Refresh] done in 27ms @ http://localhost:3000/_next/static/chunks/node_modules_next_dist_1e8vcs8._.js:791
[ 1164260ms] [LOG] [Fast Refresh] done in 27ms @ http://localhost:3000/_next/static/chunks/node_modules_next_dist_1e8vcs8._.js:791
[ 1164322ms] [LOG] [Fast Refresh] done in 27ms @ http://localhost:3000/_next/static/chunks/node_modules_next_dist_1e8vcs8._.js:791
[ 1164385ms] [LOG] [Fast Refresh] done in 27ms @ http://localhost:3000/_next/static/chunks/node_modules_next_dist_1e8vcs8._.js:791
[ 1164448ms] [LOG] [Fast Refresh] done in 27ms @ http://localhost:3000/_next/static/chunks/node_modules_next_dist_1e8vcs8._.js:791
[ 1164510ms] [LOG] [Fast Refresh] done in 27ms @ http://localhost:3000/_next/static/chunks/node_modules_next_dist_1e8vcs8._.js:791
[ 1164566ms] [LOG] [Fast Refresh] done in 27ms @ http://localhost:3000/_next/static/chunks/node_modules_next_dist_1e8vcs8._.js:791
[ 1164630ms] [LOG] [Fast Refresh] done in 27ms @ http://localhost:3000/_next/static/chunks/node_modules_next_dist_1e8vcs8._.js:791
[ 1164692ms] [LOG] [Fast Refresh] done in 27ms @ http://localhost:3000/_next/static/chunks/node_modules_next_dist_1e8vcs8._.js:791
[ 1164754ms] [LOG] [Fast Refresh] done in 27ms @ http://localhost:3000/_next/static/chunks/node_modules_next_dist_1e8vcs8._.js:791
[ 1164816ms] [LOG] [Fast Refresh] done in 27ms @ http://localhost:3000/_next/static/chunks/node_modules_next_dist_1e8vcs8._.js:791
[ 1164878ms] [LOG] [Fast Refresh] done in 27ms @ http://localhost:3000/_next/static/chunks/node_modules_next_dist_1e8vcs8._.js:791
[ 1164941ms] [LOG] [Fast Refresh] done in 27ms @ http://localhost:3000/_next/static/chunks/node_modules_next_dist_1e8vcs8._.js:791
[ 1165003ms] [LOG] [Fast Refresh] done in 27ms @ http://localhost:3000/_next/static/chunks/node_modules_next_dist_1e8vcs8._.js:791
[ 1165066ms] [LOG] [Fast Refresh] done in 27ms @ http://localhost:3000/_next/static/chunks/node_modules_next_dist_1e8vcs8._.js:791
[ 1165128ms] [LOG] [Fast Refresh] done in 27ms @ http://localhost:3000/_next/static/chunks/node_modules_next_dist_1e8vcs8._.js:791
[ 1165190ms] [LOG] [Fast Refresh] done in 27ms @ http://localhost:3000/_next/static/chunks/node_modules_next_dist_1e8vcs8._.js:791
[ 1165253ms] [LOG] [Fast Refresh] done in 27ms @ http://localhost:3000/_next/static/chunks/node_modules_next_dist_1e8vcs8._.js:791
[ 1165300ms] [LOG] [Fast Refresh] done in 27ms @ http://localhost:3000/_next/static/chunks/node_modules_next_dist_1e8vcs8._.js:791
[ 1165348ms] [LOG] [Fast Refresh] done in 27ms @ http://localhost:3000/_next/static/chunks/node_modules_next_dist_1e8vcs8._.js:791
[ 1165410ms] [LOG] [Fast Refresh] done in 27ms @ http://localhost:3000/_next/static/chunks/node_modules_next_dist_1e8vcs8._.js:791
[ 1165472ms] [LOG] [Fast Refresh] done in 27ms @ http://localhost:3000/_next/static/chunks/node_modules_next_dist_1e8vcs8._.js:791
[ 1165535ms] [LOG] [Fast Refresh] done in 27ms @ http://localhost:3000/_next/static/chunks/node_modules_next_dist_1e8vcs8._.js:791
[ 1165598ms] [LOG] [Fast Refresh] done in 27ms @ http://localhost:3000/_next/static/chunks/node_modules_next_dist_1e8vcs8._.js:791
[ 1165661ms] [LOG] [Fast Refresh] done in 27ms @ http://localhost:3000/_next/static/chunks/node_modules_next_dist_1e8vcs8._.js:791
[ 1165723ms] [LOG] [Fast Refresh] done in 27ms @ http://localhost:3000/_next/static/chunks/node_modules_next_dist_1e8vcs8._.js:791
[ 1165785ms] [LOG] [Fast Refresh] done in 27ms @ http://localhost:3000/_next/static/chunks/node_modules_next_dist_1e8vcs8._.js:791
[ 1165847ms] [LOG] [Fast Refresh] done in 27ms @ http://localhost:3000/_next/static/chunks/node_modules_next_dist_1e8vcs8._.js:791
[ 1165910ms] [LOG] [Fast Refresh] done in 27ms @ http://localhost:3000/_next/static/chunks/node_modules_next_dist_1e8vcs8._.js:791
[ 1165972ms] [LOG] [Fast Refresh] done in 27ms @ http://localhost:3000/_next/static/chunks/node_modules_next_dist_1e8vcs8._.js:791
[ 1166034ms] [LOG] [Fast Refresh] done in 27ms @ http://localhost:3000/_next/static/chunks/node_modules_next_dist_1e8vcs8._.js:791
[ 1166095ms] [LOG] [Fast Refresh] done in 27ms @ http://localhost:3000/_next/static/chunks/node_modules_next_dist_1e8vcs8._.js:791
[ 1166157ms] [LOG] [Fast Refresh] done in 27ms @ http://localhost:3000/_next/static/chunks/node_modules_next_dist_1e8vcs8._.js:791
[ 1166219ms] [LOG] [Fast Refresh] done in 27ms @ http://localhost:3000/_next/static/chunks/node_modules_next_dist_1e8vcs8._.js:791
[ 1166281ms] [LOG] [Fast Refresh] done in 27ms @ http://localhost:3000/_next/static/chunks/node_modules_next_dist_1e8vcs8._.js:791
[ 1166343ms] [LOG] [Fast Refresh] done in 27ms @ http://localhost:3000/_next/static/chunks/node_modules_next_dist_1e8vcs8._.js:791
[ 1166406ms] [LOG] [Fast Refresh] done in 27ms @ http://localhost:3000/_next/static/chunks/node_modules_next_dist_1e8vcs8._.js:791
[ 1166469ms] [LOG] [Fast Refresh] done in 27ms @ http://localhost:3000/_next/static/chunks/node_modules_next_dist_1e8vcs8._.js:791
[ 1166530ms] [LOG] [Fast Refresh] done in 27ms @ http://localhost:3000/_next/static/chunks/node_modules_next_dist_1e8vcs8._.js:791
[ 1166592ms] [LOG] [Fast Refresh] done in 27ms @ http://localhost:3000/_next/static/chunks/node_modules_next_dist_1e8vcs8._.js:791
[ 1166655ms] [LOG] [Fast Refresh] done in 27ms @ http://localhost:3000/_next/static/chunks/node_modules_next_dist_1e8vcs8._.js:791
[ 1166716ms] [LOG] [Fast Refresh] done in 27ms @ http://localhost:3000/_next/static/chunks/node_modules_next_dist_1e8vcs8._.js:791
[ 1166778ms] [LOG] [Fast Refresh] done in 27ms @ http://localhost:3000/_next/static/chunks/node_modules_next_dist_1e8vcs8._.js:791
[ 1166842ms] [LOG] [Fast Refresh] done in 27ms @ http://localhost:3000/_next/static/chunks/node_modules_next_dist_1e8vcs8._.js:791
[ 1166894ms] [LOG] [Fast Refresh] done in 27ms @ http://localhost:3000/_next/static/chunks/node_modules_next_dist_1e8vcs8._.js:791
[ 1166952ms] [LOG] [Fast Refresh] done in 27ms @ http://localhost:3000/_next/static/chunks/node_modules_next_dist_1e8vcs8._.js:791
[ 1166998ms] [LOG] [Fast Refresh] done in 27ms @ http://localhost:3000/_next/static/chunks/node_modules_next_dist_1e8vcs8._.js:791
[ 1167061ms] [LOG] [Fast Refresh] done in 27ms @ http://localhost:3000/_next/static/chunks/node_modules_next_dist_1e8vcs8._.js:791
[ 1167109ms] [LOG] [Fast Refresh] done in 27ms @ http://localhost:3000/_next/static/chunks/node_modules_next_dist_1e8vcs8._.js:791
[ 1167171ms] [LOG] [Fast Refresh] done in 27ms @ http://localhost:3000/_next/static/chunks/node_modules_next_dist_1e8vcs8._.js:791
[ 1167233ms] [LOG] [Fast Refresh] done in 27ms @ http://localhost:3000/_next/static/chunks/node_modules_next_dist_1e8vcs8._.js:791
[ 1167296ms] [LOG] [Fast Refresh] done in 27ms @ http://localhost:3000/_next/static/chunks/node_modules_next_dist_1e8vcs8._.js:791
[ 1167358ms] [LOG] [Fast Refresh] done in 27ms @ http://localhost:3000/_next/static/chunks/node_modules_next_dist_1e8vcs8._.js:791
[ 1167420ms] [LOG] [Fast Refresh] done in 27ms @ http://localhost:3000/_next/static/chunks/node_modules_next_dist_1e8vcs8._.js:791
[ 1167479ms] [LOG] [Fast Refresh] done in 27ms @ http://localhost:3000/_next/static/chunks/node_modules_next_dist_1e8vcs8._.js:791
[ 1167541ms] [LOG] [Fast Refresh] done in 27ms @ http://localhost:3000/_next/static/chunks/node_modules_next_dist_1e8vcs8._.js:791
[ 1167604ms] [LOG] [Fast Refresh] done in 27ms @ http://localhost:3000/_next/static/chunks/node_modules_next_dist_1e8vcs8._.js:791
[ 1167666ms] [LOG] [Fast Refresh] done in 27ms @ http://localhost:3000/_next/static/chunks/node_modules_next_dist_1e8vcs8._.js:791
[ 1167729ms] [LOG] [Fast Refresh] done in 27ms @ http://localhost:3000/_next/static/chunks/node_modules_next_dist_1e8vcs8._.js:791
[ 1167791ms] [LOG] [Fast Refresh] done in 27ms @ http://localhost:3000/_next/static/chunks/node_modules_next_dist_1e8vcs8._.js:791
[ 1167855ms] [LOG] [Fast Refresh] done in 27ms @ http://localhost:3000/_next/static/chunks/node_modules_next_dist_1e8vcs8._.js:791
[ 1167916ms] [LOG] [Fast Refresh] done in 27ms @ http://localhost:3000/_next/static/chunks/node_modules_next_dist_1e8vcs8._.js:791
[ 1167978ms] [LOG] [Fast Refresh] done in 27ms @ http://localhost:3000/_next/static/chunks/node_modules_next_dist_1e8vcs8._.js:791
[ 1168041ms] [LOG] [Fast Refresh] done in 27ms @ http://localhost:3000/_next/static/chunks/node_modules_next_dist_1e8vcs8._.js:791
[ 1168103ms] [LOG] [Fast Refresh] done in 27ms @ http://localhost:3000/_next/static/chunks/node_modules_next_dist_1e8vcs8._.js:791
[ 1168167ms] [LOG] [Fast Refresh] done in 27ms @ http://localhost:3000/_next/static/chunks/node_modules_next_dist_1e8vcs8._.js:791
[ 1168230ms] [LOG] [Fast Refresh] done in 27ms @ http://localhost:3000/_next/static/chunks/node_modules_next_dist_1e8vcs8._.js:791
[ 1168291ms] [LOG] [Fast Refresh] done in 27ms @ http://localhost:3000/_next/static/chunks/node_modules_next_dist_1e8vcs8._.js:791
[ 1168354ms] [LOG] [Fast Refresh] done in 27ms @ http://localhost:3000/_next/static/chunks/node_modules_next_dist_1e8vcs8._.js:791
[ 1168417ms] [LOG] [Fast Refresh] done in 27ms @ http://localhost:3000/_next/static/chunks/node_modules_next_dist_1e8vcs8._.js:791
[ 1168478ms] [LOG] [Fast Refresh] done in 27ms @ http://localhost:3000/_next/static/chunks/node_modules_next_dist_1e8vcs8._.js:791
[ 1168526ms] [LOG] [Fast Refresh] done in 27ms @ http://localhost:3000/_next/static/chunks/node_modules_next_dist_1e8vcs8._.js:791
[ 1168588ms] [LOG] [Fast Refresh] done in 27ms @ http://localhost:3000/_next/static/chunks/node_modules_next_dist_1e8vcs8._.js:791
[ 1168649ms] [LOG] [Fast Refresh] done in 27ms @ http://localhost:3000/_next/static/chunks/node_modules_next_dist_1e8vcs8._.js:791
[ 1168712ms] [LOG] [Fast Refresh] done in 27ms @ http://localhost:3000/_next/static/chunks/node_modules_next_dist_1e8vcs8._.js:791
[ 1168760ms] [LOG] [Fast Refresh] done in 27ms @ http://localhost:3000/_next/static/chunks/node_modules_next_dist_1e8vcs8._.js:791
[ 1168822ms] [LOG] [Fast Refresh] done in 27ms @ http://localhost:3000/_next/static/chunks/node_modules_next_dist_1e8vcs8._.js:791
[ 1168883ms] [LOG] [Fast Refresh] done in 27ms @ http://localhost:3000/_next/static/chunks/node_modules_next_dist_1e8vcs8._.js:791
[ 1168946ms] [LOG] [Fast Refresh] done in 27ms @ http://localhost:3000/_next/static/chunks/node_modules_next_dist_1e8vcs8._.js:791
[ 1169007ms] [LOG] [Fast Refresh] done in 27ms @ http://localhost:3000/_next/static/chunks/node_modules_next_dist_1e8vcs8._.js:791
[ 1169070ms] [LOG] [Fast Refresh] done in 27ms @ http://localhost:3000/_next/static/chunks/node_modules_next_dist_1e8vcs8._.js:791
[ 1169132ms] [LOG] [Fast Refresh] done in 27ms @ http://localhost:3000/_next/static/chunks/node_modules_next_dist_1e8vcs8._.js:791
[ 1169195ms] [LOG] [Fast Refresh] done in 27ms @ http://localhost:3000/_next/static/chunks/node_modules_next_dist_1e8vcs8._.js:791
[ 1169256ms] [LOG] [Fast Refresh] done in 27ms @ http://localhost:3000/_next/static/chunks/node_modules_next_dist_1e8vcs8._.js:791
[ 1169318ms] [LOG] [Fast Refresh] done in 27ms @ http://localhost:3000/_next/static/chunks/node_modules_next_dist_1e8vcs8._.js:791
[ 1169366ms] [LOG] [Fast Refresh] done in 27ms @ http://localhost:3000/_next/static/chunks/node_modules_next_dist_1e8vcs8._.js:791
[ 1169428ms] [LOG] [Fast Refresh] done in 27ms @ http://localhost:3000/_next/static/chunks/node_modules_next_dist_1e8vcs8._.js:791
[ 1169476ms] [LOG] [Fast Refresh] done in 27ms @ http://localhost:3000/_next/static/chunks/node_modules_next_dist_1e8vcs8._.js:791
[ 1169540ms] [LOG] [Fast Refresh] done in 27ms @ http://localhost:3000/_next/static/chunks/node_modules_next_dist_1e8vcs8._.js:791
[ 1169602ms] [LOG] [Fast Refresh] done in 27ms @ http://localhost:3000/_next/static/chunks/node_modules_next_dist_1e8vcs8._.js:791
[ 1169664ms] [LOG] [Fast Refresh] done in 27ms @ http://localhost:3000/_next/static/chunks/node_modules_next_dist_1e8vcs8._.js:791
[ 1169725ms] [LOG] [Fast Refresh] done in 27ms @ http://localhost:3000/_next/static/chunks/node_modules_next_dist_1e8vcs8._.js:791
[ 1169788ms] [LOG] [Fast Refresh] done in 27ms @ http://localhost:3000/_next/static/chunks/node_modules_next_dist_1e8vcs8._.js:791
[ 1169851ms] [LOG] [Fast Refresh] done in 27ms @ http://localhost:3000/_next/static/chunks/node_modules_next_dist_1e8vcs8._.js:791
[ 1169913ms] [LOG] [Fast Refresh] done in 27ms @ http://localhost:3000/_next/static/chunks/node_modules_next_dist_1e8vcs8._.js:791
[ 1169977ms] [LOG] [Fast Refresh] done in 27ms @ http://localhost:3000/_next/static/chunks/node_modules_next_dist_1e8vcs8._.js:791
[ 1170039ms] [LOG] [Fast Refresh] done in 27ms @ http://localhost:3000/_next/static/chunks/node_modules_next_dist_1e8vcs8._.js:791
[ 1170100ms] [LOG] [Fast Refresh] done in 27ms @ http://localhost:3000/_next/static/chunks/node_modules_next_dist_1e8vcs8._.js:791
[ 1170164ms] [LOG] [Fast Refresh] done in 27ms @ http://localhost:3000/_next/static/chunks/node_modules_next_dist_1e8vcs8._.js:791
[ 1170227ms] [LOG] [Fast Refresh] done in 27ms @ http://localhost:3000/_next/static/chunks/node_modules_next_dist_1e8vcs8._.js:791
[ 1170288ms] [LOG] [Fast Refresh] done in 27ms @ http://localhost:3000/_next/static/chunks/node_modules_next_dist_1e8vcs8._.js:791
[ 1170350ms] [LOG] [Fast Refresh] done in 27ms @ http://localhost:3000/_next/static/chunks/node_modules_next_dist_1e8vcs8._.js:791
[ 1170413ms] [LOG] [Fast Refresh] done in 27ms @ http://localhost:3000/_next/static/chunks/node_modules_next_dist_1e8vcs8._.js:791
[ 1170474ms] [LOG] [Fast Refresh] done in 27ms @ http://localhost:3000/_next/static/chunks/node_modules_next_dist_1e8vcs8._.js:791
[ 1170536ms] [LOG] [Fast Refresh] done in 27ms @ http://localhost:3000/_next/static/chunks/node_modules_next_dist_1e8vcs8._.js:791
[ 1170584ms] [LOG] [Fast Refresh] done in 27ms @ http://localhost:3000/_next/static/chunks/node_modules_next_dist_1e8vcs8._.js:791
[ 1170647ms] [LOG] [Fast Refresh] done in 27ms @ http://localhost:3000/_next/static/chunks/node_modules_next_dist_1e8vcs8._.js:791
[ 1170710ms] [LOG] [Fast Refresh] done in 27ms @ http://localhost:3000/_next/static/chunks/node_modules_next_dist_1e8vcs8._.js:791
[ 1170774ms] [LOG] [Fast Refresh] done in 27ms @ http://localhost:3000/_next/static/chunks/node_modules_next_dist_1e8vcs8._.js:791
[ 1170837ms] [LOG] [Fast Refresh] done in 27ms @ http://localhost:3000/_next/static/chunks/node_modules_next_dist_1e8vcs8._.js:791
[ 1170892ms] [LOG] [Fast Refresh] done in 27ms @ http://localhost:3000/_next/static/chunks/node_modules_next_dist_1e8vcs8._.js:791
[ 1170947ms] [LOG] [Fast Refresh] done in 27ms @ http://localhost:3000/_next/static/chunks/node_modules_next_dist_1e8vcs8._.js:791
[ 1171011ms] [LOG] [Fast Refresh] done in 27ms @ http://localhost:3000/_next/static/chunks/node_modules_next_dist_1e8vcs8._.js:791
[ 1171073ms] [LOG] [Fast Refresh] done in 27ms @ http://localhost:3000/_next/static/chunks/node_modules_next_dist_1e8vcs8._.js:791
[ 1171136ms] [LOG] [Fast Refresh] done in 27ms @ http://localhost:3000/_next/static/chunks/node_modules_next_dist_1e8vcs8._.js:791
[ 1171199ms] [LOG] [Fast Refresh] done in 27ms @ http://localhost:3000/_next/static/chunks/node_modules_next_dist_1e8vcs8._.js:791
[ 1171259ms] [LOG] [Fast Refresh] done in 27ms @ http://localhost:3000/_next/static/chunks/node_modules_next_dist_1e8vcs8._.js:791
[ 1171322ms] [LOG] [Fast Refresh] done in 27ms @ http://localhost:3000/_next/static/chunks/node_modules_next_dist_1e8vcs8._.js:791
[ 1171384ms] [LOG] [Fast Refresh] done in 27ms @ http://localhost:3000/_next/static/chunks/node_modules_next_dist_1e8vcs8._.js:791
[ 1171447ms] [LOG] [Fast Refresh] done in 27ms @ http://localhost:3000/_next/static/chunks/node_modules_next_dist_1e8vcs8._.js:791
[ 1171509ms] [LOG] [Fast Refresh] done in 27ms @ http://localhost:3000/_next/static/chunks/node_modules_next_dist_1e8vcs8._.js:791
[ 1171557ms] [LOG] [Fast Refresh] done in 27ms @ http://localhost:3000/_next/static/chunks/node_modules_next_dist_1e8vcs8._.js:791
[ 1171619ms] [LOG] [Fast Refresh] done in 27ms @ http://localhost:3000/_next/static/chunks/node_modules_next_dist_1e8vcs8._.js:791
[ 1171682ms] [LOG] [Fast Refresh] done in 27ms @ http://localhost:3000/_next/static/chunks/node_modules_next_dist_1e8vcs8._.js:791
[ 1171745ms] [LOG] [Fast Refresh] done in 27ms @ http://localhost:3000/_next/static/chunks/node_modules_next_dist_1e8vcs8._.js:791
[ 1171807ms] [LOG] [Fast Refresh] done in 27ms @ http://localhost:3000/_next/static/chunks/node_modules_next_dist_1e8vcs8._.js:791
[ 1171869ms] [LOG] [Fast Refresh] done in 27ms @ http://localhost:3000/_next/static/chunks/node_modules_next_dist_1e8vcs8._.js:791
[ 1171932ms] [LOG] [Fast Refresh] done in 27ms @ http://localhost:3000/_next/static/chunks/node_modules_next_dist_1e8vcs8._.js:791
[ 1171995ms] [LOG] [Fast Refresh] done in 27ms @ http://localhost:3000/_next/static/chunks/node_modules_next_dist_1e8vcs8._.js:791
[ 1172057ms] [LOG] [Fast Refresh] done in 27ms @ http://localhost:3000/_next/static/chunks/node_modules_next_dist_1e8vcs8._.js:791
[ 1172105ms] [LOG] [Fast Refresh] done in 27ms @ http://localhost:3000/_next/static/chunks/node_modules_next_dist_1e8vcs8._.js:791
[ 1172166ms] [LOG] [Fast Refresh] done in 27ms @ http://localhost:3000/_next/static/chunks/node_modules_next_dist_1e8vcs8._.js:791
[ 1172240ms] [LOG] [Fast Refresh] done in 27ms @ http://localhost:3000/_next/static/chunks/node_modules_next_dist_1e8vcs8._.js:791
[ 1172292ms] [LOG] [Fast Refresh] done in 27ms @ http://localhost:3000/_next/static/chunks/node_modules_next_dist_1e8vcs8._.js:791
[ 1172354ms] [LOG] [Fast Refresh] done in 27ms @ http://localhost:3000/_next/static/chunks/node_modules_next_dist_1e8vcs8._.js:791
[ 1172416ms] [LOG] [Fast Refresh] done in 27ms @ http://localhost:3000/_next/static/chunks/node_modules_next_dist_1e8vcs8._.js:791
[ 1172467ms] [LOG] [Fast Refresh] done in 27ms @ http://localhost:3000/_next/static/chunks/node_modules_next_dist_1e8vcs8._.js:791
[ 1172513ms] [LOG] [Fast Refresh] done in 27ms @ http://localhost:3000/_next/static/chunks/node_modules_next_dist_1e8vcs8._.js:791
[ 1172576ms] [LOG] [Fast Refresh] done in 27ms @ http://localhost:3000/_next/static/chunks/node_modules_next_dist_1e8vcs8._.js:791
[ 1172640ms] [LOG] [Fast Refresh] done in 27ms @ http://localhost:3000/_next/static/chunks/node_modules_next_dist_1e8vcs8._.js:791
[ 1172702ms] [LOG] [Fast Refresh] done in 27ms @ http://localhost:3000/_next/static/chunks/node_modules_next_dist_1e8vcs8._.js:791
[ 1172764ms] [LOG] [Fast Refresh] done in 27ms @ http://localhost:3000/_next/static/chunks/node_modules_next_dist_1e8vcs8._.js:791
[ 1172826ms] [LOG] [Fast Refresh] done in 27ms @ http://localhost:3000/_next/static/chunks/node_modules_next_dist_1e8vcs8._.js:791
[ 1172889ms] [LOG] [Fast Refresh] done in 27ms @ http://localhost:3000/_next/static/chunks/node_modules_next_dist_1e8vcs8._.js:791
[ 1172951ms] [LOG] [Fast Refresh] done in 27ms @ http://localhost:3000/_next/static/chunks/node_modules_next_dist_1e8vcs8._.js:791
[ 1173000ms] [LOG] [Fast Refresh] done in 27ms @ http://localhost:3000/_next/static/chunks/node_modules_next_dist_1e8vcs8._.js:791
[ 1173063ms] [LOG] [Fast Refresh] done in 27ms @ http://localhost:3000/_next/static/chunks/node_modules_next_dist_1e8vcs8._.js:791
[ 1173127ms] [LOG] [Fast Refresh] done in 27ms @ http://localhost:3000/_next/static/chunks/node_modules_next_dist_1e8vcs8._.js:791
[ 1173190ms] [LOG] [Fast Refresh] done in 27ms @ http://localhost:3000/_next/static/chunks/node_modules_next_dist_1e8vcs8._.js:791
[ 1173251ms] [LOG] [Fast Refresh] done in 27ms @ http://localhost:3000/_next/static/chunks/node_modules_next_dist_1e8vcs8._.js:791
[ 1173298ms] [LOG] [Fast Refresh] done in 27ms @ http://localhost:3000/_next/static/chunks/node_modules_next_dist_1e8vcs8._.js:791
[ 1173360ms] [LOG] [Fast Refresh] done in 27ms @ http://localhost:3000/_next/static/chunks/node_modules_next_dist_1e8vcs8._.js:791
[ 1173415ms] [LOG] [Fast Refresh] done in 27ms @ http://localhost:3000/_next/static/chunks/node_modules_next_dist_1e8vcs8._.js:791
[ 1173477ms] [LOG] [Fast Refresh] done in 27ms @ http://localhost:3000/_next/static/chunks/node_modules_next_dist_1e8vcs8._.js:791
[ 1173538ms] [LOG] [Fast Refresh] done in 27ms @ http://localhost:3000/_next/static/chunks/node_modules_next_dist_1e8vcs8._.js:791
[ 1173600ms] [LOG] [Fast Refresh] done in 27ms @ http://localhost:3000/_next/static/chunks/node_modules_next_dist_1e8vcs8._.js:791
[ 1173663ms] [LOG] [Fast Refresh] done in 27ms @ http://localhost:3000/_next/static/chunks/node_modules_next_dist_1e8vcs8._.js:791
[ 1173725ms] [LOG] [Fast Refresh] done in 27ms @ http://localhost:3000/_next/static/chunks/node_modules_next_dist_1e8vcs8._.js:791
[ 1173788ms] [LOG] [Fast Refresh] done in 27ms @ http://localhost:3000/_next/static/chunks/node_modules_next_dist_1e8vcs8._.js:791
[ 1173850ms] [LOG] [Fast Refresh] done in 27ms @ http://localhost:3000/_next/static/chunks/node_modules_next_dist_1e8vcs8._.js:791
[ 1173913ms] [LOG] [Fast Refresh] done in 27ms @ http://localhost:3000/_next/static/chunks/node_modules_next_dist_1e8vcs8._.js:791
[ 1173975ms] [LOG] [Fast Refresh] done in 27ms @ http://localhost:3000/_next/static/chunks/node_modules_next_dist_1e8vcs8._.js:791
[ 1174037ms] [LOG] [Fast Refresh] done in 27ms @ http://localhost:3000/_next/static/chunks/node_modules_next_dist_1e8vcs8._.js:791
[ 1174099ms] [LOG] [Fast Refresh] done in 27ms @ http://localhost:3000/_next/static/chunks/node_modules_next_dist_1e8vcs8._.js:791
[ 1174147ms] [LOG] [Fast Refresh] done in 27ms @ http://localhost:3000/_next/static/chunks/node_modules_next_dist_1e8vcs8._.js:791
[ 1174210ms] [LOG] [Fast Refresh] done in 27ms @ http://localhost:3000/_next/static/chunks/node_modules_next_dist_1e8vcs8._.js:791
[ 1174272ms] [LOG] [Fast Refresh] done in 27ms @ http://localhost:3000/_next/static/chunks/node_modules_next_dist_1e8vcs8._.js:791
[ 1174334ms] [LOG] [Fast Refresh] done in 27ms @ http://localhost:3000/_next/static/chunks/node_modules_next_dist_1e8vcs8._.js:791
[ 1174396ms] [LOG] [Fast Refresh] done in 27ms @ http://localhost:3000/_next/static/chunks/node_modules_next_dist_1e8vcs8._.js:791
[ 1174458ms] [LOG] [Fast Refresh] done in 27ms @ http://localhost:3000/_next/static/chunks/node_modules_next_dist_1e8vcs8._.js:791
[ 1174521ms] [LOG] [Fast Refresh] done in 27ms @ http://localhost:3000/_next/static/chunks/node_modules_next_dist_1e8vcs8._.js:791
[ 1174583ms] [LOG] [Fast Refresh] done in 27ms @ http://localhost:3000/_next/static/chunks/node_modules_next_dist_1e8vcs8._.js:791
[ 1174646ms] [LOG] [Fast Refresh] done in 27ms @ http://localhost:3000/_next/static/chunks/node_modules_next_dist_1e8vcs8._.js:791
[ 1174707ms] [LOG] [Fast Refresh] done in 27ms @ http://localhost:3000/_next/static/chunks/node_modules_next_dist_1e8vcs8._.js:791
[ 1174770ms] [LOG] [Fast Refresh] done in 27ms @ http://localhost:3000/_next/static/chunks/node_modules_next_dist_1e8vcs8._.js:791
[ 1174833ms] [LOG] [Fast Refresh] done in 27ms @ http://localhost:3000/_next/static/chunks/node_modules_next_dist_1e8vcs8._.js:791
[ 1174896ms] [LOG] [Fast Refresh] done in 27ms @ http://localhost:3000/_next/static/chunks/node_modules_next_dist_1e8vcs8._.js:791
[ 1174959ms] [LOG] [Fast Refresh] done in 27ms @ http://localhost:3000/_next/static/chunks/node_modules_next_dist_1e8vcs8._.js:791
[ 1175007ms] [LOG] [Fast Refresh] done in 27ms @ http://localhost:3000/_next/static/chunks/node_modules_next_dist_1e8vcs8._.js:791
[ 1175055ms] [LOG] [Fast Refresh] done in 27ms @ http://localhost:3000/_next/static/chunks/node_modules_next_dist_1e8vcs8._.js:791
[ 1175103ms] [LOG] [Fast Refresh] done in 27ms @ http://localhost:3000/_next/static/chunks/node_modules_next_dist_1e8vcs8._.js:791
[ 1175164ms] [LOG] [Fast Refresh] done in 27ms @ http://localhost:3000/_next/static/chunks/node_modules_next_dist_1e8vcs8._.js:791
[ 1175226ms] [LOG] [Fast Refresh] done in 27ms @ http://localhost:3000/_next/static/chunks/node_modules_next_dist_1e8vcs8._.js:791
[ 1175289ms] [LOG] [Fast Refresh] done in 27ms @ http://localhost:3000/_next/static/chunks/node_modules_next_dist_1e8vcs8._.js:791
[ 1175352ms] [LOG] [Fast Refresh] done in 27ms @ http://localhost:3000/_next/static/chunks/node_modules_next_dist_1e8vcs8._.js:791
[ 1175415ms] [LOG] [Fast Refresh] done in 27ms @ http://localhost:3000/_next/static/chunks/node_modules_next_dist_1e8vcs8._.js:791
[ 1175478ms] [LOG] [Fast Refresh] done in 27ms @ http://localhost:3000/_next/static/chunks/node_modules_next_dist_1e8vcs8._.js:791
[ 1175540ms] [LOG] [Fast Refresh] done in 27ms @ http://localhost:3000/_next/static/chunks/node_modules_next_dist_1e8vcs8._.js:791
[ 1175603ms] [LOG] [Fast Refresh] done in 27ms @ http://localhost:3000/_next/static/chunks/node_modules_next_dist_1e8vcs8._.js:791
[ 1175667ms] [LOG] [Fast Refresh] done in 27ms @ http://localhost:3000/_next/static/chunks/node_modules_next_dist_1e8vcs8._.js:791
[ 1175729ms] [LOG] [Fast Refresh] done in 27ms @ http://localhost:3000/_next/static/chunks/node_modules_next_dist_1e8vcs8._.js:791
[ 1175791ms] [LOG] [Fast Refresh] done in 27ms @ http://localhost:3000/_next/static/chunks/node_modules_next_dist_1e8vcs8._.js:791
[ 1175852ms] [LOG] [Fast Refresh] done in 27ms @ http://localhost:3000/_next/static/chunks/node_modules_next_dist_1e8vcs8._.js:791
[ 1175914ms] [LOG] [Fast Refresh] done in 27ms @ http://localhost:3000/_next/static/chunks/node_modules_next_dist_1e8vcs8._.js:791
[ 1175976ms] [LOG] [Fast Refresh] done in 27ms @ http://localhost:3000/_next/static/chunks/node_modules_next_dist_1e8vcs8._.js:791
[ 1176038ms] [LOG] [Fast Refresh] done in 27ms @ http://localhost:3000/_next/static/chunks/node_modules_next_dist_1e8vcs8._.js:791
[ 1176100ms] [LOG] [Fast Refresh] done in 27ms @ http://localhost:3000/_next/static/chunks/node_modules_next_dist_1e8vcs8._.js:791
[ 1176162ms] [LOG] [Fast Refresh] done in 27ms @ http://localhost:3000/_next/static/chunks/node_modules_next_dist_1e8vcs8._.js:791
[ 1176226ms] [LOG] [Fast Refresh] done in 27ms @ http://localhost:3000/_next/static/chunks/node_modules_next_dist_1e8vcs8._.js:791
[ 1176289ms] [LOG] [Fast Refresh] done in 27ms @ http://localhost:3000/_next/static/chunks/node_modules_next_dist_1e8vcs8._.js:791
[ 1176351ms] [LOG] [Fast Refresh] done in 27ms @ http://localhost:3000/_next/static/chunks/node_modules_next_dist_1e8vcs8._.js:791
[ 1176399ms] [LOG] [Fast Refresh] done in 27ms @ http://localhost:3000/_next/static/chunks/node_modules_next_dist_1e8vcs8._.js:791
[ 1176463ms] [LOG] [Fast Refresh] done in 27ms @ http://localhost:3000/_next/static/chunks/node_modules_next_dist_1e8vcs8._.js:791
[ 1176524ms] [LOG] [Fast Refresh] done in 27ms @ http://localhost:3000/_next/static/chunks/node_modules_next_dist_1e8vcs8._.js:791
[ 1176586ms] [LOG] [Fast Refresh] done in 27ms @ http://localhost:3000/_next/static/chunks/node_modules_next_dist_1e8vcs8._.js:791
[ 1176648ms] [LOG] [Fast Refresh] done in 27ms @ http://localhost:3000/_next/static/chunks/node_modules_next_dist_1e8vcs8._.js:791
[ 1176709ms] [LOG] [Fast Refresh] done in 27ms @ http://localhost:3000/_next/static/chunks/node_modules_next_dist_1e8vcs8._.js:791
[ 1176772ms] [LOG] [Fast Refresh] done in 27ms @ http://localhost:3000/_next/static/chunks/node_modules_next_dist_1e8vcs8._.js:791
[ 1176834ms] [LOG] [Fast Refresh] done in 27ms @ http://localhost:3000/_next/static/chunks/node_modules_next_dist_1e8vcs8._.js:791
[ 1176898ms] [LOG] [Fast Refresh] done in 27ms @ http://localhost:3000/_next/static/chunks/node_modules_next_dist_1e8vcs8._.js:791
[ 1176960ms] [LOG] [Fast Refresh] done in 27ms @ http://localhost:3000/_next/static/chunks/node_modules_next_dist_1e8vcs8._.js:791
[ 1177008ms] [LOG] [Fast Refresh] done in 27ms @ http://localhost:3000/_next/static/chunks/node_modules_next_dist_1e8vcs8._.js:791
[ 1177055ms] [LOG] [Fast Refresh] done in 27ms @ http://localhost:3000/_next/static/chunks/node_modules_next_dist_1e8vcs8._.js:791
[ 1177118ms] [LOG] [Fast Refresh] done in 27ms @ http://localhost:3000/_next/static/chunks/node_modules_next_dist_1e8vcs8._.js:791
[ 1177180ms] [LOG] [Fast Refresh] done in 27ms @ http://localhost:3000/_next/static/chunks/node_modules_next_dist_1e8vcs8._.js:791
[ 1177242ms] [LOG] [Fast Refresh] done in 27ms @ http://localhost:3000/_next/static/chunks/node_modules_next_dist_1e8vcs8._.js:791
[ 1177305ms] [LOG] [Fast Refresh] done in 27ms @ http://localhost:3000/_next/static/chunks/node_modules_next_dist_1e8vcs8._.js:791
[ 1177368ms] [LOG] [Fast Refresh] done in 27ms @ http://localhost:3000/_next/static/chunks/node_modules_next_dist_1e8vcs8._.js:791
[ 1177429ms] [LOG] [Fast Refresh] done in 27ms @ http://localhost:3000/_next/static/chunks/node_modules_next_dist_1e8vcs8._.js:791
[ 1177491ms] [LOG] [Fast Refresh] done in 27ms @ http://localhost:3000/_next/static/chunks/node_modules_next_dist_1e8vcs8._.js:791
[ 1177539ms] [LOG] [Fast Refresh] done in 27ms @ http://localhost:3000/_next/static/chunks/node_modules_next_dist_1e8vcs8._.js:791
[ 1177601ms] [LOG] [Fast Refresh] done in 27ms @ http://localhost:3000/_next/static/chunks/node_modules_next_dist_1e8vcs8._.js:791
[ 1177665ms] [LOG] [Fast Refresh] done in 27ms @ http://localhost:3000/_next/static/chunks/node_modules_next_dist_1e8vcs8._.js:791
[ 1177716ms] [LOG] [Fast Refresh] done in 27ms @ http://localhost:3000/_next/static/chunks/node_modules_next_dist_1e8vcs8._.js:791
[ 1177780ms] [LOG] [Fast Refresh] done in 27ms @ http://localhost:3000/_next/static/chunks/node_modules_next_dist_1e8vcs8._.js:791
[ 1177843ms] [LOG] [Fast Refresh] done in 27ms @ http://localhost:3000/_next/static/chunks/node_modules_next_dist_1e8vcs8._.js:791
[ 1177904ms] [LOG] [Fast Refresh] done in 27ms @ http://localhost:3000/_next/static/chunks/node_modules_next_dist_1e8vcs8._.js:791
[ 1177966ms] [LOG] [Fast Refresh] done in 27ms @ http://localhost:3000/_next/static/chunks/node_modules_next_dist_1e8vcs8._.js:791
[ 1178014ms] [LOG] [Fast Refresh] done in 27ms @ http://localhost:3000/_next/static/chunks/node_modules_next_dist_1e8vcs8._.js:791
[ 1178076ms] [LOG] [Fast Refresh] done in 27ms @ http://localhost:3000/_next/static/chunks/node_modules_next_dist_1e8vcs8._.js:791
[ 1178138ms] [LOG] [Fast Refresh] done in 27ms @ http://localhost:3000/_next/static/chunks/node_modules_next_dist_1e8vcs8._.js:791
[ 1178201ms] [LOG] [Fast Refresh] done in 27ms @ http://localhost:3000/_next/static/chunks/node_modules_next_dist_1e8vcs8._.js:791
[ 1178264ms] [LOG] [Fast Refresh] done in 27ms @ http://localhost:3000/_next/static/chunks/node_modules_next_dist_1e8vcs8._.js:791
[ 1178316ms] [LOG] [Fast Refresh] done in 27ms @ http://localhost:3000/_next/static/chunks/node_modules_next_dist_1e8vcs8._.js:791
[ 1178378ms] [LOG] [Fast Refresh] done in 27ms @ http://localhost:3000/_next/static/chunks/node_modules_next_dist_1e8vcs8._.js:791
[ 1178426ms] [LOG] [Fast Refresh] done in 27ms @ http://localhost:3000/_next/static/chunks/node_modules_next_dist_1e8vcs8._.js:791
[ 1178489ms] [LOG] [Fast Refresh] done in 27ms @ http://localhost:3000/_next/static/chunks/node_modules_next_dist_1e8vcs8._.js:791
[ 1178551ms] [LOG] [Fast Refresh] done in 27ms @ http://localhost:3000/_next/static/chunks/node_modules_next_dist_1e8vcs8._.js:791
[ 1178614ms] [LOG] [Fast Refresh] done in 27ms @ http://localhost:3000/_next/static/chunks/node_modules_next_dist_1e8vcs8._.js:791
[ 1178678ms] [LOG] [Fast Refresh] done in 27ms @ http://localhost:3000/_next/static/chunks/node_modules_next_dist_1e8vcs8._.js:791
[ 1178739ms] [LOG] [Fast Refresh] done in 27ms @ http://localhost:3000/_next/static/chunks/node_modules_next_dist_1e8vcs8._.js:791
[ 1178802ms] [LOG] [Fast Refresh] done in 27ms @ http://localhost:3000/_next/static/chunks/node_modules_next_dist_1e8vcs8._.js:791
[ 1178865ms] [LOG] [Fast Refresh] done in 27ms @ http://localhost:3000/_next/static/chunks/node_modules_next_dist_1e8vcs8._.js:791
[ 1178927ms] [LOG] [Fast Refresh] done in 27ms @ http://localhost:3000/_next/static/chunks/node_modules_next_dist_1e8vcs8._.js:791
[ 1178990ms] [LOG] [Fast Refresh] done in 27ms @ http://localhost:3000/_next/static/chunks/node_modules_next_dist_1e8vcs8._.js:791
[ 1179053ms] [LOG] [Fast Refresh] done in 27ms @ http://localhost:3000/_next/static/chunks/node_modules_next_dist_1e8vcs8._.js:791
[ 1179115ms] [LOG] [Fast Refresh] done in 27ms @ http://localhost:3000/_next/static/chunks/node_modules_next_dist_1e8vcs8._.js:791
[ 1179178ms] [LOG] [Fast Refresh] done in 27ms @ http://localhost:3000/_next/static/chunks/node_modules_next_dist_1e8vcs8._.js:791
[ 1179224ms] [LOG] [Fast Refresh] done in 27ms @ http://localhost:3000/_next/static/chunks/node_modules_next_dist_1e8vcs8._.js:791
[ 1179272ms] [LOG] [Fast Refresh] done in 27ms @ http://localhost:3000/_next/static/chunks/node_modules_next_dist_1e8vcs8._.js:791
[ 1179319ms] [LOG] [Fast Refresh] done in 27ms @ http://localhost:3000/_next/static/chunks/node_modules_next_dist_1e8vcs8._.js:791
[ 1179382ms] [LOG] [Fast Refresh] done in 27ms @ http://localhost:3000/_next/static/chunks/node_modules_next_dist_1e8vcs8._.js:791
[ 1179446ms] [LOG] [Fast Refresh] done in 27ms @ http://localhost:3000/_next/static/chunks/node_modules_next_dist_1e8vcs8._.js:791
[ 1179493ms] [LOG] [Fast Refresh] done in 27ms @ http://localhost:3000/_next/static/chunks/node_modules_next_dist_1e8vcs8._.js:791
[ 1179557ms] [LOG] [Fast Refresh] done in 27ms @ http://localhost:3000/_next/static/chunks/node_modules_next_dist_1e8vcs8._.js:791
[ 1179614ms] [LOG] [Fast Refresh] done in 27ms @ http://localhost:3000/_next/static/chunks/node_modules_next_dist_1e8vcs8._.js:791
[ 1179677ms] [LOG] [Fast Refresh] done in 27ms @ http://localhost:3000/_next/static/chunks/node_modules_next_dist_1e8vcs8._.js:791
[ 1179739ms] [LOG] [Fast Refresh] done in 27ms @ http://localhost:3000/_next/static/chunks/node_modules_next_dist_1e8vcs8._.js:791
[ 1179802ms] [LOG] [Fast Refresh] done in 27ms @ http://localhost:3000/_next/static/chunks/node_modules_next_dist_1e8vcs8._.js:791
[ 1179865ms] [LOG] [Fast Refresh] done in 27ms @ http://localhost:3000/_next/static/chunks/node_modules_next_dist_1e8vcs8._.js:791
[ 1179926ms] [LOG] [Fast Refresh] done in 27ms @ http://localhost:3000/_next/static/chunks/node_modules_next_dist_1e8vcs8._.js:791
[ 1179989ms] [LOG] [Fast Refresh] done in 27ms @ http://localhost:3000/_next/static/chunks/node_modules_next_dist_1e8vcs8._.js:791
[ 1180051ms] [LOG] [Fast Refresh] done in 27ms @ http://localhost:3000/_next/static/chunks/node_modules_next_dist_1e8vcs8._.js:791
[ 1180113ms] [LOG] [Fast Refresh] done in 27ms @ http://localhost:3000/_next/static/chunks/node_modules_next_dist_1e8vcs8._.js:791
[ 1180174ms] [LOG] [Fast Refresh] done in 27ms @ http://localhost:3000/_next/static/chunks/node_modules_next_dist_1e8vcs8._.js:791
[ 1180237ms] [LOG] [Fast Refresh] done in 27ms @ http://localhost:3000/_next/static/chunks/node_modules_next_dist_1e8vcs8._.js:791
[ 1180300ms] [LOG] [Fast Refresh] done in 27ms @ http://localhost:3000/_next/static/chunks/node_modules_next_dist_1e8vcs8._.js:791
[ 1180363ms] [LOG] [Fast Refresh] done in 27ms @ http://localhost:3000/_next/static/chunks/node_modules_next_dist_1e8vcs8._.js:791
[ 1180426ms] [LOG] [Fast Refresh] done in 27ms @ http://localhost:3000/_next/static/chunks/node_modules_next_dist_1e8vcs8._.js:791
[ 1180489ms] [LOG] [Fast Refresh] done in 27ms @ http://localhost:3000/_next/static/chunks/node_modules_next_dist_1e8vcs8._.js:791
[ 1180550ms] [LOG] [Fast Refresh] done in 27ms @ http://localhost:3000/_next/static/chunks/node_modules_next_dist_1e8vcs8._.js:791
[ 1180598ms] [LOG] [Fast Refresh] done in 27ms @ http://localhost:3000/_next/static/chunks/node_modules_next_dist_1e8vcs8._.js:791
[ 1180660ms] [LOG] [Fast Refresh] done in 27ms @ http://localhost:3000/_next/static/chunks/node_modules_next_dist_1e8vcs8._.js:791
[ 1180723ms] [LOG] [Fast Refresh] done in 27ms @ http://localhost:3000/_next/static/chunks/node_modules_next_dist_1e8vcs8._.js:791
[ 1180772ms] [LOG] [Fast Refresh] done in 27ms @ http://localhost:3000/_next/static/chunks/node_modules_next_dist_1e8vcs8._.js:791
[ 1180834ms] [LOG] [Fast Refresh] done in 27ms @ http://localhost:3000/_next/static/chunks/node_modules_next_dist_1e8vcs8._.js:791
[ 1180897ms] [LOG] [Fast Refresh] done in 27ms @ http://localhost:3000/_next/static/chunks/node_modules_next_dist_1e8vcs8._.js:791
[ 1180985ms] [LOG] [Fast Refresh] rebuilding @ http://localhost:3000/_next/static/chunks/node_modules_next_dist_1e8vcs8._.js:791
[ 1181059ms] [LOG] [Fast Refresh] done in 8ms @ http://localhost:3000/_next/static/chunks/node_modules_next_dist_1e8vcs8._.js:791
[ 1181156ms] [LOG] [Fast Refresh] done in 8ms @ http://localhost:3000/_next/static/chunks/node_modules_next_dist_1e8vcs8._.js:791
[ 1181263ms] [LOG] [Fast Refresh] done in 8ms @ http://localhost:3000/_next/static/chunks/node_modules_next_dist_1e8vcs8._.js:791
[ 1181326ms] [LOG] [Fast Refresh] done in 8ms @ http://localhost:3000/_next/static/chunks/node_modules_next_dist_1e8vcs8._.js:791
[ 1181388ms] [LOG] [Fast Refresh] done in 8ms @ http://localhost:3000/_next/static/chunks/node_modules_next_dist_1e8vcs8._.js:791
[ 1181455ms] [LOG] [Fast Refresh] done in 8ms @ http://localhost:3000/_next/static/chunks/node_modules_next_dist_1e8vcs8._.js:791
[ 1181526ms] [LOG] [Fast Refresh] done in 8ms @ http://localhost:3000/_next/static/chunks/node_modules_next_dist_1e8vcs8._.js:791
[ 1181589ms] [LOG] [Fast Refresh] done in 8ms @ http://localhost:3000/_next/static/chunks/node_modules_next_dist_1e8vcs8._.js:791
[ 1181656ms] [LOG] [Fast Refresh] done in 8ms @ http://localhost:3000/_next/static/chunks/node_modules_next_dist_1e8vcs8._.js:791
[ 1181719ms] [LOG] [Fast Refresh] done in 8ms @ http://localhost:3000/_next/static/chunks/node_modules_next_dist_1e8vcs8._.js:791
[ 1181781ms] [LOG] [Fast Refresh] done in 8ms @ http://localhost:3000/_next/static/chunks/node_modules_next_dist_1e8vcs8._.js:791
[ 1181861ms] [LOG] [Fast Refresh] done in 8ms @ http://localhost:3000/_next/static/chunks/node_modules_next_dist_1e8vcs8._.js:791
[ 1181931ms] [LOG] [Fast Refresh] done in 8ms @ http://localhost:3000/_next/static/chunks/node_modules_next_dist_1e8vcs8._.js:791
[ 1181994ms] [LOG] [Fast Refresh] done in 8ms @ http://localhost:3000/_next/static/chunks/node_modules_next_dist_1e8vcs8._.js:791
[ 1182062ms] [LOG] [Fast Refresh] done in 8ms @ http://localhost:3000/_next/static/chunks/node_modules_next_dist_1e8vcs8._.js:791
[ 1182123ms] [LOG] [Fast Refresh] done in 8ms @ http://localhost:3000/_next/static/chunks/node_modules_next_dist_1e8vcs8._.js:791
[ 1182184ms] [LOG] [Fast Refresh] done in 8ms @ http://localhost:3000/_next/static/chunks/node_modules_next_dist_1e8vcs8._.js:791
[ 1182281ms] [LOG] [Fast Refresh] done in 8ms @ http://localhost:3000/_next/static/chunks/node_modules_next_dist_1e8vcs8._.js:791
[ 1182348ms] [LOG] [Fast Refresh] done in 8ms @ http://localhost:3000/_next/static/chunks/node_modules_next_dist_1e8vcs8._.js:791
[ 1182410ms] [LOG] [Fast Refresh] done in 8ms @ http://localhost:3000/_next/static/chunks/node_modules_next_dist_1e8vcs8._.js:791
[ 1182470ms] [LOG] [Fast Refresh] done in 8ms @ http://localhost:3000/_next/static/chunks/node_modules_next_dist_1e8vcs8._.js:791
[ 1182521ms] [LOG] [Fast Refresh] done in 8ms @ http://localhost:3000/_next/static/chunks/node_modules_next_dist_1e8vcs8._.js:791
[ 1182583ms] [LOG] [Fast Refresh] done in 8ms @ http://localhost:3000/_next/static/chunks/node_modules_next_dist_1e8vcs8._.js:791
[ 1182645ms] [LOG] [Fast Refresh] done in 8ms @ http://localhost:3000/_next/static/chunks/node_modules_next_dist_1e8vcs8._.js:791
[ 1182706ms] [LOG] [Fast Refresh] done in 8ms @ http://localhost:3000/_next/static/chunks/node_modules_next_dist_1e8vcs8._.js:791
[ 1182769ms] [LOG] [Fast Refresh] done in 8ms @ http://localhost:3000/_next/static/chunks/node_modules_next_dist_1e8vcs8._.js:791
[ 1182831ms] [LOG] [Fast Refresh] done in 8ms @ http://localhost:3000/_next/static/chunks/node_modules_next_dist_1e8vcs8._.js:791
[ 1182894ms] [LOG] [Fast Refresh] done in 8ms @ http://localhost:3000/_next/static/chunks/node_modules_next_dist_1e8vcs8._.js:791
[ 1182956ms] [LOG] [Fast Refresh] done in 8ms @ http://localhost:3000/_next/static/chunks/node_modules_next_dist_1e8vcs8._.js:791
[ 1183020ms] [LOG] [Fast Refresh] done in 8ms @ http://localhost:3000/_next/static/chunks/node_modules_next_dist_1e8vcs8._.js:791
[ 1183082ms] [LOG] [Fast Refresh] done in 8ms @ http://localhost:3000/_next/static/chunks/node_modules_next_dist_1e8vcs8._.js:791
[ 1183129ms] [LOG] [Fast Refresh] done in 8ms @ http://localhost:3000/_next/static/chunks/node_modules_next_dist_1e8vcs8._.js:791
[ 1183192ms] [LOG] [Fast Refresh] done in 8ms @ http://localhost:3000/_next/static/chunks/node_modules_next_dist_1e8vcs8._.js:791
[ 1183253ms] [LOG] [Fast Refresh] done in 8ms @ http://localhost:3000/_next/static/chunks/node_modules_next_dist_1e8vcs8._.js:791
[ 1183316ms] [LOG] [Fast Refresh] done in 8ms @ http://localhost:3000/_next/static/chunks/node_modules_next_dist_1e8vcs8._.js:791
[ 1183379ms] [LOG] [Fast Refresh] done in 8ms @ http://localhost:3000/_next/static/chunks/node_modules_next_dist_1e8vcs8._.js:791
[ 1183441ms] [LOG] [Fast Refresh] done in 8ms @ http://localhost:3000/_next/static/chunks/node_modules_next_dist_1e8vcs8._.js:791
[ 1183504ms] [LOG] [Fast Refresh] done in 8ms @ http://localhost:3000/_next/static/chunks/node_modules_next_dist_1e8vcs8._.js:791
[ 1183566ms] [LOG] [Fast Refresh] done in 8ms @ http://localhost:3000/_next/static/chunks/node_modules_next_dist_1e8vcs8._.js:791
[ 1183629ms] [LOG] [Fast Refresh] done in 8ms @ http://localhost:3000/_next/static/chunks/node_modules_next_dist_1e8vcs8._.js:791
[ 1183691ms] [LOG] [Fast Refresh] done in 8ms @ http://localhost:3000/_next/static/chunks/node_modules_next_dist_1e8vcs8._.js:791
[ 1183753ms] [LOG] [Fast Refresh] done in 8ms @ http://localhost:3000/_next/static/chunks/node_modules_next_dist_1e8vcs8._.js:791
[ 1183815ms] [LOG] [Fast Refresh] done in 8ms @ http://localhost:3000/_next/static/chunks/node_modules_next_dist_1e8vcs8._.js:791
[ 1183876ms] [LOG] [Fast Refresh] done in 8ms @ http://localhost:3000/_next/static/chunks/node_modules_next_dist_1e8vcs8._.js:791
[ 1183940ms] [LOG] [Fast Refresh] done in 8ms @ http://localhost:3000/_next/static/chunks/node_modules_next_dist_1e8vcs8._.js:791
[ 1183987ms] [LOG] [Fast Refresh] done in 8ms @ http://localhost:3000/_next/static/chunks/node_modules_next_dist_1e8vcs8._.js:791
[ 1184049ms] [LOG] [Fast Refresh] done in 8ms @ http://localhost:3000/_next/static/chunks/node_modules_next_dist_1e8vcs8._.js:791
[ 1184111ms] [LOG] [Fast Refresh] done in 8ms @ http://localhost:3000/_next/static/chunks/node_modules_next_dist_1e8vcs8._.js:791
[ 1184158ms] [LOG] [Fast Refresh] done in 8ms @ http://localhost:3000/_next/static/chunks/node_modules_next_dist_1e8vcs8._.js:791
[ 1184221ms] [LOG] [Fast Refresh] done in 8ms @ http://localhost:3000/_next/static/chunks/node_modules_next_dist_1e8vcs8._.js:791
[ 1184285ms] [LOG] [Fast Refresh] done in 8ms @ http://localhost:3000/_next/static/chunks/node_modules_next_dist_1e8vcs8._.js:791
[ 1184347ms] [LOG] [Fast Refresh] done in 8ms @ http://localhost:3000/_next/static/chunks/node_modules_next_dist_1e8vcs8._.js:791
[ 1184410ms] [LOG] [Fast Refresh] done in 8ms @ http://localhost:3000/_next/static/chunks/node_modules_next_dist_1e8vcs8._.js:791
[ 1184471ms] [LOG] [Fast Refresh] done in 8ms @ http://localhost:3000/_next/static/chunks/node_modules_next_dist_1e8vcs8._.js:791
[ 1184535ms] [LOG] [Fast Refresh] done in 8ms @ http://localhost:3000/_next/static/chunks/node_modules_next_dist_1e8vcs8._.js:791
[ 1184597ms] [LOG] [Fast Refresh] done in 8ms @ http://localhost:3000/_next/static/chunks/node_modules_next_dist_1e8vcs8._.js:791
[ 1184659ms] [LOG] [Fast Refresh] done in 8ms @ http://localhost:3000/_next/static/chunks/node_modules_next_dist_1e8vcs8._.js:791
[ 1184721ms] [LOG] [Fast Refresh] done in 8ms @ http://localhost:3000/_next/static/chunks/node_modules_next_dist_1e8vcs8._.js:791
[ 1184783ms] [LOG] [Fast Refresh] done in 8ms @ http://localhost:3000/_next/static/chunks/node_modules_next_dist_1e8vcs8._.js:791
[ 1184846ms] [LOG] [Fast Refresh] done in 8ms @ http://localhost:3000/_next/static/chunks/node_modules_next_dist_1e8vcs8._.js:791
[ 1184908ms] [LOG] [Fast Refresh] done in 8ms @ http://localhost:3000/_next/static/chunks/node_modules_next_dist_1e8vcs8._.js:791
[ 1184970ms] [LOG] [Fast Refresh] done in 8ms @ http://localhost:3000/_next/static/chunks/node_modules_next_dist_1e8vcs8._.js:791
[ 1185018ms] [LOG] [Fast Refresh] done in 8ms @ http://localhost:3000/_next/static/chunks/node_modules_next_dist_1e8vcs8._.js:791
[ 1185080ms] [LOG] [Fast Refresh] done in 8ms @ http://localhost:3000/_next/static/chunks/node_modules_next_dist_1e8vcs8._.js:791
[ 1185143ms] [LOG] [Fast Refresh] done in 8ms @ http://localhost:3000/_next/static/chunks/node_modules_next_dist_1e8vcs8._.js:791
[ 1185205ms] [LOG] [Fast Refresh] done in 8ms @ http://localhost:3000/_next/static/chunks/node_modules_next_dist_1e8vcs8._.js:791
[ 1185252ms] [LOG] [Fast Refresh] done in 8ms @ http://localhost:3000/_next/static/chunks/node_modules_next_dist_1e8vcs8._.js:791
[ 1185315ms] [LOG] [Fast Refresh] done in 8ms @ http://localhost:3000/_next/static/chunks/node_modules_next_dist_1e8vcs8._.js:791
[ 1185378ms] [LOG] [Fast Refresh] done in 8ms @ http://localhost:3000/_next/static/chunks/node_modules_next_dist_1e8vcs8._.js:791
[ 1185425ms] [LOG] [Fast Refresh] done in 8ms @ http://localhost:3000/_next/static/chunks/node_modules_next_dist_1e8vcs8._.js:791
[ 1185472ms] [LOG] [Fast Refresh] done in 8ms @ http://localhost:3000/_next/static/chunks/node_modules_next_dist_1e8vcs8._.js:791
[ 1185535ms] [LOG] [Fast Refresh] done in 8ms @ http://localhost:3000/_next/static/chunks/node_modules_next_dist_1e8vcs8._.js:791
[ 1185596ms] [LOG] [Fast Refresh] done in 8ms @ http://localhost:3000/_next/static/chunks/node_modules_next_dist_1e8vcs8._.js:791
[ 1185658ms] [LOG] [Fast Refresh] done in 8ms @ http://localhost:3000/_next/static/chunks/node_modules_next_dist_1e8vcs8._.js:791
[ 1185722ms] [LOG] [Fast Refresh] done in 8ms @ http://localhost:3000/_next/static/chunks/node_modules_next_dist_1e8vcs8._.js:791
[ 1185783ms] [LOG] [Fast Refresh] done in 8ms @ http://localhost:3000/_next/static/chunks/node_modules_next_dist_1e8vcs8._.js:791
[ 1185845ms] [LOG] [Fast Refresh] done in 8ms @ http://localhost:3000/_next/static/chunks/node_modules_next_dist_1e8vcs8._.js:791
[ 1185907ms] [LOG] [Fast Refresh] done in 8ms @ http://localhost:3000/_next/static/chunks/node_modules_next_dist_1e8vcs8._.js:791
[ 1185969ms] [LOG] [Fast Refresh] done in 8ms @ http://localhost:3000/_next/static/chunks/node_modules_next_dist_1e8vcs8._.js:791
[ 1186032ms] [LOG] [Fast Refresh] done in 8ms @ http://localhost:3000/_next/static/chunks/node_modules_next_dist_1e8vcs8._.js:791
[ 1186095ms] [LOG] [Fast Refresh] done in 8ms @ http://localhost:3000/_next/static/chunks/node_modules_next_dist_1e8vcs8._.js:791
[ 1186158ms] [LOG] [Fast Refresh] done in 8ms @ http://localhost:3000/_next/static/chunks/node_modules_next_dist_1e8vcs8._.js:791
[ 1186222ms] [LOG] [Fast Refresh] done in 8ms @ http://localhost:3000/_next/static/chunks/node_modules_next_dist_1e8vcs8._.js:791
[ 1186284ms] [LOG] [Fast Refresh] done in 8ms @ http://localhost:3000/_next/static/chunks/node_modules_next_dist_1e8vcs8._.js:791
[ 1186345ms] [LOG] [Fast Refresh] done in 8ms @ http://localhost:3000/_next/static/chunks/node_modules_next_dist_1e8vcs8._.js:791
[ 1186408ms] [LOG] [Fast Refresh] done in 8ms @ http://localhost:3000/_next/static/chunks/node_modules_next_dist_1e8vcs8._.js:791
[ 1186470ms] [LOG] [Fast Refresh] done in 8ms @ http://localhost:3000/_next/static/chunks/node_modules_next_dist_1e8vcs8._.js:791
[ 1186534ms] [LOG] [Fast Refresh] done in 8ms @ http://localhost:3000/_next/static/chunks/node_modules_next_dist_1e8vcs8._.js:791
[ 1186596ms] [LOG] [Fast Refresh] done in 8ms @ http://localhost:3000/_next/static/chunks/node_modules_next_dist_1e8vcs8._.js:791
[ 1186658ms] [LOG] [Fast Refresh] done in 8ms @ http://localhost:3000/_next/static/chunks/node_modules_next_dist_1e8vcs8._.js:791
[ 1186720ms] [LOG] [Fast Refresh] done in 8ms @ http://localhost:3000/_next/static/chunks/node_modules_next_dist_1e8vcs8._.js:791
[ 1186783ms] [LOG] [Fast Refresh] done in 8ms @ http://localhost:3000/_next/static/chunks/node_modules_next_dist_1e8vcs8._.js:791
[ 1186830ms] [LOG] [Fast Refresh] done in 8ms @ http://localhost:3000/_next/static/chunks/node_modules_next_dist_1e8vcs8._.js:791
[ 1186893ms] [LOG] [Fast Refresh] done in 8ms @ http://localhost:3000/_next/static/chunks/node_modules_next_dist_1e8vcs8._.js:791
[ 1186954ms] [LOG] [Fast Refresh] done in 8ms @ http://localhost:3000/_next/static/chunks/node_modules_next_dist_1e8vcs8._.js:791
[ 1187017ms] [LOG] [Fast Refresh] done in 8ms @ http://localhost:3000/_next/static/chunks/node_modules_next_dist_1e8vcs8._.js:791
[ 1187079ms] [LOG] [Fast Refresh] done in 8ms @ http://localhost:3000/_next/static/chunks/node_modules_next_dist_1e8vcs8._.js:791
[ 1187142ms] [LOG] [Fast Refresh] done in 8ms @ http://localhost:3000/_next/static/chunks/node_modules_next_dist_1e8vcs8._.js:791
[ 1187203ms] [LOG] [Fast Refresh] done in 8ms @ http://localhost:3000/_next/static/chunks/node_modules_next_dist_1e8vcs8._.js:791
[ 1187266ms] [LOG] [Fast Refresh] done in 8ms @ http://localhost:3000/_next/static/chunks/node_modules_next_dist_1e8vcs8._.js:791
[ 1187328ms] [LOG] [Fast Refresh] done in 8ms @ http://localhost:3000/_next/static/chunks/node_modules_next_dist_1e8vcs8._.js:791
[ 1187392ms] [LOG] [Fast Refresh] done in 8ms @ http://localhost:3000/_next/static/chunks/node_modules_next_dist_1e8vcs8._.js:791
[ 1187454ms] [LOG] [Fast Refresh] done in 8ms @ http://localhost:3000/_next/static/chunks/node_modules_next_dist_1e8vcs8._.js:791
[ 1187516ms] [LOG] [Fast Refresh] done in 8ms @ http://localhost:3000/_next/static/chunks/node_modules_next_dist_1e8vcs8._.js:791
[ 1187578ms] [LOG] [Fast Refresh] done in 8ms @ http://localhost:3000/_next/static/chunks/node_modules_next_dist_1e8vcs8._.js:791
[ 1187640ms] [LOG] [Fast Refresh] done in 8ms @ http://localhost:3000/_next/static/chunks/node_modules_next_dist_1e8vcs8._.js:791
[ 1187702ms] [LOG] [Fast Refresh] done in 8ms @ http://localhost:3000/_next/static/chunks/node_modules_next_dist_1e8vcs8._.js:791
[ 1187765ms] [LOG] [Fast Refresh] done in 8ms @ http://localhost:3000/_next/static/chunks/node_modules_next_dist_1e8vcs8._.js:791
[ 1187828ms] [LOG] [Fast Refresh] done in 8ms @ http://localhost:3000/_next/static/chunks/node_modules_next_dist_1e8vcs8._.js:791
[ 1187890ms] [LOG] [Fast Refresh] done in 8ms @ http://localhost:3000/_next/static/chunks/node_modules_next_dist_1e8vcs8._.js:791
[ 1187953ms] [LOG] [Fast Refresh] done in 8ms @ http://localhost:3000/_next/static/chunks/node_modules_next_dist_1e8vcs8._.js:791
[ 1188016ms] [LOG] [Fast Refresh] done in 8ms @ http://localhost:3000/_next/static/chunks/node_modules_next_dist_1e8vcs8._.js:791
[ 1188064ms] [LOG] [Fast Refresh] done in 8ms @ http://localhost:3000/_next/static/chunks/node_modules_next_dist_1e8vcs8._.js:791
[ 1188125ms] [LOG] [Fast Refresh] done in 8ms @ http://localhost:3000/_next/static/chunks/node_modules_next_dist_1e8vcs8._.js:791
[ 1188187ms] [LOG] [Fast Refresh] done in 8ms @ http://localhost:3000/_next/static/chunks/node_modules_next_dist_1e8vcs8._.js:791
[ 1188235ms] [LOG] [Fast Refresh] done in 8ms @ http://localhost:3000/_next/static/chunks/node_modules_next_dist_1e8vcs8._.js:791
[ 1188296ms] [LOG] [Fast Refresh] done in 8ms @ http://localhost:3000/_next/static/chunks/node_modules_next_dist_1e8vcs8._.js:791
[ 1188358ms] [LOG] [Fast Refresh] done in 8ms @ http://localhost:3000/_next/static/chunks/node_modules_next_dist_1e8vcs8._.js:791
[ 1188406ms] [LOG] [Fast Refresh] done in 8ms @ http://localhost:3000/_next/static/chunks/node_modules_next_dist_1e8vcs8._.js:791
[ 1188467ms] [LOG] [Fast Refresh] done in 8ms @ http://localhost:3000/_next/static/chunks/node_modules_next_dist_1e8vcs8._.js:791
[ 1188530ms] [LOG] [Fast Refresh] done in 8ms @ http://localhost:3000/_next/static/chunks/node_modules_next_dist_1e8vcs8._.js:791
[ 1188592ms] [LOG] [Fast Refresh] done in 8ms @ http://localhost:3000/_next/static/chunks/node_modules_next_dist_1e8vcs8._.js:791
[ 1188654ms] [LOG] [Fast Refresh] done in 8ms @ http://localhost:3000/_next/static/chunks/node_modules_next_dist_1e8vcs8._.js:791
[ 1188717ms] [LOG] [Fast Refresh] done in 8ms @ http://localhost:3000/_next/static/chunks/node_modules_next_dist_1e8vcs8._.js:791
[ 1188764ms] [LOG] [Fast Refresh] done in 8ms @ http://localhost:3000/_next/static/chunks/node_modules_next_dist_1e8vcs8._.js:791
[ 1188827ms] [LOG] [Fast Refresh] done in 8ms @ http://localhost:3000/_next/static/chunks/node_modules_next_dist_1e8vcs8._.js:791
[ 1188889ms] [LOG] [Fast Refresh] done in 8ms @ http://localhost:3000/_next/static/chunks/node_modules_next_dist_1e8vcs8._.js:791
[ 1188938ms] [LOG] [Fast Refresh] done in 8ms @ http://localhost:3000/_next/static/chunks/node_modules_next_dist_1e8vcs8._.js:791
[ 1188999ms] [LOG] [Fast Refresh] done in 8ms @ http://localhost:3000/_next/static/chunks/node_modules_next_dist_1e8vcs8._.js:791
[ 1189063ms] [LOG] [Fast Refresh] done in 8ms @ http://localhost:3000/_next/static/chunks/node_modules_next_dist_1e8vcs8._.js:791
[ 1189152ms] [LOG] [Fast Refresh] done in 8ms @ http://localhost:3000/_next/static/chunks/node_modules_next_dist_1e8vcs8._.js:791
[ 1189216ms] [LOG] [Fast Refresh] done in 8ms @ http://localhost:3000/_next/static/chunks/node_modules_next_dist_1e8vcs8._.js:791
[ 1189278ms] [LOG] [Fast Refresh] done in 8ms @ http://localhost:3000/_next/static/chunks/node_modules_next_dist_1e8vcs8._.js:791
[ 1189325ms] [LOG] [Fast Refresh] done in 8ms @ http://localhost:3000/_next/static/chunks/node_modules_next_dist_1e8vcs8._.js:791
[ 1189387ms] [LOG] [Fast Refresh] done in 8ms @ http://localhost:3000/_next/static/chunks/node_modules_next_dist_1e8vcs8._.js:791
[ 1189448ms] [LOG] [Fast Refresh] done in 8ms @ http://localhost:3000/_next/static/chunks/node_modules_next_dist_1e8vcs8._.js:791
[ 1189510ms] [LOG] [Fast Refresh] done in 8ms @ http://localhost:3000/_next/static/chunks/node_modules_next_dist_1e8vcs8._.js:791
[ 1189573ms] [LOG] [Fast Refresh] done in 8ms @ http://localhost:3000/_next/static/chunks/node_modules_next_dist_1e8vcs8._.js:791
[ 1189636ms] [LOG] [Fast Refresh] done in 8ms @ http://localhost:3000/_next/static/chunks/node_modules_next_dist_1e8vcs8._.js:791
[ 1189683ms] [LOG] [Fast Refresh] done in 8ms @ http://localhost:3000/_next/static/chunks/node_modules_next_dist_1e8vcs8._.js:791
[ 1189746ms] [LOG] [Fast Refresh] done in 8ms @ http://localhost:3000/_next/static/chunks/node_modules_next_dist_1e8vcs8._.js:791
[ 1189810ms] [LOG] [Fast Refresh] done in 8ms @ http://localhost:3000/_next/static/chunks/node_modules_next_dist_1e8vcs8._.js:791
[ 1189877ms] [LOG] [Fast Refresh] done in 8ms @ http://localhost:3000/_next/static/chunks/node_modules_next_dist_1e8vcs8._.js:791
[ 1189946ms] [LOG] [Fast Refresh] done in 8ms @ http://localhost:3000/_next/static/chunks/node_modules_next_dist_1e8vcs8._.js:791
[ 1190001ms] [LOG] [Fast Refresh] done in 8ms @ http://localhost:3000/_next/static/chunks/node_modules_next_dist_1e8vcs8._.js:791
[ 1190063ms] [LOG] [Fast Refresh] done in 8ms @ http://localhost:3000/_next/static/chunks/node_modules_next_dist_1e8vcs8._.js:791
[ 1190146ms] [LOG] [Fast Refresh] done in 8ms @ http://localhost:3000/_next/static/chunks/node_modules_next_dist_1e8vcs8._.js:791
[ 1190204ms] [LOG] [Fast Refresh] done in 8ms @ http://localhost:3000/_next/static/chunks/node_modules_next_dist_1e8vcs8._.js:791
[ 1190266ms] [LOG] [Fast Refresh] done in 8ms @ http://localhost:3000/_next/static/chunks/node_modules_next_dist_1e8vcs8._.js:791
[ 1190313ms] [LOG] [Fast Refresh] done in 8ms @ http://localhost:3000/_next/static/chunks/node_modules_next_dist_1e8vcs8._.js:791
[ 1190375ms] [LOG] [Fast Refresh] done in 8ms @ http://localhost:3000/_next/static/chunks/node_modules_next_dist_1e8vcs8._.js:791
[ 1190438ms] [LOG] [Fast Refresh] done in 8ms @ http://localhost:3000/_next/static/chunks/node_modules_next_dist_1e8vcs8._.js:791
[ 1190500ms] [LOG] [Fast Refresh] done in 8ms @ http://localhost:3000/_next/static/chunks/node_modules_next_dist_1e8vcs8._.js:791
[ 1190563ms] [LOG] [Fast Refresh] done in 8ms @ http://localhost:3000/_next/static/chunks/node_modules_next_dist_1e8vcs8._.js:791
[ 1190625ms] [LOG] [Fast Refresh] done in 8ms @ http://localhost:3000/_next/static/chunks/node_modules_next_dist_1e8vcs8._.js:791
[ 1190688ms] [LOG] [Fast Refresh] done in 8ms @ http://localhost:3000/_next/static/chunks/node_modules_next_dist_1e8vcs8._.js:791
[ 1190750ms] [LOG] [Fast Refresh] done in 8ms @ http://localhost:3000/_next/static/chunks/node_modules_next_dist_1e8vcs8._.js:791
[ 1190813ms] [LOG] [Fast Refresh] done in 8ms @ http://localhost:3000/_next/static/chunks/node_modules_next_dist_1e8vcs8._.js:791
[ 1190876ms] [LOG] [Fast Refresh] done in 8ms @ http://localhost:3000/_next/static/chunks/node_modules_next_dist_1e8vcs8._.js:791
[ 1190923ms] [LOG] [Fast Refresh] done in 8ms @ http://localhost:3000/_next/static/chunks/node_modules_next_dist_1e8vcs8._.js:791
[ 1190987ms] [LOG] [Fast Refresh] done in 8ms @ http://localhost:3000/_next/static/chunks/node_modules_next_dist_1e8vcs8._.js:791
[ 1191049ms] [LOG] [Fast Refresh] done in 8ms @ http://localhost:3000/_next/static/chunks/node_modules_next_dist_1e8vcs8._.js:791
[ 1191098ms] [LOG] [Fast Refresh] done in 8ms @ http://localhost:3000/_next/static/chunks/node_modules_next_dist_1e8vcs8._.js:791
[ 1191160ms] [LOG] [Fast Refresh] done in 8ms @ http://localhost:3000/_next/static/chunks/node_modules_next_dist_1e8vcs8._.js:791
[ 1191224ms] [LOG] [Fast Refresh] done in 8ms @ http://localhost:3000/_next/static/chunks/node_modules_next_dist_1e8vcs8._.js:791
[ 1191287ms] [LOG] [Fast Refresh] done in 8ms @ http://localhost:3000/_next/static/chunks/node_modules_next_dist_1e8vcs8._.js:791
[ 1191349ms] [LOG] [Fast Refresh] done in 8ms @ http://localhost:3000/_next/static/chunks/node_modules_next_dist_1e8vcs8._.js:791
[ 1191410ms] [LOG] [Fast Refresh] done in 8ms @ http://localhost:3000/_next/static/chunks/node_modules_next_dist_1e8vcs8._.js:791
[ 1191473ms] [LOG] [Fast Refresh] done in 8ms @ http://localhost:3000/_next/static/chunks/node_modules_next_dist_1e8vcs8._.js:791
[ 1191534ms] [LOG] [Fast Refresh] done in 8ms @ http://localhost:3000/_next/static/chunks/node_modules_next_dist_1e8vcs8._.js:791
[ 1191597ms] [LOG] [Fast Refresh] done in 8ms @ http://localhost:3000/_next/static/chunks/node_modules_next_dist_1e8vcs8._.js:791
[ 1191661ms] [LOG] [Fast Refresh] done in 8ms @ http://localhost:3000/_next/static/chunks/node_modules_next_dist_1e8vcs8._.js:791
[ 1191723ms] [LOG] [Fast Refresh] done in 8ms @ http://localhost:3000/_next/static/chunks/node_modules_next_dist_1e8vcs8._.js:791
[ 1191769ms] [LOG] [Fast Refresh] done in 8ms @ http://localhost:3000/_next/static/chunks/node_modules_next_dist_1e8vcs8._.js:791
[ 1191831ms] [LOG] [Fast Refresh] done in 8ms @ http://localhost:3000/_next/static/chunks/node_modules_next_dist_1e8vcs8._.js:791
[ 1191895ms] [LOG] [Fast Refresh] done in 8ms @ http://localhost:3000/_next/static/chunks/node_modules_next_dist_1e8vcs8._.js:791
[ 1191958ms] [LOG] [Fast Refresh] done in 8ms @ http://localhost:3000/_next/static/chunks/node_modules_next_dist_1e8vcs8._.js:791
[ 1192021ms] [LOG] [Fast Refresh] done in 8ms @ http://localhost:3000/_next/static/chunks/node_modules_next_dist_1e8vcs8._.js:791
[ 1192083ms] [LOG] [Fast Refresh] done in 8ms @ http://localhost:3000/_next/static/chunks/node_modules_next_dist_1e8vcs8._.js:791
[ 1192144ms] [LOG] [Fast Refresh] done in 8ms @ http://localhost:3000/_next/static/chunks/node_modules_next_dist_1e8vcs8._.js:791
[ 1192196ms] [LOG] [Fast Refresh] done in 8ms @ http://localhost:3000/_next/static/chunks/node_modules_next_dist_1e8vcs8._.js:791
[ 1192258ms] [LOG] [Fast Refresh] done in 8ms @ http://localhost:3000/_next/static/chunks/node_modules_next_dist_1e8vcs8._.js:791
[ 1192315ms] [LOG] [Fast Refresh] done in 8ms @ http://localhost:3000/_next/static/chunks/node_modules_next_dist_1e8vcs8._.js:791
[ 1192378ms] [LOG] [Fast Refresh] done in 8ms @ http://localhost:3000/_next/static/chunks/node_modules_next_dist_1e8vcs8._.js:791
[ 1192439ms] [LOG] [Fast Refresh] done in 8ms @ http://localhost:3000/_next/static/chunks/node_modules_next_dist_1e8vcs8._.js:791
[ 1192502ms] [LOG] [Fast Refresh] done in 8ms @ http://localhost:3000/_next/static/chunks/node_modules_next_dist_1e8vcs8._.js:791
[ 1192552ms] [LOG] [Fast Refresh] done in 8ms @ http://localhost:3000/_next/static/chunks/node_modules_next_dist_1e8vcs8._.js:791
[ 1192610ms] [LOG] [Fast Refresh] done in 8ms @ http://localhost:3000/_next/static/chunks/node_modules_next_dist_1e8vcs8._.js:791
[ 1192679ms] [LOG] [Fast Refresh] done in 8ms @ http://localhost:3000/_next/static/chunks/node_modules_next_dist_1e8vcs8._.js:791
[ 1192740ms] [LOG] [Fast Refresh] done in 8ms @ http://localhost:3000/_next/static/chunks/node_modules_next_dist_1e8vcs8._.js:791
[ 1192801ms] [LOG] [Fast Refresh] done in 8ms @ http://localhost:3000/_next/static/chunks/node_modules_next_dist_1e8vcs8._.js:791
[ 1192864ms] [LOG] [Fast Refresh] done in 8ms @ http://localhost:3000/_next/static/chunks/node_modules_next_dist_1e8vcs8._.js:791
[ 1192925ms] [LOG] [Fast Refresh] done in 8ms @ http://localhost:3000/_next/static/chunks/node_modules_next_dist_1e8vcs8._.js:791
[ 1192989ms] [LOG] [Fast Refresh] done in 8ms @ http://localhost:3000/_next/static/chunks/node_modules_next_dist_1e8vcs8._.js:791
[ 1193050ms] [LOG] [Fast Refresh] done in 8ms @ http://localhost:3000/_next/static/chunks/node_modules_next_dist_1e8vcs8._.js:791
[ 1193112ms] [LOG] [Fast Refresh] done in 8ms @ http://localhost:3000/_next/static/chunks/node_modules_next_dist_1e8vcs8._.js:791
[ 1193174ms] [LOG] [Fast Refresh] done in 8ms @ http://localhost:3000/_next/static/chunks/node_modules_next_dist_1e8vcs8._.js:791
[ 1193229ms] [LOG] [Fast Refresh] done in 8ms @ http://localhost:3000/_next/static/chunks/node_modules_next_dist_1e8vcs8._.js:791
[ 1193291ms] [LOG] [Fast Refresh] done in 8ms @ http://localhost:3000/_next/static/chunks/node_modules_next_dist_1e8vcs8._.js:791
[ 1193353ms] [LOG] [Fast Refresh] done in 8ms @ http://localhost:3000/_next/static/chunks/node_modules_next_dist_1e8vcs8._.js:791
[ 1193415ms] [LOG] [Fast Refresh] done in 8ms @ http://localhost:3000/_next/static/chunks/node_modules_next_dist_1e8vcs8._.js:791
[ 1193477ms] [LOG] [Fast Refresh] done in 8ms @ http://localhost:3000/_next/static/chunks/node_modules_next_dist_1e8vcs8._.js:791
[ 1193539ms] [LOG] [Fast Refresh] done in 8ms @ http://localhost:3000/_next/static/chunks/node_modules_next_dist_1e8vcs8._.js:791
[ 1193602ms] [LOG] [Fast Refresh] done in 8ms @ http://localhost:3000/_next/static/chunks/node_modules_next_dist_1e8vcs8._.js:791
[ 1193649ms] [LOG] [Fast Refresh] done in 8ms @ http://localhost:3000/_next/static/chunks/node_modules_next_dist_1e8vcs8._.js:791
[ 1193709ms] [LOG] [Fast Refresh] done in 8ms @ http://localhost:3000/_next/static/chunks/node_modules_next_dist_1e8vcs8._.js:791
[ 1193771ms] [LOG] [Fast Refresh] done in 8ms @ http://localhost:3000/_next/static/chunks/node_modules_next_dist_1e8vcs8._.js:791
[ 1193832ms] [LOG] [Fast Refresh] done in 8ms @ http://localhost:3000/_next/static/chunks/node_modules_next_dist_1e8vcs8._.js:791
[ 1193895ms] [LOG] [Fast Refresh] done in 8ms @ http://localhost:3000/_next/static/chunks/node_modules_next_dist_1e8vcs8._.js:791
[ 1193957ms] [LOG] [Fast Refresh] done in 8ms @ http://localhost:3000/_next/static/chunks/node_modules_next_dist_1e8vcs8._.js:791
[ 1194021ms] [LOG] [Fast Refresh] done in 8ms @ http://localhost:3000/_next/static/chunks/node_modules_next_dist_1e8vcs8._.js:791
[ 1194083ms] [LOG] [Fast Refresh] done in 8ms @ http://localhost:3000/_next/static/chunks/node_modules_next_dist_1e8vcs8._.js:791
[ 1194144ms] [LOG] [Fast Refresh] done in 8ms @ http://localhost:3000/_next/static/chunks/node_modules_next_dist_1e8vcs8._.js:791
[ 1194204ms] [LOG] [Fast Refresh] done in 8ms @ http://localhost:3000/_next/static/chunks/node_modules_next_dist_1e8vcs8._.js:791
[ 1194254ms] [LOG] [Fast Refresh] done in 8ms @ http://localhost:3000/_next/static/chunks/node_modules_next_dist_1e8vcs8._.js:791
[ 1194318ms] [LOG] [Fast Refresh] done in 8ms @ http://localhost:3000/_next/static/chunks/node_modules_next_dist_1e8vcs8._.js:791
[ 1194364ms] [LOG] [Fast Refresh] done in 8ms @ http://localhost:3000/_next/static/chunks/node_modules_next_dist_1e8vcs8._.js:791
[ 1194426ms] [LOG] [Fast Refresh] done in 8ms @ http://localhost:3000/_next/static/chunks/node_modules_next_dist_1e8vcs8._.js:791
[ 1194489ms] [LOG] [Fast Refresh] done in 8ms @ http://localhost:3000/_next/static/chunks/node_modules_next_dist_1e8vcs8._.js:791
[ 1194552ms] [LOG] [Fast Refresh] done in 8ms @ http://localhost:3000/_next/static/chunks/node_modules_next_dist_1e8vcs8._.js:791
[ 1194610ms] [LOG] [Fast Refresh] done in 8ms @ http://localhost:3000/_next/static/chunks/node_modules_next_dist_1e8vcs8._.js:791
[ 1194675ms] [LOG] [Fast Refresh] done in 8ms @ http://localhost:3000/_next/static/chunks/node_modules_next_dist_1e8vcs8._.js:791
[ 1194738ms] [LOG] [Fast Refresh] done in 8ms @ http://localhost:3000/_next/static/chunks/node_modules_next_dist_1e8vcs8._.js:791
[ 1194800ms] [LOG] [Fast Refresh] done in 8ms @ http://localhost:3000/_next/static/chunks/node_modules_next_dist_1e8vcs8._.js:791
[ 1194848ms] [LOG] [Fast Refresh] done in 8ms @ http://localhost:3000/_next/static/chunks/node_modules_next_dist_1e8vcs8._.js:791
[ 1194910ms] [LOG] [Fast Refresh] done in 8ms @ http://localhost:3000/_next/static/chunks/node_modules_next_dist_1e8vcs8._.js:791
[ 1194961ms] [LOG] [Fast Refresh] done in 8ms @ http://localhost:3000/_next/static/chunks/node_modules_next_dist_1e8vcs8._.js:791
[ 1195023ms] [LOG] [Fast Refresh] done in 8ms @ http://localhost:3000/_next/static/chunks/node_modules_next_dist_1e8vcs8._.js:791
[ 1195085ms] [LOG] [Fast Refresh] done in 8ms @ http://localhost:3000/_next/static/chunks/node_modules_next_dist_1e8vcs8._.js:791
[ 1195148ms] [LOG] [Fast Refresh] done in 8ms @ http://localhost:3000/_next/static/chunks/node_modules_next_dist_1e8vcs8._.js:791
[ 1195210ms] [LOG] [Fast Refresh] done in 8ms @ http://localhost:3000/_next/static/chunks/node_modules_next_dist_1e8vcs8._.js:791
[ 1195274ms] [LOG] [Fast Refresh] done in 8ms @ http://localhost:3000/_next/static/chunks/node_modules_next_dist_1e8vcs8._.js:791
[ 1195321ms] [LOG] [Fast Refresh] done in 8ms @ http://localhost:3000/_next/static/chunks/node_modules_next_dist_1e8vcs8._.js:791
[ 1195385ms] [LOG] [Fast Refresh] done in 8ms @ http://localhost:3000/_next/static/chunks/node_modules_next_dist_1e8vcs8._.js:791
[ 1195447ms] [LOG] [Fast Refresh] done in 8ms @ http://localhost:3000/_next/static/chunks/node_modules_next_dist_1e8vcs8._.js:791
[ 1195509ms] [LOG] [Fast Refresh] done in 8ms @ http://localhost:3000/_next/static/chunks/node_modules_next_dist_1e8vcs8._.js:791
[ 1195572ms] [LOG] [Fast Refresh] done in 8ms @ http://localhost:3000/_next/static/chunks/node_modules_next_dist_1e8vcs8._.js:791
[ 1195620ms] [LOG] [Fast Refresh] done in 8ms @ http://localhost:3000/_next/static/chunks/node_modules_next_dist_1e8vcs8._.js:791
[ 1195684ms] [LOG] [Fast Refresh] done in 8ms @ http://localhost:3000/_next/static/chunks/node_modules_next_dist_1e8vcs8._.js:791
[ 1195747ms] [LOG] [Fast Refresh] done in 8ms @ http://localhost:3000/_next/static/chunks/node_modules_next_dist_1e8vcs8._.js:791
[ 1195809ms] [LOG] [Fast Refresh] done in 8ms @ http://localhost:3000/_next/static/chunks/node_modules_next_dist_1e8vcs8._.js:791
[ 1195872ms] [LOG] [Fast Refresh] done in 8ms @ http://localhost:3000/_next/static/chunks/node_modules_next_dist_1e8vcs8._.js:791
[ 1195925ms] [LOG] [Fast Refresh] done in 8ms @ http://localhost:3000/_next/static/chunks/node_modules_next_dist_1e8vcs8._.js:791
[ 1195988ms] [LOG] [Fast Refresh] done in 8ms @ http://localhost:3000/_next/static/chunks/node_modules_next_dist_1e8vcs8._.js:791
[ 1196050ms] [LOG] [Fast Refresh] done in 8ms @ http://localhost:3000/_next/static/chunks/node_modules_next_dist_1e8vcs8._.js:791
[ 1196113ms] [LOG] [Fast Refresh] done in 8ms @ http://localhost:3000/_next/static/chunks/node_modules_next_dist_1e8vcs8._.js:791
[ 1196176ms] [LOG] [Fast Refresh] done in 8ms @ http://localhost:3000/_next/static/chunks/node_modules_next_dist_1e8vcs8._.js:791
[ 1196238ms] [LOG] [Fast Refresh] done in 8ms @ http://localhost:3000/_next/static/chunks/node_modules_next_dist_1e8vcs8._.js:791
[ 1196302ms] [LOG] [Fast Refresh] done in 8ms @ http://localhost:3000/_next/static/chunks/node_modules_next_dist_1e8vcs8._.js:791
[ 1196365ms] [LOG] [Fast Refresh] done in 8ms @ http://localhost:3000/_next/static/chunks/node_modules_next_dist_1e8vcs8._.js:791
[ 1196427ms] [LOG] [Fast Refresh] done in 8ms @ http://localhost:3000/_next/static/chunks/node_modules_next_dist_1e8vcs8._.js:791
[ 1196489ms] [LOG] [Fast Refresh] done in 8ms @ http://localhost:3000/_next/static/chunks/node_modules_next_dist_1e8vcs8._.js:791
[ 1196555ms] [LOG] [Fast Refresh] done in 8ms @ http://localhost:3000/_next/static/chunks/node_modules_next_dist_1e8vcs8._.js:791
[ 1196615ms] [LOG] [Fast Refresh] done in 8ms @ http://localhost:3000/_next/static/chunks/node_modules_next_dist_1e8vcs8._.js:791
[ 1196677ms] [LOG] [Fast Refresh] done in 8ms @ http://localhost:3000/_next/static/chunks/node_modules_next_dist_1e8vcs8._.js:791
[ 1196740ms] [LOG] [Fast Refresh] done in 8ms @ http://localhost:3000/_next/static/chunks/node_modules_next_dist_1e8vcs8._.js:791
[ 1196788ms] [LOG] [Fast Refresh] done in 8ms @ http://localhost:3000/_next/static/chunks/node_modules_next_dist_1e8vcs8._.js:791
[ 1196835ms] [LOG] [Fast Refresh] done in 8ms @ http://localhost:3000/_next/static/chunks/node_modules_next_dist_1e8vcs8._.js:791
[ 1196898ms] [LOG] [Fast Refresh] done in 8ms @ http://localhost:3000/_next/static/chunks/node_modules_next_dist_1e8vcs8._.js:791
[ 1196959ms] [LOG] [Fast Refresh] done in 8ms @ http://localhost:3000/_next/static/chunks/node_modules_next_dist_1e8vcs8._.js:791
[ 1197022ms] [LOG] [Fast Refresh] done in 8ms @ http://localhost:3000/_next/static/chunks/node_modules_next_dist_1e8vcs8._.js:791
[ 1197085ms] [LOG] [Fast Refresh] done in 8ms @ http://localhost:3000/_next/static/chunks/node_modules_next_dist_1e8vcs8._.js:791
[ 1197146ms] [LOG] [Fast Refresh] done in 8ms @ http://localhost:3000/_next/static/chunks/node_modules_next_dist_1e8vcs8._.js:791
[ 1197209ms] [LOG] [Fast Refresh] done in 8ms @ http://localhost:3000/_next/static/chunks/node_modules_next_dist_1e8vcs8._.js:791
[ 1197272ms] [LOG] [Fast Refresh] done in 8ms @ http://localhost:3000/_next/static/chunks/node_modules_next_dist_1e8vcs8._.js:791
[ 1197336ms] [LOG] [Fast Refresh] done in 8ms @ http://localhost:3000/_next/static/chunks/node_modules_next_dist_1e8vcs8._.js:791
[ 1197397ms] [LOG] [Fast Refresh] done in 8ms @ http://localhost:3000/_next/static/chunks/node_modules_next_dist_1e8vcs8._.js:791
[ 1197460ms] [LOG] [Fast Refresh] done in 8ms @ http://localhost:3000/_next/static/chunks/node_modules_next_dist_1e8vcs8._.js:791
[ 1197521ms] [LOG] [Fast Refresh] done in 8ms @ http://localhost:3000/_next/static/chunks/node_modules_next_dist_1e8vcs8._.js:791
[ 1197583ms] [LOG] [Fast Refresh] done in 8ms @ http://localhost:3000/_next/static/chunks/node_modules_next_dist_1e8vcs8._.js:791
[ 1197646ms] [LOG] [Fast Refresh] done in 8ms @ http://localhost:3000/_next/static/chunks/node_modules_next_dist_1e8vcs8._.js:791
[ 1197708ms] [LOG] [Fast Refresh] done in 8ms @ http://localhost:3000/_next/static/chunks/node_modules_next_dist_1e8vcs8._.js:791
[ 1197771ms] [LOG] [Fast Refresh] done in 8ms @ http://localhost:3000/_next/static/chunks/node_modules_next_dist_1e8vcs8._.js:791
[ 1197834ms] [LOG] [Fast Refresh] done in 8ms @ http://localhost:3000/_next/static/chunks/node_modules_next_dist_1e8vcs8._.js:791
[ 1197895ms] [LOG] [Fast Refresh] done in 8ms @ http://localhost:3000/_next/static/chunks/node_modules_next_dist_1e8vcs8._.js:791
[ 1197949ms] [LOG] [Fast Refresh] done in 8ms @ http://localhost:3000/_next/static/chunks/node_modules_next_dist_1e8vcs8._.js:791
[ 1198010ms] [LOG] [Fast Refresh] done in 8ms @ http://localhost:3000/_next/static/chunks/node_modules_next_dist_1e8vcs8._.js:791
[ 1198071ms] [LOG] [Fast Refresh] done in 8ms @ http://localhost:3000/_next/static/chunks/node_modules_next_dist_1e8vcs8._.js:791
[ 1198133ms] [LOG] [Fast Refresh] done in 8ms @ http://localhost:3000/_next/static/chunks/node_modules_next_dist_1e8vcs8._.js:791
[ 1198196ms] [LOG] [Fast Refresh] done in 8ms @ http://localhost:3000/_next/static/chunks/node_modules_next_dist_1e8vcs8._.js:791
[ 1198258ms] [LOG] [Fast Refresh] done in 8ms @ http://localhost:3000/_next/static/chunks/node_modules_next_dist_1e8vcs8._.js:791
[ 1198319ms] [LOG] [Fast Refresh] done in 8ms @ http://localhost:3000/_next/static/chunks/node_modules_next_dist_1e8vcs8._.js:791
[ 1198382ms] [LOG] [Fast Refresh] done in 8ms @ http://localhost:3000/_next/static/chunks/node_modules_next_dist_1e8vcs8._.js:791
[ 1198444ms] [LOG] [Fast Refresh] done in 8ms @ http://localhost:3000/_next/static/chunks/node_modules_next_dist_1e8vcs8._.js:791
[ 1198503ms] [LOG] [Fast Refresh] done in 8ms @ http://localhost:3000/_next/static/chunks/node_modules_next_dist_1e8vcs8._.js:791
[ 1198566ms] [LOG] [Fast Refresh] done in 8ms @ http://localhost:3000/_next/static/chunks/node_modules_next_dist_1e8vcs8._.js:791
[ 1198613ms] [LOG] [Fast Refresh] done in 8ms @ http://localhost:3000/_next/static/chunks/node_modules_next_dist_1e8vcs8._.js:791
[ 1198676ms] [LOG] [Fast Refresh] done in 8ms @ http://localhost:3000/_next/static/chunks/node_modules_next_dist_1e8vcs8._.js:791
[ 1198739ms] [LOG] [Fast Refresh] done in 8ms @ http://localhost:3000/_next/static/chunks/node_modules_next_dist_1e8vcs8._.js:791
[ 1198801ms] [LOG] [Fast Refresh] done in 8ms @ http://localhost:3000/_next/static/chunks/node_modules_next_dist_1e8vcs8._.js:791
[ 1198863ms] [LOG] [Fast Refresh] done in 8ms @ http://localhost:3000/_next/static/chunks/node_modules_next_dist_1e8vcs8._.js:791
[ 1198923ms] [LOG] [Fast Refresh] done in 8ms @ http://localhost:3000/_next/static/chunks/node_modules_next_dist_1e8vcs8._.js:791
[ 1198975ms] [LOG] [Fast Refresh] done in 8ms @ http://localhost:3000/_next/static/chunks/node_modules_next_dist_1e8vcs8._.js:791
[ 1199038ms] [LOG] [Fast Refresh] done in 8ms @ http://localhost:3000/_next/static/chunks/node_modules_next_dist_1e8vcs8._.js:791
[ 1199101ms] [LOG] [Fast Refresh] done in 8ms @ http://localhost:3000/_next/static/chunks/node_modules_next_dist_1e8vcs8._.js:791
[ 1199159ms] [LOG] [Fast Refresh] done in 8ms @ http://localhost:3000/_next/static/chunks/node_modules_next_dist_1e8vcs8._.js:791
[ 1199222ms] [LOG] [Fast Refresh] done in 8ms @ http://localhost:3000/_next/static/chunks/node_modules_next_dist_1e8vcs8._.js:791
[ 1199284ms] [LOG] [Fast Refresh] done in 8ms @ http://localhost:3000/_next/static/chunks/node_modules_next_dist_1e8vcs8._.js:791
[ 1199331ms] [LOG] [Fast Refresh] done in 8ms @ http://localhost:3000/_next/static/chunks/node_modules_next_dist_1e8vcs8._.js:791
[ 1199394ms] [LOG] [Fast Refresh] done in 8ms @ http://localhost:3000/_next/static/chunks/node_modules_next_dist_1e8vcs8._.js:791
[ 1199457ms] [LOG] [Fast Refresh] done in 8ms @ http://localhost:3000/_next/static/chunks/node_modules_next_dist_1e8vcs8._.js:791
[ 1199519ms] [LOG] [Fast Refresh] done in 8ms @ http://localhost:3000/_next/static/chunks/node_modules_next_dist_1e8vcs8._.js:791
[ 1199581ms] [LOG] [Fast Refresh] done in 8ms @ http://localhost:3000/_next/static/chunks/node_modules_next_dist_1e8vcs8._.js:791
[ 1199635ms] [LOG] [Fast Refresh] done in 8ms @ http://localhost:3000/_next/static/chunks/node_modules_next_dist_1e8vcs8._.js:791
[ 1199696ms] [LOG] [Fast Refresh] done in 8ms @ http://localhost:3000/_next/static/chunks/node_modules_next_dist_1e8vcs8._.js:791
[ 1199758ms] [LOG] [Fast Refresh] done in 8ms @ http://localhost:3000/_next/static/chunks/node_modules_next_dist_1e8vcs8._.js:791
[ 1199806ms] [LOG] [Fast Refresh] done in 8ms @ http://localhost:3000/_next/static/chunks/node_modules_next_dist_1e8vcs8._.js:791
[ 1199872ms] [LOG] [Fast Refresh] done in 8ms @ http://localhost:3000/_next/static/chunks/node_modules_next_dist_1e8vcs8._.js:791
[ 1199931ms] [LOG] [Fast Refresh] done in 8ms @ http://localhost:3000/_next/static/chunks/node_modules_next_dist_1e8vcs8._.js:791
[ 1199992ms] [LOG] [Fast Refresh] done in 8ms @ http://localhost:3000/_next/static/chunks/node_modules_next_dist_1e8vcs8._.js:791
[ 1200053ms] [LOG] [Fast Refresh] done in 8ms @ http://localhost:3000/_next/static/chunks/node_modules_next_dist_1e8vcs8._.js:791
[ 1200116ms] [LOG] [Fast Refresh] done in 8ms @ http://localhost:3000/_next/static/chunks/node_modules_next_dist_1e8vcs8._.js:791
[ 1200177ms] [LOG] [Fast Refresh] done in 8ms @ http://localhost:3000/_next/static/chunks/node_modules_next_dist_1e8vcs8._.js:791
[ 1200240ms] [LOG] [Fast Refresh] done in 8ms @ http://localhost:3000/_next/static/chunks/node_modules_next_dist_1e8vcs8._.js:791
[ 1200302ms] [LOG] [Fast Refresh] done in 8ms @ http://localhost:3000/_next/static/chunks/node_modules_next_dist_1e8vcs8._.js:791
[ 1200363ms] [LOG] [Fast Refresh] done in 8ms @ http://localhost:3000/_next/static/chunks/node_modules_next_dist_1e8vcs8._.js:791
[ 1200427ms] [LOG] [Fast Refresh] done in 8ms @ http://localhost:3000/_next/static/chunks/node_modules_next_dist_1e8vcs8._.js:791
[ 1200489ms] [LOG] [Fast Refresh] done in 8ms @ http://localhost:3000/_next/static/chunks/node_modules_next_dist_1e8vcs8._.js:791
[ 1200551ms] [LOG] [Fast Refresh] done in 8ms @ http://localhost:3000/_next/static/chunks/node_modules_next_dist_1e8vcs8._.js:791
[ 1200613ms] [LOG] [Fast Refresh] done in 8ms @ http://localhost:3000/_next/static/chunks/node_modules_next_dist_1e8vcs8._.js:791
[ 1200676ms] [LOG] [Fast Refresh] done in 8ms @ http://localhost:3000/_next/static/chunks/node_modules_next_dist_1e8vcs8._.js:791
[ 1200738ms] [LOG] [Fast Refresh] done in 8ms @ http://localhost:3000/_next/static/chunks/node_modules_next_dist_1e8vcs8._.js:791
[ 1200801ms] [LOG] [Fast Refresh] done in 8ms @ http://localhost:3000/_next/static/chunks/node_modules_next_dist_1e8vcs8._.js:791
[ 1200863ms] [LOG] [Fast Refresh] done in 8ms @ http://localhost:3000/_next/static/chunks/node_modules_next_dist_1e8vcs8._.js:791
[ 1200926ms] [LOG] [Fast Refresh] done in 8ms @ http://localhost:3000/_next/static/chunks/node_modules_next_dist_1e8vcs8._.js:791
[ 1200989ms] [LOG] [Fast Refresh] done in 8ms @ http://localhost:3000/_next/static/chunks/node_modules_next_dist_1e8vcs8._.js:791
[ 1201052ms] [LOG] [Fast Refresh] done in 8ms @ http://localhost:3000/_next/static/chunks/node_modules_next_dist_1e8vcs8._.js:791
[ 1201114ms] [LOG] [Fast Refresh] done in 8ms @ http://localhost:3000/_next/static/chunks/node_modules_next_dist_1e8vcs8._.js:791
[ 1201165ms] [LOG] [Fast Refresh] done in 8ms @ http://localhost:3000/_next/static/chunks/node_modules_next_dist_1e8vcs8._.js:791
[ 1201214ms] [LOG] [Fast Refresh] done in 8ms @ http://localhost:3000/_next/static/chunks/node_modules_next_dist_1e8vcs8._.js:791
[ 1201277ms] [LOG] [Fast Refresh] done in 8ms @ http://localhost:3000/_next/static/chunks/node_modules_next_dist_1e8vcs8._.js:791
[ 1201332ms] [LOG] [Fast Refresh] done in 8ms @ http://localhost:3000/_next/static/chunks/node_modules_next_dist_1e8vcs8._.js:791
[ 1201400ms] [LOG] [Fast Refresh] done in 8ms @ http://localhost:3000/_next/static/chunks/node_modules_next_dist_1e8vcs8._.js:791
[ 1201464ms] [LOG] [Fast Refresh] done in 8ms @ http://localhost:3000/_next/static/chunks/node_modules_next_dist_1e8vcs8._.js:791
[ 1201512ms] [LOG] [Fast Refresh] done in 8ms @ http://localhost:3000/_next/static/chunks/node_modules_next_dist_1e8vcs8._.js:791
[ 1201580ms] [LOG] [Fast Refresh] done in 8ms @ http://localhost:3000/_next/static/chunks/node_modules_next_dist_1e8vcs8._.js:791
[ 1201644ms] [LOG] [Fast Refresh] done in 8ms @ http://localhost:3000/_next/static/chunks/node_modules_next_dist_1e8vcs8._.js:791
[ 1201681ms] [LOG] [Fast Refresh] done in 8ms @ http://localhost:3000/_next/static/chunks/node_modules_next_dist_1e8vcs8._.js:791
[ 1201738ms] [LOG] [Fast Refresh] done in 8ms @ http://localhost:3000/_next/static/chunks/node_modules_next_dist_1e8vcs8._.js:791
[ 1201793ms] [LOG] [Fast Refresh] done in 8ms @ http://localhost:3000/_next/static/chunks/node_modules_next_dist_1e8vcs8._.js:791
[ 1201840ms] [LOG] [Fast Refresh] done in 8ms @ http://localhost:3000/_next/static/chunks/node_modules_next_dist_1e8vcs8._.js:791
[ 1201901ms] [LOG] [Fast Refresh] done in 8ms @ http://localhost:3000/_next/static/chunks/node_modules_next_dist_1e8vcs8._.js:791
[ 1201956ms] [LOG] [Fast Refresh] done in 8ms @ http://localhost:3000/_next/static/chunks/node_modules_next_dist_1e8vcs8._.js:791
[ 1202008ms] [LOG] [Fast Refresh] done in 8ms @ http://localhost:3000/_next/static/chunks/node_modules_next_dist_1e8vcs8._.js:791
[ 1202070ms] [LOG] [Fast Refresh] done in 8ms @ http://localhost:3000/_next/static/chunks/node_modules_next_dist_1e8vcs8._.js:791
[ 1202123ms] [LOG] [Fast Refresh] done in 8ms @ http://localhost:3000/_next/static/chunks/node_modules_next_dist_1e8vcs8._.js:791
[ 1202172ms] [LOG] [Fast Refresh] done in 8ms @ http://localhost:3000/_next/static/chunks/node_modules_next_dist_1e8vcs8._.js:791
[ 1202235ms] [LOG] [Fast Refresh] done in 8ms @ http://localhost:3000/_next/static/chunks/node_modules_next_dist_1e8vcs8._.js:791
[ 1202285ms] [LOG] [Fast Refresh] done in 8ms @ http://localhost:3000/_next/static/chunks/node_modules_next_dist_1e8vcs8._.js:791
[ 1202336ms] [LOG] [Fast Refresh] done in 8ms @ http://localhost:3000/_next/static/chunks/node_modules_next_dist_1e8vcs8._.js:791
[ 1202385ms] [LOG] [Fast Refresh] done in 8ms @ http://localhost:3000/_next/static/chunks/node_modules_next_dist_1e8vcs8._.js:791
[ 1202439ms] [LOG] [Fast Refresh] done in 8ms @ http://localhost:3000/_next/static/chunks/node_modules_next_dist_1e8vcs8._.js:791
[ 1202489ms] [LOG] [Fast Refresh] done in 8ms @ http://localhost:3000/_next/static/chunks/node_modules_next_dist_1e8vcs8._.js:791
[ 1202548ms] [LOG] [Fast Refresh] done in 8ms @ http://localhost:3000/_next/static/chunks/node_modules_next_dist_1e8vcs8._.js:791
[ 1202612ms] [LOG] [Fast Refresh] done in 8ms @ http://localhost:3000/_next/static/chunks/node_modules_next_dist_1e8vcs8._.js:791
[ 1202675ms] [LOG] [Fast Refresh] done in 8ms @ http://localhost:3000/_next/static/chunks/node_modules_next_dist_1e8vcs8._.js:791
[ 1202728ms] [LOG] [Fast Refresh] done in 8ms @ http://localhost:3000/_next/static/chunks/node_modules_next_dist_1e8vcs8._.js:791
[ 1202766ms] [LOG] [Fast Refresh] done in 8ms @ http://localhost:3000/_next/static/chunks/node_modules_next_dist_1e8vcs8._.js:791
[ 1202830ms] [LOG] [Fast Refresh] done in 8ms @ http://localhost:3000/_next/static/chunks/node_modules_next_dist_1e8vcs8._.js:791
[ 1202897ms] [LOG] [Fast Refresh] done in 8ms @ http://localhost:3000/_next/static/chunks/node_modules_next_dist_1e8vcs8._.js:791
[ 1202957ms] [LOG] [Fast Refresh] done in 8ms @ http://localhost:3000/_next/static/chunks/node_modules_next_dist_1e8vcs8._.js:791
[ 1203006ms] [LOG] [Fast Refresh] done in 8ms @ http://localhost:3000/_next/static/chunks/node_modules_next_dist_1e8vcs8._.js:791
[ 1203078ms] [LOG] [Fast Refresh] done in 8ms @ http://localhost:3000/_next/static/chunks/node_modules_next_dist_1e8vcs8._.js:791
[ 1203133ms] [LOG] [Fast Refresh] done in 8ms @ http://localhost:3000/_next/static/chunks/node_modules_next_dist_1e8vcs8._.js:791
[ 1203186ms] [LOG] [Fast Refresh] done in 8ms @ http://localhost:3000/_next/static/chunks/node_modules_next_dist_1e8vcs8._.js:791
[ 1203247ms] [LOG] [Fast Refresh] done in 8ms @ http://localhost:3000/_next/static/chunks/node_modules_next_dist_1e8vcs8._.js:791
[ 1203300ms] [LOG] [Fast Refresh] done in 8ms @ http://localhost:3000/_next/static/chunks/node_modules_next_dist_1e8vcs8._.js:791
[ 1203358ms] [LOG] [Fast Refresh] done in 8ms @ http://localhost:3000/_next/static/chunks/node_modules_next_dist_1e8vcs8._.js:791
[ 1203430ms] [LOG] [Fast Refresh] done in 8ms @ http://localhost:3000/_next/static/chunks/node_modules_next_dist_1e8vcs8._.js:791
[ 1203481ms] [LOG] [Fast Refresh] done in 8ms @ http://localhost:3000/_next/static/chunks/node_modules_next_dist_1e8vcs8._.js:791
[ 1203544ms] [LOG] [Fast Refresh] done in 8ms @ http://localhost:3000/_next/static/chunks/node_modules_next_dist_1e8vcs8._.js:791
[ 1203598ms] [LOG] [Fast Refresh] done in 8ms @ http://localhost:3000/_next/static/chunks/node_modules_next_dist_1e8vcs8._.js:791
[ 1203654ms] [LOG] [Fast Refresh] done in 8ms @ http://localhost:3000/_next/static/chunks/node_modules_next_dist_1e8vcs8._.js:791
[ 1203715ms] [LOG] [Fast Refresh] done in 8ms @ http://localhost:3000/_next/static/chunks/node_modules_next_dist_1e8vcs8._.js:791
[ 1203765ms] [LOG] [Fast Refresh] done in 8ms @ http://localhost:3000/_next/static/chunks/node_modules_next_dist_1e8vcs8._.js:791
[ 1203828ms] [LOG] [Fast Refresh] done in 8ms @ http://localhost:3000/_next/static/chunks/node_modules_next_dist_1e8vcs8._.js:791
[ 1203885ms] [LOG] [Fast Refresh] done in 8ms @ http://localhost:3000/_next/static/chunks/node_modules_next_dist_1e8vcs8._.js:791
[ 1203949ms] [LOG] [Fast Refresh] done in 8ms @ http://localhost:3000/_next/static/chunks/node_modules_next_dist_1e8vcs8._.js:791
[ 1204001ms] [LOG] [Fast Refresh] done in 8ms @ http://localhost:3000/_next/static/chunks/node_modules_next_dist_1e8vcs8._.js:791
[ 1204041ms] [LOG] [Fast Refresh] done in 8ms @ http://localhost:3000/_next/static/chunks/node_modules_next_dist_1e8vcs8._.js:791
[ 1204084ms] [LOG] [Fast Refresh] done in 8ms @ http://localhost:3000/_next/static/chunks/node_modules_next_dist_1e8vcs8._.js:791
[ 1204145ms] [LOG] [Fast Refresh] done in 8ms @ http://localhost:3000/_next/static/chunks/node_modules_next_dist_1e8vcs8._.js:791
[ 1204187ms] [LOG] [Fast Refresh] done in 8ms @ http://localhost:3000/_next/static/chunks/node_modules_next_dist_1e8vcs8._.js:791
[ 1204247ms] [LOG] [Fast Refresh] done in 8ms @ http://localhost:3000/_next/static/chunks/node_modules_next_dist_1e8vcs8._.js:791
[ 1204300ms] [LOG] [Fast Refresh] done in 8ms @ http://localhost:3000/_next/static/chunks/node_modules_next_dist_1e8vcs8._.js:791
[ 1204353ms] [LOG] [Fast Refresh] done in 8ms @ http://localhost:3000/_next/static/chunks/node_modules_next_dist_1e8vcs8._.js:791
[ 1204416ms] [LOG] [Fast Refresh] done in 8ms @ http://localhost:3000/_next/static/chunks/node_modules_next_dist_1e8vcs8._.js:791
[ 1204470ms] [LOG] [Fast Refresh] done in 8ms @ http://localhost:3000/_next/static/chunks/node_modules_next_dist_1e8vcs8._.js:791
[ 1204534ms] [LOG] [Fast Refresh] done in 8ms @ http://localhost:3000/_next/static/chunks/node_modules_next_dist_1e8vcs8._.js:791
[ 1204591ms] [LOG] [Fast Refresh] done in 8ms @ http://localhost:3000/_next/static/chunks/node_modules_next_dist_1e8vcs8._.js:791
[ 1204642ms] [LOG] [Fast Refresh] done in 8ms @ http://localhost:3000/_next/static/chunks/node_modules_next_dist_1e8vcs8._.js:791
[ 1204702ms] [LOG] [Fast Refresh] done in 8ms @ http://localhost:3000/_next/static/chunks/node_modules_next_dist_1e8vcs8._.js:791
[ 1204751ms] [LOG] [Fast Refresh] done in 8ms @ http://localhost:3000/_next/static/chunks/node_modules_next_dist_1e8vcs8._.js:791
[ 1204805ms] [LOG] [Fast Refresh] done in 8ms @ http://localhost:3000/_next/static/chunks/node_modules_next_dist_1e8vcs8._.js:791
[ 1204857ms] [LOG] [Fast Refresh] done in 8ms @ http://localhost:3000/_next/static/chunks/node_modules_next_dist_1e8vcs8._.js:791
[ 1204907ms] [LOG] [Fast Refresh] done in 8ms @ http://localhost:3000/_next/static/chunks/node_modules_next_dist_1e8vcs8._.js:791
[ 1204970ms] [LOG] [Fast Refresh] done in 8ms @ http://localhost:3000/_next/static/chunks/node_modules_next_dist_1e8vcs8._.js:791
[ 1205035ms] [LOG] [Fast Refresh] done in 8ms @ http://localhost:3000/_next/static/chunks/node_modules_next_dist_1e8vcs8._.js:791
[ 1205090ms] [LOG] [Fast Refresh] done in 8ms @ http://localhost:3000/_next/static/chunks/node_modules_next_dist_1e8vcs8._.js:791
[ 1205150ms] [LOG] [Fast Refresh] done in 8ms @ http://localhost:3000/_next/static/chunks/node_modules_next_dist_1e8vcs8._.js:791
[ 1205208ms] [LOG] [Fast Refresh] done in 8ms @ http://localhost:3000/_next/static/chunks/node_modules_next_dist_1e8vcs8._.js:791
[ 1205259ms] [LOG] [Fast Refresh] done in 8ms @ http://localhost:3000/_next/static/chunks/node_modules_next_dist_1e8vcs8._.js:791
[ 1205320ms] [LOG] [Fast Refresh] done in 8ms @ http://localhost:3000/_next/static/chunks/node_modules_next_dist_1e8vcs8._.js:791
[ 1205386ms] [LOG] [Fast Refresh] done in 8ms @ http://localhost:3000/_next/static/chunks/node_modules_next_dist_1e8vcs8._.js:791
[ 1205447ms] [LOG] [Fast Refresh] done in 8ms @ http://localhost:3000/_next/static/chunks/node_modules_next_dist_1e8vcs8._.js:791
[ 1205510ms] [LOG] [Fast Refresh] done in 8ms @ http://localhost:3000/_next/static/chunks/node_modules_next_dist_1e8vcs8._.js:791
[ 1205572ms] [LOG] [Fast Refresh] done in 8ms @ http://localhost:3000/_next/static/chunks/node_modules_next_dist_1e8vcs8._.js:791
[ 1205635ms] [LOG] [Fast Refresh] done in 8ms @ http://localhost:3000/_next/static/chunks/node_modules_next_dist_1e8vcs8._.js:791
[ 1205696ms] [LOG] [Fast Refresh] done in 8ms @ http://localhost:3000/_next/static/chunks/node_modules_next_dist_1e8vcs8._.js:791
[ 1205758ms] [LOG] [Fast Refresh] done in 8ms @ http://localhost:3000/_next/static/chunks/node_modules_next_dist_1e8vcs8._.js:791
[ 1205821ms] [LOG] [Fast Refresh] done in 8ms @ http://localhost:3000/_next/static/chunks/node_modules_next_dist_1e8vcs8._.js:791
[ 1205884ms] [LOG] [Fast Refresh] done in 8ms @ http://localhost:3000/_next/static/chunks/node_modules_next_dist_1e8vcs8._.js:791
[ 1205941ms] [LOG] [Fast Refresh] done in 8ms @ http://localhost:3000/_next/static/chunks/node_modules_next_dist_1e8vcs8._.js:791
[ 1205990ms] [LOG] [Fast Refresh] done in 8ms @ http://localhost:3000/_next/static/chunks/node_modules_next_dist_1e8vcs8._.js:791
[ 1206052ms] [LOG] [Fast Refresh] done in 8ms @ http://localhost:3000/_next/static/chunks/node_modules_next_dist_1e8vcs8._.js:791
[ 1206102ms] [LOG] [Fast Refresh] done in 8ms @ http://localhost:3000/_next/static/chunks/node_modules_next_dist_1e8vcs8._.js:791
[ 1206158ms] [LOG] [Fast Refresh] done in 8ms @ http://localhost:3000/_next/static/chunks/node_modules_next_dist_1e8vcs8._.js:791
[ 1206213ms] [LOG] [Fast Refresh] done in 8ms @ http://localhost:3000/_next/static/chunks/node_modules_next_dist_1e8vcs8._.js:791
[ 1206267ms] [LOG] [Fast Refresh] done in 8ms @ http://localhost:3000/_next/static/chunks/node_modules_next_dist_1e8vcs8._.js:791
[ 1206321ms] [LOG] [Fast Refresh] done in 8ms @ http://localhost:3000/_next/static/chunks/node_modules_next_dist_1e8vcs8._.js:791
[ 1206384ms] [LOG] [Fast Refresh] done in 8ms @ http://localhost:3000/_next/static/chunks/node_modules_next_dist_1e8vcs8._.js:791
[ 1206439ms] [LOG] [Fast Refresh] done in 8ms @ http://localhost:3000/_next/static/chunks/node_modules_next_dist_1e8vcs8._.js:791
[ 1206481ms] [LOG] [Fast Refresh] done in 8ms @ http://localhost:3000/_next/static/chunks/node_modules_next_dist_1e8vcs8._.js:791
[ 1206535ms] [LOG] [Fast Refresh] done in 8ms @ http://localhost:3000/_next/static/chunks/node_modules_next_dist_1e8vcs8._.js:791
[ 1206588ms] [LOG] [Fast Refresh] done in 8ms @ http://localhost:3000/_next/static/chunks/node_modules_next_dist_1e8vcs8._.js:791
[ 1206649ms] [LOG] [Fast Refresh] done in 8ms @ http://localhost:3000/_next/static/chunks/node_modules_next_dist_1e8vcs8._.js:791
[ 1206713ms] [LOG] [Fast Refresh] done in 8ms @ http://localhost:3000/_next/static/chunks/node_modules_next_dist_1e8vcs8._.js:791
[ 1206769ms] [LOG] [Fast Refresh] done in 8ms @ http://localhost:3000/_next/static/chunks/node_modules_next_dist_1e8vcs8._.js:791
[ 1206831ms] [LOG] [Fast Refresh] done in 8ms @ http://localhost:3000/_next/static/chunks/node_modules_next_dist_1e8vcs8._.js:791
[ 1206893ms] [LOG] [Fast Refresh] done in 8ms @ http://localhost:3000/_next/static/chunks/node_modules_next_dist_1e8vcs8._.js:791
[ 1206945ms] [LOG] [Fast Refresh] done in 8ms @ http://localhost:3000/_next/static/chunks/node_modules_next_dist_1e8vcs8._.js:791
[ 1206999ms] [LOG] [Fast Refresh] done in 8ms @ http://localhost:3000/_next/static/chunks/node_modules_next_dist_1e8vcs8._.js:791
[ 1207063ms] [LOG] [Fast Refresh] done in 8ms @ http://localhost:3000/_next/static/chunks/node_modules_next_dist_1e8vcs8._.js:791
[ 1207126ms] [LOG] [Fast Refresh] done in 8ms @ http://localhost:3000/_next/static/chunks/node_modules_next_dist_1e8vcs8._.js:791
[ 1207169ms] [LOG] [Fast Refresh] done in 8ms @ http://localhost:3000/_next/static/chunks/node_modules_next_dist_1e8vcs8._.js:791
[ 1207229ms] [LOG] [Fast Refresh] done in 8ms @ http://localhost:3000/_next/static/chunks/node_modules_next_dist_1e8vcs8._.js:791
[ 1207292ms] [LOG] [Fast Refresh] done in 8ms @ http://localhost:3000/_next/static/chunks/node_modules_next_dist_1e8vcs8._.js:791
[ 1207333ms] [LOG] [Fast Refresh] done in 8ms @ http://localhost:3000/_next/static/chunks/node_modules_next_dist_1e8vcs8._.js:791
[ 1207385ms] [LOG] [Fast Refresh] done in 8ms @ http://localhost:3000/_next/static/chunks/node_modules_next_dist_1e8vcs8._.js:791
[ 1207445ms] [LOG] [Fast Refresh] done in 8ms @ http://localhost:3000/_next/static/chunks/node_modules_next_dist_1e8vcs8._.js:791
[ 1207507ms] [LOG] [Fast Refresh] done in 8ms @ http://localhost:3000/_next/static/chunks/node_modules_next_dist_1e8vcs8._.js:791
[ 1207567ms] [LOG] [Fast Refresh] done in 8ms @ http://localhost:3000/_next/static/chunks/node_modules_next_dist_1e8vcs8._.js:791
[ 1207629ms] [LOG] [Fast Refresh] done in 8ms @ http://localhost:3000/_next/static/chunks/node_modules_next_dist_1e8vcs8._.js:791
[ 1207692ms] [LOG] [Fast Refresh] done in 8ms @ http://localhost:3000/_next/static/chunks/node_modules_next_dist_1e8vcs8._.js:791
[ 1207731ms] [LOG] [Fast Refresh] done in 8ms @ http://localhost:3000/_next/static/chunks/node_modules_next_dist_1e8vcs8._.js:791
[ 1207779ms] [LOG] [Fast Refresh] done in 8ms @ http://localhost:3000/_next/static/chunks/node_modules_next_dist_1e8vcs8._.js:791
[ 1207832ms] [LOG] [Fast Refresh] done in 8ms @ http://localhost:3000/_next/static/chunks/node_modules_next_dist_1e8vcs8._.js:791
[ 1207880ms] [LOG] [Fast Refresh] done in 8ms @ http://localhost:3000/_next/static/chunks/node_modules_next_dist_1e8vcs8._.js:791
[ 1207933ms] [LOG] [Fast Refresh] done in 8ms @ http://localhost:3000/_next/static/chunks/node_modules_next_dist_1e8vcs8._.js:791
[ 1207984ms] [LOG] [Fast Refresh] done in 8ms @ http://localhost:3000/_next/static/chunks/node_modules_next_dist_1e8vcs8._.js:791
[ 1208035ms] [LOG] [Fast Refresh] done in 8ms @ http://localhost:3000/_next/static/chunks/node_modules_next_dist_1e8vcs8._.js:791
[ 1208084ms] [LOG] [Fast Refresh] done in 8ms @ http://localhost:3000/_next/static/chunks/node_modules_next_dist_1e8vcs8._.js:791
[ 1208134ms] [LOG] [Fast Refresh] done in 8ms @ http://localhost:3000/_next/static/chunks/node_modules_next_dist_1e8vcs8._.js:791
[ 1208187ms] [LOG] [Fast Refresh] done in 8ms @ http://localhost:3000/_next/static/chunks/node_modules_next_dist_1e8vcs8._.js:791
[ 1208249ms] [LOG] [Fast Refresh] done in 8ms @ http://localhost:3000/_next/static/chunks/node_modules_next_dist_1e8vcs8._.js:791
[ 1208290ms] [LOG] [Fast Refresh] done in 8ms @ http://localhost:3000/_next/static/chunks/node_modules_next_dist_1e8vcs8._.js:791
[ 1208333ms] [LOG] [Fast Refresh] done in 8ms @ http://localhost:3000/_next/static/chunks/node_modules_next_dist_1e8vcs8._.js:791
[ 1208381ms] [LOG] [Fast Refresh] done in 8ms @ http://localhost:3000/_next/static/chunks/node_modules_next_dist_1e8vcs8._.js:791
[ 1208427ms] [LOG] [Fast Refresh] done in 8ms @ http://localhost:3000/_next/static/chunks/node_modules_next_dist_1e8vcs8._.js:791
[ 1208489ms] [LOG] [Fast Refresh] done in 8ms @ http://localhost:3000/_next/static/chunks/node_modules_next_dist_1e8vcs8._.js:791
[ 1208538ms] [LOG] [Fast Refresh] done in 8ms @ http://localhost:3000/_next/static/chunks/node_modules_next_dist_1e8vcs8._.js:791
[ 1208594ms] [LOG] [Fast Refresh] done in 8ms @ http://localhost:3000/_next/static/chunks/node_modules_next_dist_1e8vcs8._.js:791
[ 1208642ms] [LOG] [Fast Refresh] done in 8ms @ http://localhost:3000/_next/static/chunks/node_modules_next_dist_1e8vcs8._.js:791
[ 1208679ms] [LOG] [Fast Refresh] done in 8ms @ http://localhost:3000/_next/static/chunks/node_modules_next_dist_1e8vcs8._.js:791
[ 1208739ms] [LOG] [Fast Refresh] done in 8ms @ http://localhost:3000/_next/static/chunks/node_modules_next_dist_1e8vcs8._.js:791
[ 1208787ms] [LOG] [Fast Refresh] done in 8ms @ http://localhost:3000/_next/static/chunks/node_modules_next_dist_1e8vcs8._.js:791
[ 1208842ms] [LOG] [Fast Refresh] done in 8ms @ http://localhost:3000/_next/static/chunks/node_modules_next_dist_1e8vcs8._.js:791
[ 1208895ms] [LOG] [Fast Refresh] done in 8ms @ http://localhost:3000/_next/static/chunks/node_modules_next_dist_1e8vcs8._.js:791
[ 1208947ms] [LOG] [Fast Refresh] done in 8ms @ http://localhost:3000/_next/static/chunks/node_modules_next_dist_1e8vcs8._.js:791
[ 1208995ms] [LOG] [Fast Refresh] done in 8ms @ http://localhost:3000/_next/static/chunks/node_modules_next_dist_1e8vcs8._.js:791
[ 1209043ms] [LOG] [Fast Refresh] done in 8ms @ http://localhost:3000/_next/static/chunks/node_modules_next_dist_1e8vcs8._.js:791
[ 1209106ms] [LOG] [Fast Refresh] done in 8ms @ http://localhost:3000/_next/static/chunks/node_modules_next_dist_1e8vcs8._.js:791
[ 1209154ms] [LOG] [Fast Refresh] done in 8ms @ http://localhost:3000/_next/static/chunks/node_modules_next_dist_1e8vcs8._.js:791
[ 1209205ms] [LOG] [Fast Refresh] done in 8ms @ http://localhost:3000/_next/static/chunks/node_modules_next_dist_1e8vcs8._.js:791
[ 1209259ms] [LOG] [Fast Refresh] done in 8ms @ http://localhost:3000/_next/static/chunks/node_modules_next_dist_1e8vcs8._.js:791
[ 1209310ms] [LOG] [Fast Refresh] done in 8ms @ http://localhost:3000/_next/static/chunks/node_modules_next_dist_1e8vcs8._.js:791
[ 1209362ms] [LOG] [Fast Refresh] done in 8ms @ http://localhost:3000/_next/static/chunks/node_modules_next_dist_1e8vcs8._.js:791
[ 1209413ms] [LOG] [Fast Refresh] done in 8ms @ http://localhost:3000/_next/static/chunks/node_modules_next_dist_1e8vcs8._.js:791
[ 1209463ms] [LOG] [Fast Refresh] done in 8ms @ http://localhost:3000/_next/static/chunks/node_modules_next_dist_1e8vcs8._.js:791
[ 1209511ms] [LOG] [Fast Refresh] done in 8ms @ http://localhost:3000/_next/static/chunks/node_modules_next_dist_1e8vcs8._.js:791
[ 1209562ms] [LOG] [Fast Refresh] done in 8ms @ http://localhost:3000/_next/static/chunks/node_modules_next_dist_1e8vcs8._.js:791
[ 1209611ms] [LOG] [Fast Refresh] done in 8ms @ http://localhost:3000/_next/static/chunks/node_modules_next_dist_1e8vcs8._.js:791
[ 1209650ms] [LOG] [Fast Refresh] done in 8ms @ http://localhost:3000/_next/static/chunks/node_modules_next_dist_1e8vcs8._.js:791
[ 1209712ms] [LOG] [Fast Refresh] done in 8ms @ http://localhost:3000/_next/static/chunks/node_modules_next_dist_1e8vcs8._.js:791
[ 1209768ms] [LOG] [Fast Refresh] done in 8ms @ http://localhost:3000/_next/static/chunks/node_modules_next_dist_1e8vcs8._.js:791
[ 1209830ms] [LOG] [Fast Refresh] done in 8ms @ http://localhost:3000/_next/static/chunks/node_modules_next_dist_1e8vcs8._.js:791
[ 1209893ms] [LOG] [Fast Refresh] done in 8ms @ http://localhost:3000/_next/static/chunks/node_modules_next_dist_1e8vcs8._.js:791
[ 1209949ms] [LOG] [Fast Refresh] done in 8ms @ http://localhost:3000/_next/static/chunks/node_modules_next_dist_1e8vcs8._.js:791
[ 1209998ms] [LOG] [Fast Refresh] done in 8ms @ http://localhost:3000/_next/static/chunks/node_modules_next_dist_1e8vcs8._.js:791
[ 1210061ms] [LOG] [Fast Refresh] done in 8ms @ http://localhost:3000/_next/static/chunks/node_modules_next_dist_1e8vcs8._.js:791
[ 1210116ms] [LOG] [Fast Refresh] done in 8ms @ http://localhost:3000/_next/static/chunks/node_modules_next_dist_1e8vcs8._.js:791
[ 1210166ms] [LOG] [Fast Refresh] done in 8ms @ http://localhost:3000/_next/static/chunks/node_modules_next_dist_1e8vcs8._.js:791
[ 1210217ms] [LOG] [Fast Refresh] done in 8ms @ http://localhost:3000/_next/static/chunks/node_modules_next_dist_1e8vcs8._.js:791
[ 1210264ms] [LOG] [Fast Refresh] done in 8ms @ http://localhost:3000/_next/static/chunks/node_modules_next_dist_1e8vcs8._.js:791
[ 1210316ms] [LOG] [Fast Refresh] done in 8ms @ http://localhost:3000/_next/static/chunks/node_modules_next_dist_1e8vcs8._.js:791
[ 1210379ms] [LOG] [Fast Refresh] done in 8ms @ http://localhost:3000/_next/static/chunks/node_modules_next_dist_1e8vcs8._.js:791
[ 1210439ms] [LOG] [Fast Refresh] done in 8ms @ http://localhost:3000/_next/static/chunks/node_modules_next_dist_1e8vcs8._.js:791
[ 1210502ms] [LOG] [Fast Refresh] done in 8ms @ http://localhost:3000/_next/static/chunks/node_modules_next_dist_1e8vcs8._.js:791
[ 1210563ms] [LOG] [Fast Refresh] done in 8ms @ http://localhost:3000/_next/static/chunks/node_modules_next_dist_1e8vcs8._.js:791
[ 1210615ms] [LOG] [Fast Refresh] done in 8ms @ http://localhost:3000/_next/static/chunks/node_modules_next_dist_1e8vcs8._.js:791
[ 1210678ms] [LOG] [Fast Refresh] done in 8ms @ http://localhost:3000/_next/static/chunks/node_modules_next_dist_1e8vcs8._.js:791
[ 1210732ms] [LOG] [Fast Refresh] done in 8ms @ http://localhost:3000/_next/static/chunks/node_modules_next_dist_1e8vcs8._.js:791
[ 1210795ms] [LOG] [Fast Refresh] done in 8ms @ http://localhost:3000/_next/static/chunks/node_modules_next_dist_1e8vcs8._.js:791
[ 1210856ms] [LOG] [Fast Refresh] done in 8ms @ http://localhost:3000/_next/static/chunks/node_modules_next_dist_1e8vcs8._.js:791
[ 1210911ms] [LOG] [Fast Refresh] done in 8ms @ http://localhost:3000/_next/static/chunks/node_modules_next_dist_1e8vcs8._.js:791
[ 1210963ms] [LOG] [Fast Refresh] done in 8ms @ http://localhost:3000/_next/static/chunks/node_modules_next_dist_1e8vcs8._.js:791
[ 1211012ms] [LOG] [Fast Refresh] done in 8ms @ http://localhost:3000/_next/static/chunks/node_modules_next_dist_1e8vcs8._.js:791
[ 1211075ms] [LOG] [Fast Refresh] done in 8ms @ http://localhost:3000/_next/static/chunks/node_modules_next_dist_1e8vcs8._.js:791
[ 1211129ms] [LOG] [Fast Refresh] done in 8ms @ http://localhost:3000/_next/static/chunks/node_modules_next_dist_1e8vcs8._.js:791
[ 1211192ms] [LOG] [Fast Refresh] done in 8ms @ http://localhost:3000/_next/static/chunks/node_modules_next_dist_1e8vcs8._.js:791
[ 1211255ms] [LOG] [Fast Refresh] done in 8ms @ http://localhost:3000/_next/static/chunks/node_modules_next_dist_1e8vcs8._.js:791
[ 1211308ms] [LOG] [Fast Refresh] done in 8ms @ http://localhost:3000/_next/static/chunks/node_modules_next_dist_1e8vcs8._.js:791
[ 1211362ms] [LOG] [Fast Refresh] done in 8ms @ http://localhost:3000/_next/static/chunks/node_modules_next_dist_1e8vcs8._.js:791
[ 1211426ms] [LOG] [Fast Refresh] done in 8ms @ http://localhost:3000/_next/static/chunks/node_modules_next_dist_1e8vcs8._.js:791
[ 1211478ms] [LOG] [Fast Refresh] done in 8ms @ http://localhost:3000/_next/static/chunks/node_modules_next_dist_1e8vcs8._.js:791
[ 1211526ms] [LOG] [Fast Refresh] done in 8ms @ http://localhost:3000/_next/static/chunks/node_modules_next_dist_1e8vcs8._.js:791
[ 1211569ms] [LOG] [Fast Refresh] done in 8ms @ http://localhost:3000/_next/static/chunks/node_modules_next_dist_1e8vcs8._.js:791
[ 1211626ms] [LOG] [Fast Refresh] done in 8ms @ http://localhost:3000/_next/static/chunks/node_modules_next_dist_1e8vcs8._.js:791
[ 1211661ms] [LOG] [Fast Refresh] done in 8ms @ http://localhost:3000/_next/static/chunks/node_modules_next_dist_1e8vcs8._.js:791
[ 1211723ms] [LOG] [Fast Refresh] done in 8ms @ http://localhost:3000/_next/static/chunks/node_modules_next_dist_1e8vcs8._.js:791
[ 1211785ms] [LOG] [Fast Refresh] done in 8ms @ http://localhost:3000/_next/static/chunks/node_modules_next_dist_1e8vcs8._.js:791
[ 1211849ms] [LOG] [Fast Refresh] done in 8ms @ http://localhost:3000/_next/static/chunks/node_modules_next_dist_1e8vcs8._.js:791
[ 1211912ms] [LOG] [Fast Refresh] done in 8ms @ http://localhost:3000/_next/static/chunks/node_modules_next_dist_1e8vcs8._.js:791
[ 1211970ms] [LOG] [Fast Refresh] done in 8ms @ http://localhost:3000/_next/static/chunks/node_modules_next_dist_1e8vcs8._.js:791
[ 1212033ms] [LOG] [Fast Refresh] done in 8ms @ http://localhost:3000/_next/static/chunks/node_modules_next_dist_1e8vcs8._.js:791
[ 1212094ms] [LOG] [Fast Refresh] done in 8ms @ http://localhost:3000/_next/static/chunks/node_modules_next_dist_1e8vcs8._.js:791
[ 1212156ms] [LOG] [Fast Refresh] done in 8ms @ http://localhost:3000/_next/static/chunks/node_modules_next_dist_1e8vcs8._.js:791
[ 1212218ms] [LOG] [Fast Refresh] done in 8ms @ http://localhost:3000/_next/static/chunks/node_modules_next_dist_1e8vcs8._.js:791
[ 1212280ms] [LOG] [Fast Refresh] done in 8ms @ http://localhost:3000/_next/static/chunks/node_modules_next_dist_1e8vcs8._.js:791
[ 1212342ms] [LOG] [Fast Refresh] done in 8ms @ http://localhost:3000/_next/static/chunks/node_modules_next_dist_1e8vcs8._.js:791
[ 1212405ms] [LOG] [Fast Refresh] done in 8ms @ http://localhost:3000/_next/static/chunks/node_modules_next_dist_1e8vcs8._.js:791
[ 1212468ms] [LOG] [Fast Refresh] done in 8ms @ http://localhost:3000/_next/static/chunks/node_modules_next_dist_1e8vcs8._.js:791
[ 1212531ms] [LOG] [Fast Refresh] done in 8ms @ http://localhost:3000/_next/static/chunks/node_modules_next_dist_1e8vcs8._.js:791
[ 1212593ms] [LOG] [Fast Refresh] done in 8ms @ http://localhost:3000/_next/static/chunks/node_modules_next_dist_1e8vcs8._.js:791
[ 1212654ms] [LOG] [Fast Refresh] done in 8ms @ http://localhost:3000/_next/static/chunks/node_modules_next_dist_1e8vcs8._.js:791
[ 1212716ms] [LOG] [Fast Refresh] done in 8ms @ http://localhost:3000/_next/static/chunks/node_modules_next_dist_1e8vcs8._.js:791
[ 1212777ms] [LOG] [Fast Refresh] done in 8ms @ http://localhost:3000/_next/static/chunks/node_modules_next_dist_1e8vcs8._.js:791
[ 1212826ms] [LOG] [Fast Refresh] done in 8ms @ http://localhost:3000/_next/static/chunks/node_modules_next_dist_1e8vcs8._.js:791
[ 1212888ms] [LOG] [Fast Refresh] done in 8ms @ http://localhost:3000/_next/static/chunks/node_modules_next_dist_1e8vcs8._.js:791
[ 1212950ms] [LOG] [Fast Refresh] done in 8ms @ http://localhost:3000/_next/static/chunks/node_modules_next_dist_1e8vcs8._.js:791
[ 1213012ms] [LOG] [Fast Refresh] done in 8ms @ http://localhost:3000/_next/static/chunks/node_modules_next_dist_1e8vcs8._.js:791
[ 1213074ms] [LOG] [Fast Refresh] done in 8ms @ http://localhost:3000/_next/static/chunks/node_modules_next_dist_1e8vcs8._.js:791
[ 1213137ms] [LOG] [Fast Refresh] done in 8ms @ http://localhost:3000/_next/static/chunks/node_modules_next_dist_1e8vcs8._.js:791
[ 1213194ms] [LOG] [Fast Refresh] done in 8ms @ http://localhost:3000/_next/static/chunks/node_modules_next_dist_1e8vcs8._.js:791
[ 1213255ms] [LOG] [Fast Refresh] done in 8ms @ http://localhost:3000/_next/static/chunks/node_modules_next_dist_1e8vcs8._.js:791
[ 1213318ms] [LOG] [Fast Refresh] done in 8ms @ http://localhost:3000/_next/static/chunks/node_modules_next_dist_1e8vcs8._.js:791
[ 1213381ms] [LOG] [Fast Refresh] done in 8ms @ http://localhost:3000/_next/static/chunks/node_modules_next_dist_1e8vcs8._.js:791
[ 1213443ms] [LOG] [Fast Refresh] done in 8ms @ http://localhost:3000/_next/static/chunks/node_modules_next_dist_1e8vcs8._.js:791
[ 1213504ms] [LOG] [Fast Refresh] done in 8ms @ http://localhost:3000/_next/static/chunks/node_modules_next_dist_1e8vcs8._.js:791
[ 1213566ms] [LOG] [Fast Refresh] done in 8ms @ http://localhost:3000/_next/static/chunks/node_modules_next_dist_1e8vcs8._.js:791
[ 1213628ms] [LOG] [Fast Refresh] done in 8ms @ http://localhost:3000/_next/static/chunks/node_modules_next_dist_1e8vcs8._.js:791
[ 1213691ms] [LOG] [Fast Refresh] done in 8ms @ http://localhost:3000/_next/static/chunks/node_modules_next_dist_1e8vcs8._.js:791
[ 1213753ms] [LOG] [Fast Refresh] done in 8ms @ http://localhost:3000/_next/static/chunks/node_modules_next_dist_1e8vcs8._.js:791
[ 1213816ms] [LOG] [Fast Refresh] done in 8ms @ http://localhost:3000/_next/static/chunks/node_modules_next_dist_1e8vcs8._.js:791
[ 1213880ms] [LOG] [Fast Refresh] done in 8ms @ http://localhost:3000/_next/static/chunks/node_modules_next_dist_1e8vcs8._.js:791
[ 1213928ms] [LOG] [Fast Refresh] done in 8ms @ http://localhost:3000/_next/static/chunks/node_modules_next_dist_1e8vcs8._.js:791
[ 1213990ms] [LOG] [Fast Refresh] done in 8ms @ http://localhost:3000/_next/static/chunks/node_modules_next_dist_1e8vcs8._.js:791
[ 1214053ms] [LOG] [Fast Refresh] done in 8ms @ http://localhost:3000/_next/static/chunks/node_modules_next_dist_1e8vcs8._.js:791
[ 1214116ms] [LOG] [Fast Refresh] done in 8ms @ http://localhost:3000/_next/static/chunks/node_modules_next_dist_1e8vcs8._.js:791
[ 1214178ms] [LOG] [Fast Refresh] done in 8ms @ http://localhost:3000/_next/static/chunks/node_modules_next_dist_1e8vcs8._.js:791
[ 1214240ms] [LOG] [Fast Refresh] done in 8ms @ http://localhost:3000/_next/static/chunks/node_modules_next_dist_1e8vcs8._.js:791
[ 1214303ms] [LOG] [Fast Refresh] done in 8ms @ http://localhost:3000/_next/static/chunks/node_modules_next_dist_1e8vcs8._.js:791
[ 1214365ms] [LOG] [Fast Refresh] done in 8ms @ http://localhost:3000/_next/static/chunks/node_modules_next_dist_1e8vcs8._.js:791
[ 1214427ms] [LOG] [Fast Refresh] done in 8ms @ http://localhost:3000/_next/static/chunks/node_modules_next_dist_1e8vcs8._.js:791
[ 1214487ms] [LOG] [Fast Refresh] done in 8ms @ http://localhost:3000/_next/static/chunks/node_modules_next_dist_1e8vcs8._.js:791
[ 1214550ms] [LOG] [Fast Refresh] done in 8ms @ http://localhost:3000/_next/static/chunks/node_modules_next_dist_1e8vcs8._.js:791
[ 1214611ms] [LOG] [Fast Refresh] done in 8ms @ http://localhost:3000/_next/static/chunks/node_modules_next_dist_1e8vcs8._.js:791
[ 1214673ms] [LOG] [Fast Refresh] done in 8ms @ http://localhost:3000/_next/static/chunks/node_modules_next_dist_1e8vcs8._.js:791
[ 1214736ms] [LOG] [Fast Refresh] done in 8ms @ http://localhost:3000/_next/static/chunks/node_modules_next_dist_1e8vcs8._.js:791
[ 1214797ms] [LOG] [Fast Refresh] done in 8ms @ http://localhost:3000/_next/static/chunks/node_modules_next_dist_1e8vcs8._.js:791
[ 1214860ms] [LOG] [Fast Refresh] done in 8ms @ http://localhost:3000/_next/static/chunks/node_modules_next_dist_1e8vcs8._.js:791
[ 1214923ms] [LOG] [Fast Refresh] done in 8ms @ http://localhost:3000/_next/static/chunks/node_modules_next_dist_1e8vcs8._.js:791
[ 1214986ms] [LOG] [Fast Refresh] done in 8ms @ http://localhost:3000/_next/static/chunks/node_modules_next_dist_1e8vcs8._.js:791
[ 1215049ms] [LOG] [Fast Refresh] done in 8ms @ http://localhost:3000/_next/static/chunks/node_modules_next_dist_1e8vcs8._.js:791
[ 1215112ms] [LOG] [Fast Refresh] done in 8ms @ http://localhost:3000/_next/static/chunks/node_modules_next_dist_1e8vcs8._.js:791
[ 1215176ms] [LOG] [Fast Refresh] done in 8ms @ http://localhost:3000/_next/static/chunks/node_modules_next_dist_1e8vcs8._.js:791
[ 1215238ms] [LOG] [Fast Refresh] done in 8ms @ http://localhost:3000/_next/static/chunks/node_modules_next_dist_1e8vcs8._.js:791
[ 1215286ms] [LOG] [Fast Refresh] done in 8ms @ http://localhost:3000/_next/static/chunks/node_modules_next_dist_1e8vcs8._.js:791
[ 1215337ms] [LOG] [Fast Refresh] done in 8ms @ http://localhost:3000/_next/static/chunks/node_modules_next_dist_1e8vcs8._.js:791
[ 1215397ms] [LOG] [Fast Refresh] done in 8ms @ http://localhost:3000/_next/static/chunks/node_modules_next_dist_1e8vcs8._.js:791
[ 1215460ms] [LOG] [Fast Refresh] done in 8ms @ http://localhost:3000/_next/static/chunks/node_modules_next_dist_1e8vcs8._.js:791
[ 1215522ms] [LOG] [Fast Refresh] done in 8ms @ http://localhost:3000/_next/static/chunks/node_modules_next_dist_1e8vcs8._.js:791
[ 1215585ms] [LOG] [Fast Refresh] done in 8ms @ http://localhost:3000/_next/static/chunks/node_modules_next_dist_1e8vcs8._.js:791
[ 1215648ms] [LOG] [Fast Refresh] done in 8ms @ http://localhost:3000/_next/static/chunks/node_modules_next_dist_1e8vcs8._.js:791
[ 1215711ms] [LOG] [Fast Refresh] done in 8ms @ http://localhost:3000/_next/static/chunks/node_modules_next_dist_1e8vcs8._.js:791
[ 1215773ms] [LOG] [Fast Refresh] done in 8ms @ http://localhost:3000/_next/static/chunks/node_modules_next_dist_1e8vcs8._.js:791
[ 1215837ms] [LOG] [Fast Refresh] done in 8ms @ http://localhost:3000/_next/static/chunks/node_modules_next_dist_1e8vcs8._.js:791
[ 1215899ms] [LOG] [Fast Refresh] done in 8ms @ http://localhost:3000/_next/static/chunks/node_modules_next_dist_1e8vcs8._.js:791
[ 1215960ms] [LOG] [Fast Refresh] done in 8ms @ http://localhost:3000/_next/static/chunks/node_modules_next_dist_1e8vcs8._.js:791
[ 1216023ms] [LOG] [Fast Refresh] done in 8ms @ http://localhost:3000/_next/static/chunks/node_modules_next_dist_1e8vcs8._.js:791
[ 1216086ms] [LOG] [Fast Refresh] done in 8ms @ http://localhost:3000/_next/static/chunks/node_modules_next_dist_1e8vcs8._.js:791
[ 1216148ms] [LOG] [Fast Refresh] done in 8ms @ http://localhost:3000/_next/static/chunks/node_modules_next_dist_1e8vcs8._.js:791
[ 1216210ms] [LOG] [Fast Refresh] done in 8ms @ http://localhost:3000/_next/static/chunks/node_modules_next_dist_1e8vcs8._.js:791
[ 1216258ms] [LOG] [Fast Refresh] done in 8ms @ http://localhost:3000/_next/static/chunks/node_modules_next_dist_1e8vcs8._.js:791
[ 1216320ms] [LOG] [Fast Refresh] done in 8ms @ http://localhost:3000/_next/static/chunks/node_modules_next_dist_1e8vcs8._.js:791
[ 1216382ms] [LOG] [Fast Refresh] done in 8ms @ http://localhost:3000/_next/static/chunks/node_modules_next_dist_1e8vcs8._.js:791
[ 1216444ms] [LOG] [Fast Refresh] done in 8ms @ http://localhost:3000/_next/static/chunks/node_modules_next_dist_1e8vcs8._.js:791
[ 1216506ms] [LOG] [Fast Refresh] done in 8ms @ http://localhost:3000/_next/static/chunks/node_modules_next_dist_1e8vcs8._.js:791
[ 1216569ms] [LOG] [Fast Refresh] done in 8ms @ http://localhost:3000/_next/static/chunks/node_modules_next_dist_1e8vcs8._.js:791
[ 1216632ms] [LOG] [Fast Refresh] done in 8ms @ http://localhost:3000/_next/static/chunks/node_modules_next_dist_1e8vcs8._.js:791
[ 1216693ms] [LOG] [Fast Refresh] done in 8ms @ http://localhost:3000/_next/static/chunks/node_modules_next_dist_1e8vcs8._.js:791
[ 1216756ms] [LOG] [Fast Refresh] done in 8ms @ http://localhost:3000/_next/static/chunks/node_modules_next_dist_1e8vcs8._.js:791
[ 1216819ms] [LOG] [Fast Refresh] done in 8ms @ http://localhost:3000/_next/static/chunks/node_modules_next_dist_1e8vcs8._.js:791
[ 1216867ms] [LOG] [Fast Refresh] done in 8ms @ http://localhost:3000/_next/static/chunks/node_modules_next_dist_1e8vcs8._.js:791
[ 1216930ms] [LOG] [Fast Refresh] done in 8ms @ http://localhost:3000/_next/static/chunks/node_modules_next_dist_1e8vcs8._.js:791
[ 1216991ms] [LOG] [Fast Refresh] done in 8ms @ http://localhost:3000/_next/static/chunks/node_modules_next_dist_1e8vcs8._.js:791
[ 1217054ms] [LOG] [Fast Refresh] done in 8ms @ http://localhost:3000/_next/static/chunks/node_modules_next_dist_1e8vcs8._.js:791
[ 1217101ms] [LOG] [Fast Refresh] done in 8ms @ http://localhost:3000/_next/static/chunks/node_modules_next_dist_1e8vcs8._.js:791
[ 1217164ms] [LOG] [Fast Refresh] done in 8ms @ http://localhost:3000/_next/static/chunks/node_modules_next_dist_1e8vcs8._.js:791
[ 1217226ms] [LOG] [Fast Refresh] done in 8ms @ http://localhost:3000/_next/static/chunks/node_modules_next_dist_1e8vcs8._.js:791
[ 1217290ms] [LOG] [Fast Refresh] done in 8ms @ http://localhost:3000/_next/static/chunks/node_modules_next_dist_1e8vcs8._.js:791
[ 1217352ms] [LOG] [Fast Refresh] done in 8ms @ http://localhost:3000/_next/static/chunks/node_modules_next_dist_1e8vcs8._.js:791
[ 1217415ms] [LOG] [Fast Refresh] done in 8ms @ http://localhost:3000/_next/static/chunks/node_modules_next_dist_1e8vcs8._.js:791
[ 1217477ms] [LOG] [Fast Refresh] done in 8ms @ http://localhost:3000/_next/static/chunks/node_modules_next_dist_1e8vcs8._.js:791
[ 1217539ms] [LOG] [Fast Refresh] done in 8ms @ http://localhost:3000/_next/static/chunks/node_modules_next_dist_1e8vcs8._.js:791
[ 1217602ms] [LOG] [Fast Refresh] done in 8ms @ http://localhost:3000/_next/static/chunks/node_modules_next_dist_1e8vcs8._.js:791
[ 1217664ms] [LOG] [Fast Refresh] done in 8ms @ http://localhost:3000/_next/static/chunks/node_modules_next_dist_1e8vcs8._.js:791
[ 1217728ms] [LOG] [Fast Refresh] done in 8ms @ http://localhost:3000/_next/static/chunks/node_modules_next_dist_1e8vcs8._.js:791
[ 1217790ms] [LOG] [Fast Refresh] done in 8ms @ http://localhost:3000/_next/static/chunks/node_modules_next_dist_1e8vcs8._.js:791
[ 1217838ms] [LOG] [Fast Refresh] done in 8ms @ http://localhost:3000/_next/static/chunks/node_modules_next_dist_1e8vcs8._.js:791
[ 1217901ms] [LOG] [Fast Refresh] done in 8ms @ http://localhost:3000/_next/static/chunks/node_modules_next_dist_1e8vcs8._.js:791
[ 1217949ms] [LOG] [Fast Refresh] done in 8ms @ http://localhost:3000/_next/static/chunks/node_modules_next_dist_1e8vcs8._.js:791
[ 1218011ms] [LOG] [Fast Refresh] done in 8ms @ http://localhost:3000/_next/static/chunks/node_modules_next_dist_1e8vcs8._.js:791
[ 1218073ms] [LOG] [Fast Refresh] done in 8ms @ http://localhost:3000/_next/static/chunks/node_modules_next_dist_1e8vcs8._.js:791
[ 1218136ms] [LOG] [Fast Refresh] done in 8ms @ http://localhost:3000/_next/static/chunks/node_modules_next_dist_1e8vcs8._.js:791
[ 1218200ms] [LOG] [Fast Refresh] done in 8ms @ http://localhost:3000/_next/static/chunks/node_modules_next_dist_1e8vcs8._.js:791
[ 1218262ms] [LOG] [Fast Refresh] done in 8ms @ http://localhost:3000/_next/static/chunks/node_modules_next_dist_1e8vcs8._.js:791
[ 1218323ms] [LOG] [Fast Refresh] done in 8ms @ http://localhost:3000/_next/static/chunks/node_modules_next_dist_1e8vcs8._.js:791
[ 1218385ms] [LOG] [Fast Refresh] done in 8ms @ http://localhost:3000/_next/static/chunks/node_modules_next_dist_1e8vcs8._.js:791
[ 1218448ms] [LOG] [Fast Refresh] done in 8ms @ http://localhost:3000/_next/static/chunks/node_modules_next_dist_1e8vcs8._.js:791
[ 1218510ms] [LOG] [Fast Refresh] done in 8ms @ http://localhost:3000/_next/static/chunks/node_modules_next_dist_1e8vcs8._.js:791
[ 1218573ms] [LOG] [Fast Refresh] done in 8ms @ http://localhost:3000/_next/static/chunks/node_modules_next_dist_1e8vcs8._.js:791
[ 1218635ms] [LOG] [Fast Refresh] done in 8ms @ http://localhost:3000/_next/static/chunks/node_modules_next_dist_1e8vcs8._.js:791
[ 1218699ms] [LOG] [Fast Refresh] done in 8ms @ http://localhost:3000/_next/static/chunks/node_modules_next_dist_1e8vcs8._.js:791
[ 1218762ms] [LOG] [Fast Refresh] done in 8ms @ http://localhost:3000/_next/static/chunks/node_modules_next_dist_1e8vcs8._.js:791
[ 1218823ms] [LOG] [Fast Refresh] done in 8ms @ http://localhost:3000/_next/static/chunks/node_modules_next_dist_1e8vcs8._.js:791
[ 1218872ms] [LOG] [Fast Refresh] done in 8ms @ http://localhost:3000/_next/static/chunks/node_modules_next_dist_1e8vcs8._.js:791
[ 1218934ms] [LOG] [Fast Refresh] done in 8ms @ http://localhost:3000/_next/static/chunks/node_modules_next_dist_1e8vcs8._.js:791
[ 1218996ms] [LOG] [Fast Refresh] done in 8ms @ http://localhost:3000/_next/static/chunks/node_modules_next_dist_1e8vcs8._.js:791
[ 1219059ms] [LOG] [Fast Refresh] done in 8ms @ http://localhost:3000/_next/static/chunks/node_modules_next_dist_1e8vcs8._.js:791
[ 1219121ms] [LOG] [Fast Refresh] done in 8ms @ http://localhost:3000/_next/static/chunks/node_modules_next_dist_1e8vcs8._.js:791
[ 1219183ms] [LOG] [Fast Refresh] done in 8ms @ http://localhost:3000/_next/static/chunks/node_modules_next_dist_1e8vcs8._.js:791
[ 1219246ms] [LOG] [Fast Refresh] done in 8ms @ http://localhost:3000/_next/static/chunks/node_modules_next_dist_1e8vcs8._.js:791
[ 1219309ms] [LOG] [Fast Refresh] done in 8ms @ http://localhost:3000/_next/static/chunks/node_modules_next_dist_1e8vcs8._.js:791
[ 1219371ms] [LOG] [Fast Refresh] done in 8ms @ http://localhost:3000/_next/static/chunks/node_modules_next_dist_1e8vcs8._.js:791
[ 1219433ms] [LOG] [Fast Refresh] done in 8ms @ http://localhost:3000/_next/static/chunks/node_modules_next_dist_1e8vcs8._.js:791
[ 1219495ms] [LOG] [Fast Refresh] done in 8ms @ http://localhost:3000/_next/static/chunks/node_modules_next_dist_1e8vcs8._.js:791
[ 1219557ms] [LOG] [Fast Refresh] done in 8ms @ http://localhost:3000/_next/static/chunks/node_modules_next_dist_1e8vcs8._.js:791
[ 1219621ms] [LOG] [Fast Refresh] done in 8ms @ http://localhost:3000/_next/static/chunks/node_modules_next_dist_1e8vcs8._.js:791
[ 1219683ms] [LOG] [Fast Refresh] done in 8ms @ http://localhost:3000/_next/static/chunks/node_modules_next_dist_1e8vcs8._.js:791
[ 1219731ms] [LOG] [Fast Refresh] done in 8ms @ http://localhost:3000/_next/static/chunks/node_modules_next_dist_1e8vcs8._.js:791
[ 1219794ms] [LOG] [Fast Refresh] done in 8ms @ http://localhost:3000/_next/static/chunks/node_modules_next_dist_1e8vcs8._.js:791
[ 1219857ms] [LOG] [Fast Refresh] done in 8ms @ http://localhost:3000/_next/static/chunks/node_modules_next_dist_1e8vcs8._.js:791
[ 1219919ms] [LOG] [Fast Refresh] done in 8ms @ http://localhost:3000/_next/static/chunks/node_modules_next_dist_1e8vcs8._.js:791
[ 1219981ms] [LOG] [Fast Refresh] done in 8ms @ http://localhost:3000/_next/static/chunks/node_modules_next_dist_1e8vcs8._.js:791
[ 1220044ms] [LOG] [Fast Refresh] done in 8ms @ http://localhost:3000/_next/static/chunks/node_modules_next_dist_1e8vcs8._.js:791
[ 1220107ms] [LOG] [Fast Refresh] done in 8ms @ http://localhost:3000/_next/static/chunks/node_modules_next_dist_1e8vcs8._.js:791
[ 1220170ms] [LOG] [Fast Refresh] done in 8ms @ http://localhost:3000/_next/static/chunks/node_modules_next_dist_1e8vcs8._.js:791
[ 1220233ms] [LOG] [Fast Refresh] done in 8ms @ http://localhost:3000/_next/static/chunks/node_modules_next_dist_1e8vcs8._.js:791
[ 1220297ms] [LOG] [Fast Refresh] done in 8ms @ http://localhost:3000/_next/static/chunks/node_modules_next_dist_1e8vcs8._.js:791
[ 1220360ms] [LOG] [Fast Refresh] done in 8ms @ http://localhost:3000/_next/static/chunks/node_modules_next_dist_1e8vcs8._.js:791
[ 1220422ms] [LOG] [Fast Refresh] done in 8ms @ http://localhost:3000/_next/static/chunks/node_modules_next_dist_1e8vcs8._.js:791
[ 1220485ms] [LOG] [Fast Refresh] done in 8ms @ http://localhost:3000/_next/static/chunks/node_modules_next_dist_1e8vcs8._.js:791
[ 1220548ms] [LOG] [Fast Refresh] done in 8ms @ http://localhost:3000/_next/static/chunks/node_modules_next_dist_1e8vcs8._.js:791
[ 1220610ms] [LOG] [Fast Refresh] done in 8ms @ http://localhost:3000/_next/static/chunks/node_modules_next_dist_1e8vcs8._.js:791
[ 1220673ms] [LOG] [Fast Refresh] done in 8ms @ http://localhost:3000/_next/static/chunks/node_modules_next_dist_1e8vcs8._.js:791
[ 1220721ms] [LOG] [Fast Refresh] done in 8ms @ http://localhost:3000/_next/static/chunks/node_modules_next_dist_1e8vcs8._.js:791
[ 1220784ms] [LOG] [Fast Refresh] done in 8ms @ http://localhost:3000/_next/static/chunks/node_modules_next_dist_1e8vcs8._.js:791
[ 1220846ms] [LOG] [Fast Refresh] done in 8ms @ http://localhost:3000/_next/static/chunks/node_modules_next_dist_1e8vcs8._.js:791
[ 1220909ms] [LOG] [Fast Refresh] done in 8ms @ http://localhost:3000/_next/static/chunks/node_modules_next_dist_1e8vcs8._.js:791
[ 1220949ms] [LOG] [Fast Refresh] rebuilding @ http://localhost:3000/_next/static/chunks/node_modules_next_dist_1e8vcs8._.js:791
[ 1221019ms] [LOG] [Fast Refresh] done in 7ms @ http://localhost:3000/_next/static/chunks/node_modules_next_dist_1e8vcs8._.js:791
[ 1221086ms] [LOG] [Fast Refresh] done in 7ms @ http://localhost:3000/_next/static/chunks/node_modules_next_dist_1e8vcs8._.js:791
[ 1221152ms] [LOG] [Fast Refresh] done in 7ms @ http://localhost:3000/_next/static/chunks/node_modules_next_dist_1e8vcs8._.js:791
[ 1221208ms] [LOG] [Fast Refresh] done in 7ms @ http://localhost:3000/_next/static/chunks/node_modules_next_dist_1e8vcs8._.js:791
[ 1221271ms] [LOG] [Fast Refresh] done in 7ms @ http://localhost:3000/_next/static/chunks/node_modules_next_dist_1e8vcs8._.js:791
[ 1221334ms] [LOG] [Fast Refresh] done in 7ms @ http://localhost:3000/_next/static/chunks/node_modules_next_dist_1e8vcs8._.js:791
[ 1221397ms] [LOG] [Fast Refresh] done in 7ms @ http://localhost:3000/_next/static/chunks/node_modules_next_dist_1e8vcs8._.js:791
[ 1221459ms] [LOG] [Fast Refresh] done in 7ms @ http://localhost:3000/_next/static/chunks/node_modules_next_dist_1e8vcs8._.js:791
[ 1221521ms] [LOG] [Fast Refresh] done in 7ms @ http://localhost:3000/_next/static/chunks/node_modules_next_dist_1e8vcs8._.js:791
[ 1221584ms] [LOG] [Fast Refresh] done in 7ms @ http://localhost:3000/_next/static/chunks/node_modules_next_dist_1e8vcs8._.js:791
[ 1221645ms] [LOG] [Fast Refresh] done in 7ms @ http://localhost:3000/_next/static/chunks/node_modules_next_dist_1e8vcs8._.js:791
[ 1221707ms] [LOG] [Fast Refresh] done in 7ms @ http://localhost:3000/_next/static/chunks/node_modules_next_dist_1e8vcs8._.js:791
[ 1221770ms] [LOG] [Fast Refresh] done in 7ms @ http://localhost:3000/_next/static/chunks/node_modules_next_dist_1e8vcs8._.js:791
[ 1221831ms] [LOG] [Fast Refresh] done in 7ms @ http://localhost:3000/_next/static/chunks/node_modules_next_dist_1e8vcs8._.js:791
[ 1221893ms] [LOG] [Fast Refresh] done in 7ms @ http://localhost:3000/_next/static/chunks/node_modules_next_dist_1e8vcs8._.js:791
[ 1221956ms] [LOG] [Fast Refresh] done in 7ms @ http://localhost:3000/_next/static/chunks/node_modules_next_dist_1e8vcs8._.js:791
[ 1222026ms] [LOG] [Fast Refresh] done in 7ms @ http://localhost:3000/_next/static/chunks/node_modules_next_dist_1e8vcs8._.js:791
[ 1222084ms] [LOG] [Fast Refresh] done in 7ms @ http://localhost:3000/_next/static/chunks/node_modules_next_dist_1e8vcs8._.js:791
[ 1222145ms] [LOG] [Fast Refresh] done in 7ms @ http://localhost:3000/_next/static/chunks/node_modules_next_dist_1e8vcs8._.js:791
[ 1222209ms] [LOG] [Fast Refresh] done in 7ms @ http://localhost:3000/_next/static/chunks/node_modules_next_dist_1e8vcs8._.js:791
[ 1222272ms] [LOG] [Fast Refresh] done in 7ms @ http://localhost:3000/_next/static/chunks/node_modules_next_dist_1e8vcs8._.js:791
[ 1222334ms] [LOG] [Fast Refresh] done in 7ms @ http://localhost:3000/_next/static/chunks/node_modules_next_dist_1e8vcs8._.js:791
[ 1222395ms] [LOG] [Fast Refresh] done in 7ms @ http://localhost:3000/_next/static/chunks/node_modules_next_dist_1e8vcs8._.js:791
[ 1222458ms] [LOG] [Fast Refresh] done in 7ms @ http://localhost:3000/_next/static/chunks/node_modules_next_dist_1e8vcs8._.js:791
[ 1222521ms] [LOG] [Fast Refresh] done in 7ms @ http://localhost:3000/_next/static/chunks/node_modules_next_dist_1e8vcs8._.js:791
[ 1222584ms] [LOG] [Fast Refresh] done in 7ms @ http://localhost:3000/_next/static/chunks/node_modules_next_dist_1e8vcs8._.js:791
[ 1222647ms] [LOG] [Fast Refresh] done in 7ms @ http://localhost:3000/_next/static/chunks/node_modules_next_dist_1e8vcs8._.js:791
[ 1222708ms] [LOG] [Fast Refresh] done in 7ms @ http://localhost:3000/_next/static/chunks/node_modules_next_dist_1e8vcs8._.js:791
[ 1222771ms] [LOG] [Fast Refresh] done in 7ms @ http://localhost:3000/_next/static/chunks/node_modules_next_dist_1e8vcs8._.js:791
[ 1222834ms] [LOG] [Fast Refresh] done in 7ms @ http://localhost:3000/_next/static/chunks/node_modules_next_dist_1e8vcs8._.js:791
[ 1222895ms] [LOG] [Fast Refresh] done in 7ms @ http://localhost:3000/_next/static/chunks/node_modules_next_dist_1e8vcs8._.js:791
[ 1222956ms] [LOG] [Fast Refresh] done in 7ms @ http://localhost:3000/_next/static/chunks/node_modules_next_dist_1e8vcs8._.js:791
[ 1223018ms] [LOG] [Fast Refresh] done in 7ms @ http://localhost:3000/_next/static/chunks/node_modules_next_dist_1e8vcs8._.js:791
[ 1223080ms] [LOG] [Fast Refresh] done in 7ms @ http://localhost:3000/_next/static/chunks/node_modules_next_dist_1e8vcs8._.js:791
[ 1223144ms] [LOG] [Fast Refresh] done in 7ms @ http://localhost:3000/_next/static/chunks/node_modules_next_dist_1e8vcs8._.js:791
[ 1223205ms] [LOG] [Fast Refresh] done in 7ms @ http://localhost:3000/_next/static/chunks/node_modules_next_dist_1e8vcs8._.js:791
[ 1223268ms] [LOG] [Fast Refresh] done in 7ms @ http://localhost:3000/_next/static/chunks/node_modules_next_dist_1e8vcs8._.js:791
[ 1223331ms] [LOG] [Fast Refresh] done in 7ms @ http://localhost:3000/_next/static/chunks/node_modules_next_dist_1e8vcs8._.js:791
[ 1223393ms] [LOG] [Fast Refresh] done in 7ms @ http://localhost:3000/_next/static/chunks/node_modules_next_dist_1e8vcs8._.js:791
[ 1223455ms] [LOG] [Fast Refresh] done in 7ms @ http://localhost:3000/_next/static/chunks/node_modules_next_dist_1e8vcs8._.js:791
[ 1223506ms] [LOG] [Fast Refresh] done in 7ms @ http://localhost:3000/_next/static/chunks/node_modules_next_dist_1e8vcs8._.js:791
[ 1223554ms] [LOG] [Fast Refresh] done in 7ms @ http://localhost:3000/_next/static/chunks/node_modules_next_dist_1e8vcs8._.js:791
[ 1223617ms] [LOG] [Fast Refresh] done in 7ms @ http://localhost:3000/_next/static/chunks/node_modules_next_dist_1e8vcs8._.js:791
[ 1223680ms] [LOG] [Fast Refresh] done in 7ms @ http://localhost:3000/_next/static/chunks/node_modules_next_dist_1e8vcs8._.js:791
[ 1223741ms] [LOG] [Fast Refresh] done in 7ms @ http://localhost:3000/_next/static/chunks/node_modules_next_dist_1e8vcs8._.js:791
[ 1223804ms] [LOG] [Fast Refresh] done in 7ms @ http://localhost:3000/_next/static/chunks/node_modules_next_dist_1e8vcs8._.js:791
[ 1223850ms] [LOG] [Fast Refresh] done in 7ms @ http://localhost:3000/_next/static/chunks/node_modules_next_dist_1e8vcs8._.js:791
[ 1223913ms] [LOG] [Fast Refresh] done in 7ms @ http://localhost:3000/_next/static/chunks/node_modules_next_dist_1e8vcs8._.js:791
[ 1223975ms] [LOG] [Fast Refresh] done in 7ms @ http://localhost:3000/_next/static/chunks/node_modules_next_dist_1e8vcs8._.js:791
[ 1224037ms] [LOG] [Fast Refresh] done in 7ms @ http://localhost:3000/_next/static/chunks/node_modules_next_dist_1e8vcs8._.js:791
[ 1224098ms] [LOG] [Fast Refresh] done in 7ms @ http://localhost:3000/_next/static/chunks/node_modules_next_dist_1e8vcs8._.js:791
[ 1224162ms] [LOG] [Fast Refresh] done in 7ms @ http://localhost:3000/_next/static/chunks/node_modules_next_dist_1e8vcs8._.js:791
[ 1224224ms] [LOG] [Fast Refresh] done in 7ms @ http://localhost:3000/_next/static/chunks/node_modules_next_dist_1e8vcs8._.js:791
[ 1224285ms] [LOG] [Fast Refresh] done in 7ms @ http://localhost:3000/_next/static/chunks/node_modules_next_dist_1e8vcs8._.js:791
[ 1224348ms] [LOG] [Fast Refresh] done in 7ms @ http://localhost:3000/_next/static/chunks/node_modules_next_dist_1e8vcs8._.js:791
[ 1224410ms] [LOG] [Fast Refresh] done in 7ms @ http://localhost:3000/_next/static/chunks/node_modules_next_dist_1e8vcs8._.js:791
[ 1224457ms] [LOG] [Fast Refresh] done in 7ms @ http://localhost:3000/_next/static/chunks/node_modules_next_dist_1e8vcs8._.js:791
[ 1224520ms] [LOG] [Fast Refresh] done in 7ms @ http://localhost:3000/_next/static/chunks/node_modules_next_dist_1e8vcs8._.js:791
[ 1224584ms] [LOG] [Fast Refresh] done in 7ms @ http://localhost:3000/_next/static/chunks/node_modules_next_dist_1e8vcs8._.js:791
[ 1224647ms] [LOG] [Fast Refresh] done in 7ms @ http://localhost:3000/_next/static/chunks/node_modules_next_dist_1e8vcs8._.js:791
[ 1224710ms] [LOG] [Fast Refresh] done in 7ms @ http://localhost:3000/_next/static/chunks/node_modules_next_dist_1e8vcs8._.js:791
[ 1224773ms] [LOG] [Fast Refresh] done in 7ms @ http://localhost:3000/_next/static/chunks/node_modules_next_dist_1e8vcs8._.js:791
[ 1224836ms] [LOG] [Fast Refresh] done in 7ms @ http://localhost:3000/_next/static/chunks/node_modules_next_dist_1e8vcs8._.js:791
[ 1224897ms] [LOG] [Fast Refresh] done in 7ms @ http://localhost:3000/_next/static/chunks/node_modules_next_dist_1e8vcs8._.js:791
[ 1224961ms] [LOG] [Fast Refresh] done in 7ms @ http://localhost:3000/_next/static/chunks/node_modules_next_dist_1e8vcs8._.js:791
[ 1225008ms] [LOG] [Fast Refresh] done in 7ms @ http://localhost:3000/_next/static/chunks/node_modules_next_dist_1e8vcs8._.js:791
[ 1225071ms] [LOG] [Fast Refresh] done in 7ms @ http://localhost:3000/_next/static/chunks/node_modules_next_dist_1e8vcs8._.js:791
[ 1225134ms] [LOG] [Fast Refresh] done in 7ms @ http://localhost:3000/_next/static/chunks/node_modules_next_dist_1e8vcs8._.js:791
[ 1225196ms] [LOG] [Fast Refresh] done in 7ms @ http://localhost:3000/_next/static/chunks/node_modules_next_dist_1e8vcs8._.js:791
[ 1225258ms] [LOG] [Fast Refresh] done in 7ms @ http://localhost:3000/_next/static/chunks/node_modules_next_dist_1e8vcs8._.js:791
[ 1225319ms] [LOG] [Fast Refresh] done in 7ms @ http://localhost:3000/_next/static/chunks/node_modules_next_dist_1e8vcs8._.js:791
[ 1225366ms] [LOG] [Fast Refresh] done in 7ms @ http://localhost:3000/_next/static/chunks/node_modules_next_dist_1e8vcs8._.js:791
[ 1225429ms] [LOG] [Fast Refresh] done in 7ms @ http://localhost:3000/_next/static/chunks/node_modules_next_dist_1e8vcs8._.js:791
[ 1225491ms] [LOG] [Fast Refresh] done in 7ms @ http://localhost:3000/_next/static/chunks/node_modules_next_dist_1e8vcs8._.js:791
[ 1225553ms] [LOG] [Fast Refresh] done in 7ms @ http://localhost:3000/_next/static/chunks/node_modules_next_dist_1e8vcs8._.js:791
[ 1225615ms] [LOG] [Fast Refresh] done in 7ms @ http://localhost:3000/_next/static/chunks/node_modules_next_dist_1e8vcs8._.js:791
[ 1225662ms] [LOG] [Fast Refresh] done in 7ms @ http://localhost:3000/_next/static/chunks/node_modules_next_dist_1e8vcs8._.js:791
[ 1225724ms] [LOG] [Fast Refresh] done in 7ms @ http://localhost:3000/_next/static/chunks/node_modules_next_dist_1e8vcs8._.js:791
[ 1225786ms] [LOG] [Fast Refresh] done in 7ms @ http://localhost:3000/_next/static/chunks/node_modules_next_dist_1e8vcs8._.js:791
[ 1225848ms] [LOG] [Fast Refresh] done in 7ms @ http://localhost:3000/_next/static/chunks/node_modules_next_dist_1e8vcs8._.js:791
[ 1225910ms] [LOG] [Fast Refresh] done in 7ms @ http://localhost:3000/_next/static/chunks/node_modules_next_dist_1e8vcs8._.js:791
[ 1225971ms] [LOG] [Fast Refresh] done in 7ms @ http://localhost:3000/_next/static/chunks/node_modules_next_dist_1e8vcs8._.js:791
[ 1226034ms] [LOG] [Fast Refresh] done in 7ms @ http://localhost:3000/_next/static/chunks/node_modules_next_dist_1e8vcs8._.js:791
[ 1226096ms] [LOG] [Fast Refresh] done in 7ms @ http://localhost:3000/_next/static/chunks/node_modules_next_dist_1e8vcs8._.js:791
[ 1226157ms] [LOG] [Fast Refresh] done in 7ms @ http://localhost:3000/_next/static/chunks/node_modules_next_dist_1e8vcs8._.js:791
[ 1226221ms] [LOG] [Fast Refresh] done in 7ms @ http://localhost:3000/_next/static/chunks/node_modules_next_dist_1e8vcs8._.js:791
[ 1226283ms] [LOG] [Fast Refresh] done in 7ms @ http://localhost:3000/_next/static/chunks/node_modules_next_dist_1e8vcs8._.js:791
[ 1226345ms] [LOG] [Fast Refresh] done in 7ms @ http://localhost:3000/_next/static/chunks/node_modules_next_dist_1e8vcs8._.js:791
[ 1226408ms] [LOG] [Fast Refresh] done in 7ms @ http://localhost:3000/_next/static/chunks/node_modules_next_dist_1e8vcs8._.js:791
[ 1226470ms] [LOG] [Fast Refresh] done in 7ms @ http://localhost:3000/_next/static/chunks/node_modules_next_dist_1e8vcs8._.js:791
[ 1226532ms] [LOG] [Fast Refresh] done in 7ms @ http://localhost:3000/_next/static/chunks/node_modules_next_dist_1e8vcs8._.js:791
[ 1226595ms] [LOG] [Fast Refresh] done in 7ms @ http://localhost:3000/_next/static/chunks/node_modules_next_dist_1e8vcs8._.js:791
[ 1226658ms] [LOG] [Fast Refresh] done in 7ms @ http://localhost:3000/_next/static/chunks/node_modules_next_dist_1e8vcs8._.js:791
[ 1226720ms] [LOG] [Fast Refresh] done in 7ms @ http://localhost:3000/_next/static/chunks/node_modules_next_dist_1e8vcs8._.js:791
[ 1226769ms] [LOG] [Fast Refresh] done in 7ms @ http://localhost:3000/_next/static/chunks/node_modules_next_dist_1e8vcs8._.js:791
[ 1226830ms] [LOG] [Fast Refresh] done in 7ms @ http://localhost:3000/_next/static/chunks/node_modules_next_dist_1e8vcs8._.js:791
[ 1226893ms] [LOG] [Fast Refresh] done in 7ms @ http://localhost:3000/_next/static/chunks/node_modules_next_dist_1e8vcs8._.js:791
[ 1226955ms] [LOG] [Fast Refresh] done in 7ms @ http://localhost:3000/_next/static/chunks/node_modules_next_dist_1e8vcs8._.js:791
[ 1227017ms] [LOG] [Fast Refresh] done in 7ms @ http://localhost:3000/_next/static/chunks/node_modules_next_dist_1e8vcs8._.js:791
[ 1227079ms] [LOG] [Fast Refresh] done in 7ms @ http://localhost:3000/_next/static/chunks/node_modules_next_dist_1e8vcs8._.js:791
[ 1227141ms] [LOG] [Fast Refresh] done in 7ms @ http://localhost:3000/_next/static/chunks/node_modules_next_dist_1e8vcs8._.js:791
[ 1227202ms] [LOG] [Fast Refresh] done in 7ms @ http://localhost:3000/_next/static/chunks/node_modules_next_dist_1e8vcs8._.js:791
[ 1227265ms] [LOG] [Fast Refresh] done in 7ms @ http://localhost:3000/_next/static/chunks/node_modules_next_dist_1e8vcs8._.js:791
[ 1227326ms] [LOG] [Fast Refresh] done in 7ms @ http://localhost:3000/_next/static/chunks/node_modules_next_dist_1e8vcs8._.js:791
[ 1227389ms] [LOG] [Fast Refresh] done in 7ms @ http://localhost:3000/_next/static/chunks/node_modules_next_dist_1e8vcs8._.js:791
[ 1227452ms] [LOG] [Fast Refresh] done in 7ms @ http://localhost:3000/_next/static/chunks/node_modules_next_dist_1e8vcs8._.js:791
[ 1227515ms] [LOG] [Fast Refresh] done in 7ms @ http://localhost:3000/_next/static/chunks/node_modules_next_dist_1e8vcs8._.js:791
[ 1227578ms] [LOG] [Fast Refresh] done in 7ms @ http://localhost:3000/_next/static/chunks/node_modules_next_dist_1e8vcs8._.js:791
[ 1227639ms] [LOG] [Fast Refresh] done in 7ms @ http://localhost:3000/_next/static/chunks/node_modules_next_dist_1e8vcs8._.js:791
[ 1227702ms] [LOG] [Fast Refresh] done in 7ms @ http://localhost:3000/_next/static/chunks/node_modules_next_dist_1e8vcs8._.js:791
[ 1227764ms] [LOG] [Fast Refresh] done in 7ms @ http://localhost:3000/_next/static/chunks/node_modules_next_dist_1e8vcs8._.js:791
[ 1227813ms] [LOG] [Fast Refresh] done in 7ms @ http://localhost:3000/_next/static/chunks/node_modules_next_dist_1e8vcs8._.js:791
[ 1227875ms] [LOG] [Fast Refresh] done in 7ms @ http://localhost:3000/_next/static/chunks/node_modules_next_dist_1e8vcs8._.js:791
[ 1227938ms] [LOG] [Fast Refresh] done in 7ms @ http://localhost:3000/_next/static/chunks/node_modules_next_dist_1e8vcs8._.js:791
[ 1228001ms] [LOG] [Fast Refresh] done in 7ms @ http://localhost:3000/_next/static/chunks/node_modules_next_dist_1e8vcs8._.js:791
[ 1228063ms] [LOG] [Fast Refresh] done in 7ms @ http://localhost:3000/_next/static/chunks/node_modules_next_dist_1e8vcs8._.js:791
[ 1228128ms] [LOG] [Fast Refresh] done in 7ms @ http://localhost:3000/_next/static/chunks/node_modules_next_dist_1e8vcs8._.js:791
[ 1228188ms] [LOG] [Fast Refresh] done in 7ms @ http://localhost:3000/_next/static/chunks/node_modules_next_dist_1e8vcs8._.js:791
[ 1228250ms] [LOG] [Fast Refresh] done in 7ms @ http://localhost:3000/_next/static/chunks/node_modules_next_dist_1e8vcs8._.js:791
[ 1228313ms] [LOG] [Fast Refresh] done in 7ms @ http://localhost:3000/_next/static/chunks/node_modules_next_dist_1e8vcs8._.js:791
[ 1228374ms] [LOG] [Fast Refresh] done in 7ms @ http://localhost:3000/_next/static/chunks/node_modules_next_dist_1e8vcs8._.js:791
[ 1228436ms] [LOG] [Fast Refresh] done in 7ms @ http://localhost:3000/_next/static/chunks/node_modules_next_dist_1e8vcs8._.js:791
[ 1228499ms] [LOG] [Fast Refresh] done in 7ms @ http://localhost:3000/_next/static/chunks/node_modules_next_dist_1e8vcs8._.js:791
[ 1228563ms] [LOG] [Fast Refresh] done in 7ms @ http://localhost:3000/_next/static/chunks/node_modules_next_dist_1e8vcs8._.js:791
[ 1228626ms] [LOG] [Fast Refresh] done in 7ms @ http://localhost:3000/_next/static/chunks/node_modules_next_dist_1e8vcs8._.js:791
[ 1228688ms] [LOG] [Fast Refresh] done in 7ms @ http://localhost:3000/_next/static/chunks/node_modules_next_dist_1e8vcs8._.js:791
[ 1228751ms] [LOG] [Fast Refresh] done in 7ms @ http://localhost:3000/_next/static/chunks/node_modules_next_dist_1e8vcs8._.js:791
[ 1228814ms] [LOG] [Fast Refresh] done in 7ms @ http://localhost:3000/_next/static/chunks/node_modules_next_dist_1e8vcs8._.js:791
[ 1228876ms] [LOG] [Fast Refresh] done in 7ms @ http://localhost:3000/_next/static/chunks/node_modules_next_dist_1e8vcs8._.js:791
[ 1228938ms] [LOG] [Fast Refresh] done in 7ms @ http://localhost:3000/_next/static/chunks/node_modules_next_dist_1e8vcs8._.js:791
[ 1229000ms] [LOG] [Fast Refresh] done in 7ms @ http://localhost:3000/_next/static/chunks/node_modules_next_dist_1e8vcs8._.js:791
[ 1229062ms] [LOG] [Fast Refresh] done in 7ms @ http://localhost:3000/_next/static/chunks/node_modules_next_dist_1e8vcs8._.js:791
[ 1229124ms] [LOG] [Fast Refresh] done in 7ms @ http://localhost:3000/_next/static/chunks/node_modules_next_dist_1e8vcs8._.js:791
[ 1229186ms] [LOG] [Fast Refresh] done in 7ms @ http://localhost:3000/_next/static/chunks/node_modules_next_dist_1e8vcs8._.js:791
[ 1229249ms] [LOG] [Fast Refresh] done in 7ms @ http://localhost:3000/_next/static/chunks/node_modules_next_dist_1e8vcs8._.js:791
[ 1229312ms] [LOG] [Fast Refresh] done in 7ms @ http://localhost:3000/_next/static/chunks/node_modules_next_dist_1e8vcs8._.js:791
[ 1229374ms] [LOG] [Fast Refresh] done in 7ms @ http://localhost:3000/_next/static/chunks/node_modules_next_dist_1e8vcs8._.js:791
[ 1229436ms] [LOG] [Fast Refresh] done in 7ms @ http://localhost:3000/_next/static/chunks/node_modules_next_dist_1e8vcs8._.js:791
[ 1229497ms] [LOG] [Fast Refresh] done in 7ms @ http://localhost:3000/_next/static/chunks/node_modules_next_dist_1e8vcs8._.js:791
[ 1229559ms] [LOG] [Fast Refresh] done in 7ms @ http://localhost:3000/_next/static/chunks/node_modules_next_dist_1e8vcs8._.js:791
[ 1229621ms] [LOG] [Fast Refresh] done in 7ms @ http://localhost:3000/_next/static/chunks/node_modules_next_dist_1e8vcs8._.js:791
[ 1229683ms] [LOG] [Fast Refresh] done in 7ms @ http://localhost:3000/_next/static/chunks/node_modules_next_dist_1e8vcs8._.js:791
[ 1229746ms] [LOG] [Fast Refresh] done in 7ms @ http://localhost:3000/_next/static/chunks/node_modules_next_dist_1e8vcs8._.js:791
[ 1229794ms] [LOG] [Fast Refresh] done in 7ms @ http://localhost:3000/_next/static/chunks/node_modules_next_dist_1e8vcs8._.js:791
[ 1229842ms] [LOG] [Fast Refresh] done in 7ms @ http://localhost:3000/_next/static/chunks/node_modules_next_dist_1e8vcs8._.js:791
[ 1229905ms] [LOG] [Fast Refresh] done in 7ms @ http://localhost:3000/_next/static/chunks/node_modules_next_dist_1e8vcs8._.js:791
[ 1229968ms] [LOG] [Fast Refresh] done in 7ms @ http://localhost:3000/_next/static/chunks/node_modules_next_dist_1e8vcs8._.js:791
[ 1230029ms] [LOG] [Fast Refresh] done in 7ms @ http://localhost:3000/_next/static/chunks/node_modules_next_dist_1e8vcs8._.js:791
[ 1230092ms] [LOG] [Fast Refresh] done in 7ms @ http://localhost:3000/_next/static/chunks/node_modules_next_dist_1e8vcs8._.js:791
[ 1230155ms] [LOG] [Fast Refresh] done in 7ms @ http://localhost:3000/_next/static/chunks/node_modules_next_dist_1e8vcs8._.js:791
[ 1230217ms] [LOG] [Fast Refresh] done in 7ms @ http://localhost:3000/_next/static/chunks/node_modules_next_dist_1e8vcs8._.js:791
[ 1230279ms] [LOG] [Fast Refresh] done in 7ms @ http://localhost:3000/_next/static/chunks/node_modules_next_dist_1e8vcs8._.js:791
[ 1230342ms] [LOG] [Fast Refresh] done in 7ms @ http://localhost:3000/_next/static/chunks/node_modules_next_dist_1e8vcs8._.js:791
[ 1230438ms] [LOG] [Fast Refresh] rebuilding @ http://localhost:3000/_next/static/chunks/node_modules_next_dist_1e8vcs8._.js:791
[ 1230519ms] [LOG] [Fast Refresh] done in 8ms @ http://localhost:3000/_next/static/chunks/node_modules_next_dist_1e8vcs8._.js:791
[ 1230580ms] [LOG] [Fast Refresh] done in 8ms @ http://localhost:3000/_next/static/chunks/node_modules_next_dist_1e8vcs8._.js:791
[ 1230643ms] [LOG] [Fast Refresh] done in 8ms @ http://localhost:3000/_next/static/chunks/node_modules_next_dist_1e8vcs8._.js:791
[ 1230703ms] [LOG] [Fast Refresh] done in 8ms @ http://localhost:3000/_next/static/chunks/node_modules_next_dist_1e8vcs8._.js:791
[ 1230767ms] [LOG] [Fast Refresh] done in 8ms @ http://localhost:3000/_next/static/chunks/node_modules_next_dist_1e8vcs8._.js:791
[ 1230828ms] [LOG] [Fast Refresh] done in 8ms @ http://localhost:3000/_next/static/chunks/node_modules_next_dist_1e8vcs8._.js:791
[ 1230890ms] [LOG] [Fast Refresh] done in 8ms @ http://localhost:3000/_next/static/chunks/node_modules_next_dist_1e8vcs8._.js:791
[ 1230952ms] [LOG] [Fast Refresh] done in 8ms @ http://localhost:3000/_next/static/chunks/node_modules_next_dist_1e8vcs8._.js:791
[ 1230999ms] [LOG] [Fast Refresh] done in 8ms @ http://localhost:3000/_next/static/chunks/node_modules_next_dist_1e8vcs8._.js:791
[ 1231062ms] [LOG] [Fast Refresh] done in 8ms @ http://localhost:3000/_next/static/chunks/node_modules_next_dist_1e8vcs8._.js:791
[ 1231124ms] [LOG] [Fast Refresh] done in 8ms @ http://localhost:3000/_next/static/chunks/node_modules_next_dist_1e8vcs8._.js:791
[ 1231186ms] [LOG] [Fast Refresh] done in 8ms @ http://localhost:3000/_next/static/chunks/node_modules_next_dist_1e8vcs8._.js:791
[ 1231249ms] [LOG] [Fast Refresh] done in 8ms @ http://localhost:3000/_next/static/chunks/node_modules_next_dist_1e8vcs8._.js:791
[ 1231312ms] [LOG] [Fast Refresh] done in 8ms @ http://localhost:3000/_next/static/chunks/node_modules_next_dist_1e8vcs8._.js:791
[ 1231376ms] [LOG] [Fast Refresh] done in 8ms @ http://localhost:3000/_next/static/chunks/node_modules_next_dist_1e8vcs8._.js:791
[ 1231440ms] [LOG] [Fast Refresh] done in 8ms @ http://localhost:3000/_next/static/chunks/node_modules_next_dist_1e8vcs8._.js:791
[ 1231505ms] [LOG] [Fast Refresh] done in 8ms @ http://localhost:3000/_next/static/chunks/node_modules_next_dist_1e8vcs8._.js:791
[ 1231565ms] [LOG] [Fast Refresh] done in 8ms @ http://localhost:3000/_next/static/chunks/node_modules_next_dist_1e8vcs8._.js:791
[ 1231628ms] [LOG] [Fast Refresh] done in 8ms @ http://localhost:3000/_next/static/chunks/node_modules_next_dist_1e8vcs8._.js:791
[ 1231690ms] [LOG] [Fast Refresh] done in 8ms @ http://localhost:3000/_next/static/chunks/node_modules_next_dist_1e8vcs8._.js:791
[ 1231752ms] [LOG] [Fast Refresh] done in 8ms @ http://localhost:3000/_next/static/chunks/node_modules_next_dist_1e8vcs8._.js:791
[ 1231815ms] [LOG] [Fast Refresh] done in 8ms @ http://localhost:3000/_next/static/chunks/node_modules_next_dist_1e8vcs8._.js:791
[ 1231878ms] [LOG] [Fast Refresh] done in 8ms @ http://localhost:3000/_next/static/chunks/node_modules_next_dist_1e8vcs8._.js:791
[ 1231941ms] [LOG] [Fast Refresh] done in 8ms @ http://localhost:3000/_next/static/chunks/node_modules_next_dist_1e8vcs8._.js:791
[ 1232003ms] [LOG] [Fast Refresh] done in 8ms @ http://localhost:3000/_next/static/chunks/node_modules_next_dist_1e8vcs8._.js:791
[ 1232065ms] [LOG] [Fast Refresh] done in 8ms @ http://localhost:3000/_next/static/chunks/node_modules_next_dist_1e8vcs8._.js:791
[ 1232136ms] [LOG] [Fast Refresh] done in 8ms @ http://localhost:3000/_next/static/chunks/node_modules_next_dist_1e8vcs8._.js:791
[ 1232189ms] [LOG] [Fast Refresh] done in 8ms @ http://localhost:3000/_next/static/chunks/node_modules_next_dist_1e8vcs8._.js:791
[ 1232251ms] [LOG] [Fast Refresh] done in 8ms @ http://localhost:3000/_next/static/chunks/node_modules_next_dist_1e8vcs8._.js:791
[ 1232315ms] [LOG] [Fast Refresh] done in 8ms @ http://localhost:3000/_next/static/chunks/node_modules_next_dist_1e8vcs8._.js:791
[ 1232376ms] [LOG] [Fast Refresh] done in 8ms @ http://localhost:3000/_next/static/chunks/node_modules_next_dist_1e8vcs8._.js:791
[ 1232439ms] [LOG] [Fast Refresh] done in 8ms @ http://localhost:3000/_next/static/chunks/node_modules_next_dist_1e8vcs8._.js:791
[ 1232486ms] [LOG] [Fast Refresh] done in 8ms @ http://localhost:3000/_next/static/chunks/node_modules_next_dist_1e8vcs8._.js:791
[ 1232549ms] [LOG] [Fast Refresh] done in 8ms @ http://localhost:3000/_next/static/chunks/node_modules_next_dist_1e8vcs8._.js:791
[ 1232612ms] [LOG] [Fast Refresh] done in 8ms @ http://localhost:3000/_next/static/chunks/node_modules_next_dist_1e8vcs8._.js:791
[ 1232674ms] [LOG] [Fast Refresh] done in 8ms @ http://localhost:3000/_next/static/chunks/node_modules_next_dist_1e8vcs8._.js:791
[ 1232736ms] [LOG] [Fast Refresh] done in 8ms @ http://localhost:3000/_next/static/chunks/node_modules_next_dist_1e8vcs8._.js:791
[ 1232798ms] [LOG] [Fast Refresh] done in 8ms @ http://localhost:3000/_next/static/chunks/node_modules_next_dist_1e8vcs8._.js:791
[ 1232860ms] [LOG] [Fast Refresh] done in 8ms @ http://localhost:3000/_next/static/chunks/node_modules_next_dist_1e8vcs8._.js:791
[ 1232910ms] [LOG] [Fast Refresh] done in 8ms @ http://localhost:3000/_next/static/chunks/node_modules_next_dist_1e8vcs8._.js:791
[ 1232970ms] [LOG] [Fast Refresh] done in 8ms @ http://localhost:3000/_next/static/chunks/node_modules_next_dist_1e8vcs8._.js:791
[ 1233032ms] [LOG] [Fast Refresh] done in 8ms @ http://localhost:3000/_next/static/chunks/node_modules_next_dist_1e8vcs8._.js:791
[ 1233093ms] [LOG] [Fast Refresh] done in 8ms @ http://localhost:3000/_next/static/chunks/node_modules_next_dist_1e8vcs8._.js:791
[ 1233157ms] [LOG] [Fast Refresh] done in 8ms @ http://localhost:3000/_next/static/chunks/node_modules_next_dist_1e8vcs8._.js:791
[ 1233205ms] [LOG] [Fast Refresh] done in 8ms @ http://localhost:3000/_next/static/chunks/node_modules_next_dist_1e8vcs8._.js:791
[ 1233266ms] [LOG] [Fast Refresh] done in 8ms @ http://localhost:3000/_next/static/chunks/node_modules_next_dist_1e8vcs8._.js:791
[ 1233329ms] [LOG] [Fast Refresh] done in 8ms @ http://localhost:3000/_next/static/chunks/node_modules_next_dist_1e8vcs8._.js:791
[ 1233392ms] [LOG] [Fast Refresh] done in 8ms @ http://localhost:3000/_next/static/chunks/node_modules_next_dist_1e8vcs8._.js:791
[ 1233454ms] [LOG] [Fast Refresh] done in 8ms @ http://localhost:3000/_next/static/chunks/node_modules_next_dist_1e8vcs8._.js:791
[ 1233517ms] [LOG] [Fast Refresh] done in 8ms @ http://localhost:3000/_next/static/chunks/node_modules_next_dist_1e8vcs8._.js:791
[ 1233579ms] [LOG] [Fast Refresh] done in 8ms @ http://localhost:3000/_next/static/chunks/node_modules_next_dist_1e8vcs8._.js:791
[ 1233642ms] [LOG] [Fast Refresh] done in 8ms @ http://localhost:3000/_next/static/chunks/node_modules_next_dist_1e8vcs8._.js:791
[ 1233689ms] [LOG] [Fast Refresh] done in 8ms @ http://localhost:3000/_next/static/chunks/node_modules_next_dist_1e8vcs8._.js:791
[ 1233751ms] [LOG] [Fast Refresh] done in 8ms @ http://localhost:3000/_next/static/chunks/node_modules_next_dist_1e8vcs8._.js:791
[ 1233814ms] [LOG] [Fast Refresh] done in 8ms @ http://localhost:3000/_next/static/chunks/node_modules_next_dist_1e8vcs8._.js:791
[ 1233876ms] [LOG] [Fast Refresh] done in 8ms @ http://localhost:3000/_next/static/chunks/node_modules_next_dist_1e8vcs8._.js:791
[ 1233938ms] [LOG] [Fast Refresh] done in 8ms @ http://localhost:3000/_next/static/chunks/node_modules_next_dist_1e8vcs8._.js:791
[ 1234000ms] [LOG] [Fast Refresh] done in 8ms @ http://localhost:3000/_next/static/chunks/node_modules_next_dist_1e8vcs8._.js:791
[ 1234063ms] [LOG] [Fast Refresh] done in 8ms @ http://localhost:3000/_next/static/chunks/node_modules_next_dist_1e8vcs8._.js:791
[ 1234126ms] [LOG] [Fast Refresh] done in 8ms @ http://localhost:3000/_next/static/chunks/node_modules_next_dist_1e8vcs8._.js:791
[ 1234188ms] [LOG] [Fast Refresh] done in 8ms @ http://localhost:3000/_next/static/chunks/node_modules_next_dist_1e8vcs8._.js:791
[ 1234249ms] [LOG] [Fast Refresh] done in 8ms @ http://localhost:3000/_next/static/chunks/node_modules_next_dist_1e8vcs8._.js:791
[ 1234312ms] [LOG] [Fast Refresh] done in 8ms @ http://localhost:3000/_next/static/chunks/node_modules_next_dist_1e8vcs8._.js:791
[ 1234368ms] [LOG] [Fast Refresh] done in 8ms @ http://localhost:3000/_next/static/chunks/node_modules_next_dist_1e8vcs8._.js:791
[ 1234430ms] [LOG] [Fast Refresh] done in 8ms @ http://localhost:3000/_next/static/chunks/node_modules_next_dist_1e8vcs8._.js:791
[ 1234493ms] [LOG] [Fast Refresh] done in 8ms @ http://localhost:3000/_next/static/chunks/node_modules_next_dist_1e8vcs8._.js:791
[ 1234555ms] [LOG] [Fast Refresh] done in 8ms @ http://localhost:3000/_next/static/chunks/node_modules_next_dist_1e8vcs8._.js:791
[ 1234617ms] [LOG] [Fast Refresh] done in 8ms @ http://localhost:3000/_next/static/chunks/node_modules_next_dist_1e8vcs8._.js:791
[ 1234680ms] [LOG] [Fast Refresh] done in 8ms @ http://localhost:3000/_next/static/chunks/node_modules_next_dist_1e8vcs8._.js:791
[ 1234741ms] [LOG] [Fast Refresh] done in 8ms @ http://localhost:3000/_next/static/chunks/node_modules_next_dist_1e8vcs8._.js:791
[ 1234804ms] [LOG] [Fast Refresh] done in 8ms @ http://localhost:3000/_next/static/chunks/node_modules_next_dist_1e8vcs8._.js:791
[ 1234866ms] [LOG] [Fast Refresh] done in 8ms @ http://localhost:3000/_next/static/chunks/node_modules_next_dist_1e8vcs8._.js:791
[ 1234929ms] [LOG] [Fast Refresh] done in 8ms @ http://localhost:3000/_next/static/chunks/node_modules_next_dist_1e8vcs8._.js:791
[ 1234991ms] [LOG] [Fast Refresh] done in 8ms @ http://localhost:3000/_next/static/chunks/node_modules_next_dist_1e8vcs8._.js:791
[ 1235054ms] [LOG] [Fast Refresh] done in 8ms @ http://localhost:3000/_next/static/chunks/node_modules_next_dist_1e8vcs8._.js:791
[ 1235116ms] [LOG] [Fast Refresh] done in 8ms @ http://localhost:3000/_next/static/chunks/node_modules_next_dist_1e8vcs8._.js:791
[ 1235163ms] [LOG] [Fast Refresh] done in 8ms @ http://localhost:3000/_next/static/chunks/node_modules_next_dist_1e8vcs8._.js:791
[ 1235225ms] [LOG] [Fast Refresh] done in 8ms @ http://localhost:3000/_next/static/chunks/node_modules_next_dist_1e8vcs8._.js:791
[ 1235287ms] [LOG] [Fast Refresh] done in 8ms @ http://localhost:3000/_next/static/chunks/node_modules_next_dist_1e8vcs8._.js:791
[ 1235349ms] [LOG] [Fast Refresh] done in 8ms @ http://localhost:3000/_next/static/chunks/node_modules_next_dist_1e8vcs8._.js:791
[ 1235410ms] [LOG] [Fast Refresh] done in 8ms @ http://localhost:3000/_next/static/chunks/node_modules_next_dist_1e8vcs8._.js:791
[ 1235474ms] [LOG] [Fast Refresh] done in 8ms @ http://localhost:3000/_next/static/chunks/node_modules_next_dist_1e8vcs8._.js:791
[ 1235538ms] [LOG] [Fast Refresh] done in 8ms @ http://localhost:3000/_next/static/chunks/node_modules_next_dist_1e8vcs8._.js:791
[ 1235599ms] [LOG] [Fast Refresh] done in 8ms @ http://localhost:3000/_next/static/chunks/node_modules_next_dist_1e8vcs8._.js:791
[ 1235662ms] [LOG] [Fast Refresh] done in 8ms @ http://localhost:3000/_next/static/chunks/node_modules_next_dist_1e8vcs8._.js:791
[ 1235724ms] [LOG] [Fast Refresh] done in 8ms @ http://localhost:3000/_next/static/chunks/node_modules_next_dist_1e8vcs8._.js:791
[ 1235786ms] [LOG] [Fast Refresh] done in 8ms @ http://localhost:3000/_next/static/chunks/node_modules_next_dist_1e8vcs8._.js:791
[ 1235849ms] [LOG] [Fast Refresh] done in 8ms @ http://localhost:3000/_next/static/chunks/node_modules_next_dist_1e8vcs8._.js:791
[ 1235912ms] [LOG] [Fast Refresh] done in 8ms @ http://localhost:3000/_next/static/chunks/node_modules_next_dist_1e8vcs8._.js:791
[ 1235974ms] [LOG] [Fast Refresh] done in 8ms @ http://localhost:3000/_next/static/chunks/node_modules_next_dist_1e8vcs8._.js:791
[ 1236036ms] [LOG] [Fast Refresh] done in 8ms @ http://localhost:3000/_next/static/chunks/node_modules_next_dist_1e8vcs8._.js:791
[ 1236098ms] [LOG] [Fast Refresh] done in 8ms @ http://localhost:3000/_next/static/chunks/node_modules_next_dist_1e8vcs8._.js:791
[ 1236161ms] [LOG] [Fast Refresh] done in 8ms @ http://localhost:3000/_next/static/chunks/node_modules_next_dist_1e8vcs8._.js:791
[ 1236224ms] [LOG] [Fast Refresh] done in 8ms @ http://localhost:3000/_next/static/chunks/node_modules_next_dist_1e8vcs8._.js:791
[ 1236286ms] [LOG] [Fast Refresh] done in 8ms @ http://localhost:3000/_next/static/chunks/node_modules_next_dist_1e8vcs8._.js:791
[ 1236348ms] [LOG] [Fast Refresh] done in 8ms @ http://localhost:3000/_next/static/chunks/node_modules_next_dist_1e8vcs8._.js:791
[ 1236409ms] [LOG] [Fast Refresh] done in 8ms @ http://localhost:3000/_next/static/chunks/node_modules_next_dist_1e8vcs8._.js:791
[ 1236471ms] [LOG] [Fast Refresh] done in 8ms @ http://localhost:3000/_next/static/chunks/node_modules_next_dist_1e8vcs8._.js:791
[ 1236533ms] [LOG] [Fast Refresh] done in 8ms @ http://localhost:3000/_next/static/chunks/node_modules_next_dist_1e8vcs8._.js:791
[ 1236593ms] [LOG] [Fast Refresh] done in 8ms @ http://localhost:3000/_next/static/chunks/node_modules_next_dist_1e8vcs8._.js:791
[ 1236656ms] [LOG] [Fast Refresh] done in 8ms @ http://localhost:3000/_next/static/chunks/node_modules_next_dist_1e8vcs8._.js:791
[ 1236718ms] [LOG] [Fast Refresh] done in 8ms @ http://localhost:3000/_next/static/chunks/node_modules_next_dist_1e8vcs8._.js:791
[ 1236782ms] [LOG] [Fast Refresh] done in 8ms @ http://localhost:3000/_next/static/chunks/node_modules_next_dist_1e8vcs8._.js:791
[ 1236843ms] [LOG] [Fast Refresh] done in 8ms @ http://localhost:3000/_next/static/chunks/node_modules_next_dist_1e8vcs8._.js:791
[ 1236906ms] [LOG] [Fast Refresh] done in 8ms @ http://localhost:3000/_next/static/chunks/node_modules_next_dist_1e8vcs8._.js:791
[ 1236953ms] [LOG] [Fast Refresh] done in 8ms @ http://localhost:3000/_next/static/chunks/node_modules_next_dist_1e8vcs8._.js:791
[ 1237015ms] [LOG] [Fast Refresh] done in 8ms @ http://localhost:3000/_next/static/chunks/node_modules_next_dist_1e8vcs8._.js:791
[ 1237077ms] [LOG] [Fast Refresh] done in 8ms @ http://localhost:3000/_next/static/chunks/node_modules_next_dist_1e8vcs8._.js:791
[ 1237141ms] [LOG] [Fast Refresh] done in 8ms @ http://localhost:3000/_next/static/chunks/node_modules_next_dist_1e8vcs8._.js:791
[ 1237203ms] [LOG] [Fast Refresh] done in 8ms @ http://localhost:3000/_next/static/chunks/node_modules_next_dist_1e8vcs8._.js:791
[ 1237266ms] [LOG] [Fast Refresh] done in 8ms @ http://localhost:3000/_next/static/chunks/node_modules_next_dist_1e8vcs8._.js:791
[ 1237314ms] [LOG] [Fast Refresh] done in 8ms @ http://localhost:3000/_next/static/chunks/node_modules_next_dist_1e8vcs8._.js:791
[ 1237362ms] [LOG] [Fast Refresh] done in 8ms @ http://localhost:3000/_next/static/chunks/node_modules_next_dist_1e8vcs8._.js:791
[ 1237424ms] [LOG] [Fast Refresh] done in 8ms @ http://localhost:3000/_next/static/chunks/node_modules_next_dist_1e8vcs8._.js:791
[ 1237485ms] [LOG] [Fast Refresh] done in 8ms @ http://localhost:3000/_next/static/chunks/node_modules_next_dist_1e8vcs8._.js:791
[ 1237548ms] [LOG] [Fast Refresh] done in 8ms @ http://localhost:3000/_next/static/chunks/node_modules_next_dist_1e8vcs8._.js:791
[ 1237610ms] [LOG] [Fast Refresh] done in 8ms @ http://localhost:3000/_next/static/chunks/node_modules_next_dist_1e8vcs8._.js:791
[ 1237673ms] [LOG] [Fast Refresh] done in 8ms @ http://localhost:3000/_next/static/chunks/node_modules_next_dist_1e8vcs8._.js:791
[ 1237735ms] [LOG] [Fast Refresh] done in 8ms @ http://localhost:3000/_next/static/chunks/node_modules_next_dist_1e8vcs8._.js:791
[ 1237797ms] [LOG] [Fast Refresh] done in 8ms @ http://localhost:3000/_next/static/chunks/node_modules_next_dist_1e8vcs8._.js:791
[ 1237860ms] [LOG] [Fast Refresh] done in 8ms @ http://localhost:3000/_next/static/chunks/node_modules_next_dist_1e8vcs8._.js:791
[ 1237923ms] [LOG] [Fast Refresh] done in 8ms @ http://localhost:3000/_next/static/chunks/node_modules_next_dist_1e8vcs8._.js:791
[ 1237986ms] [LOG] [Fast Refresh] done in 8ms @ http://localhost:3000/_next/static/chunks/node_modules_next_dist_1e8vcs8._.js:791
[ 1238049ms] [LOG] [Fast Refresh] done in 8ms @ http://localhost:3000/_next/static/chunks/node_modules_next_dist_1e8vcs8._.js:791
[ 1238112ms] [LOG] [Fast Refresh] done in 8ms @ http://localhost:3000/_next/static/chunks/node_modules_next_dist_1e8vcs8._.js:791
[ 1238177ms] [LOG] [Fast Refresh] done in 8ms @ http://localhost:3000/_next/static/chunks/node_modules_next_dist_1e8vcs8._.js:791
[ 1238238ms] [LOG] [Fast Refresh] done in 8ms @ http://localhost:3000/_next/static/chunks/node_modules_next_dist_1e8vcs8._.js:791
[ 1238301ms] [LOG] [Fast Refresh] done in 8ms @ http://localhost:3000/_next/static/chunks/node_modules_next_dist_1e8vcs8._.js:791
[ 1238365ms] [LOG] [Fast Refresh] done in 8ms @ http://localhost:3000/_next/static/chunks/node_modules_next_dist_1e8vcs8._.js:791
[ 1238428ms] [LOG] [Fast Refresh] done in 8ms @ http://localhost:3000/_next/static/chunks/node_modules_next_dist_1e8vcs8._.js:791
[ 1238493ms] [LOG] [Fast Refresh] done in 8ms @ http://localhost:3000/_next/static/chunks/node_modules_next_dist_1e8vcs8._.js:791
[ 1238554ms] [LOG] [Fast Refresh] done in 8ms @ http://localhost:3000/_next/static/chunks/node_modules_next_dist_1e8vcs8._.js:791
[ 1238616ms] [LOG] [Fast Refresh] done in 8ms @ http://localhost:3000/_next/static/chunks/node_modules_next_dist_1e8vcs8._.js:791
[ 1238678ms] [LOG] [Fast Refresh] done in 8ms @ http://localhost:3000/_next/static/chunks/node_modules_next_dist_1e8vcs8._.js:791
[ 1238741ms] [LOG] [Fast Refresh] done in 8ms @ http://localhost:3000/_next/static/chunks/node_modules_next_dist_1e8vcs8._.js:791
